,Unnamed: 0,sent_id,sys_name,test_set,bleu,sari,fkgl,bertscore_F1,PPL,SLOR,S_axis,M_axis,G_axis,Mref_score,QuestEval,sle,samsa
0,0,1,NTS-h1_default_model,hsplit,82.83991146060845,75.64540825627661,-19.42777777777778,0.8167089223861694,51.72962406625607,2.2409881559635605,0.49999999999937395,1.0,0.901133118730031,0.8290639094125949,0.8906312527619201,-0.992753267288208,50.0
1,1,2,NTS-h1_default_model,hsplit,60.35911889895248,60.51969460247133,-11.765714285714283,0.6536204814910889,20.59629976995841,3.4494141106295144,0.5027640235435814,0.9532338089700252,0.848440065358924,0.7918915966299699,0.8621883740080307,0.678302526473999,30.555555555555557
2,2,3,NTS-h1_default_model,hsplit,93.91044157537527,80.12312608264631,-5.196666666666669,0.9436307549476624,132.09937214206582,0.9041495352609614,0.499999999999693,1.0,1.0,0.8660254037843795,0.9219901274751736,2.344151735305786,100.0
3,3,4,NTS-h1_default_model,hsplit,66.8124885609822,56.16706382581065,-9.830526315789475,0.7569348812103271,48.050049518123465,2.2788494414549048,0.499999999999687,1.0,1.0,0.8660254037843784,0.5197906176249186,1.07151460647583,33.33333333333333
4,4,5,NTS-h1_default_model,hsplit,6.213916408061037,22.73219704361782,-3.84,0.4438264071941376,106.3138601770993,1.3186770772635328,0.625885532463295,0.5530470318512103,0.9667175678776633,0.7375944177368301,0.7661739928578888,3.6991562843322754,7.8125
5,5,6,NTS-h1_default_model,hsplit,63.40466277046863,50.84440405273739,0.0,0.7878513932228088,71.08761672357655,2.1042759515532143,0.49999999999972006,1.0,0.8323657214460987,0.8047427527349355,0.8021823396285376,3.288316011428833,100.0
6,6,7,NTS-h1_default_model,hsplit,91.21679090703871,74.93814664867297,-6.726153846153847,0.927379310131073,41.11563504873945,2.3030357194818496,0.499999999999719,1.0,1.0,0.8660254037843845,0.6645540992418925,0.6918296813964844,100.0
7,7,8,NTS-h1_default_model,hsplit,68.26835693181336,61.84176195444263,-8.619230769230771,0.7329208850860596,108.78230655940855,1.3023912897993395,0.5012235762640938,0.9350695380527151,0.9025154083171837,0.8041795356442528,0.6361547596752644,1.3106749057769775,100.0
8,8,9,NTS-h1_default_model,hsplit,80.29567848001706,33.28971005151726,-13.72848484848485,0.7403323650360107,54.34013561499703,2.5662822083824763,0.49999999999948264,1.0,0.8196119794536801,0.8003673733279116,0.5944532455117614,0.0814728140830993,20.0
9,9,10,NTS-h1_default_model,hsplit,4.8612803010202175,37.583943676536045,-18.59,0.3992616236209869,30.030508408574534,2.8540413337608355,0.7056948482616426,0.47381596933246417,0.8464406985195138,0.6925721738003647,0.5691080878762638,0.9701924324035645,13.88888888888889
10,10,11,NTS-h1_default_model,hsplit,50.749736432468175,55.79875999632012,-5.483157894736844,0.4961974918842316,27.014309081119624,3.527841262293704,0.5078718107206928,0.9706968897545059,0.7597680934634029,0.7697258784244342,0.5473604530096055,2.6688036918640137,50.0
11,11,12,NTS-h1_default_model,hsplit,93.91044157537527,32.065362963950896,-9.130000000000004,0.953506588935852,63.88672828521814,1.6703537469215142,0.49999999999962297,1.0,0.8629841436202931,0.8154225146388167,0.4648807247479757,1.275882601737976,33.33333333333333
12,12,13,NTS-h1_default_model,hsplit,2.6968940441095075,33.12523261052673,-3.7550000000000026,0.6236042380332947,36.15858730463131,2.7766766215513714,0.5441307646743316,0.6687255106012568,0.8309965354722635,0.6913338169945807,0.5425338016615974,3.69183087348938,25.0
13,13,14,NTS-h1_default_model,hsplit,22.84251759902777,52.00453131491268,-5.818461538461541,0.5553733110427856,72.5141710348565,1.5668281423068668,0.6468571610453344,0.6466531190095786,0.9295676893020187,0.7529233099757991,0.4861095031403532,2.3712174892425537,16.666666666666664
14,14,15,NTS-h1_default_model,hsplit,61.74459472770462,56.103147493470686,-9.825,0.773965060710907,36.32967557717997,2.2640377824995195,0.4999999999996817,1.0,1.0,0.8660254037843774,0.7613360837653831,0.7209144830703735,100.0
15,15,16,NTS-h1_default_model,hsplit,91.93227152249176,81.37673229387333,-3.355714285714285,0.940155267715454,12.905608833834073,3.609547658136389,0.499999999999697,1.0,0.9491812537948106,0.846747709878841,0.874327152147495,2.6130220890045166,100.0
16,16,17,NTS-h1_default_model,hsplit,90.36020036098444,30.66473573976588,-4.823333333333334,0.8807502985000609,30.8107115087339,3.077817765222748,0.4999999999997274,1.0,1.0,0.8660254037843862,0.8396272659301758,1.5012624263763428,50.0
17,17,18,NTS-h1_default_model,hsplit,80.91067115702207,72.66414141414141,-10.740000000000002,0.9207056164741516,61.81988890424019,2.368450692441,0.4999999999997364,1.0,1.0,0.8660254037843879,0.4803538786040412,1.4710439443588257,100.0
18,18,19,NTS-h1_default_model,hsplit,48.88290318657944,34.68623083561783,-6.27555555555556,0.4746101200580597,73.71692429099433,1.5731011291976813,0.5133657168564886,0.6870797148560512,0.6707466329812248,0.6286291804304291,0.3211152520444658,2.153870344161988,25.0
19,19,20,NTS-h1_default_model,hsplit,67.62614585942505,61.037790137542885,-5.196666666666669,0.7629690170288086,35.48315865584108,2.152141410796225,0.5114065603493434,0.9223299016384136,0.90899785632228,0.803846216682265,0.7654932936032613,1.2509047985076904,37.5
20,20,21,NTS-h1_default_model,hsplit,40.40910164157909,58.98809366102552,-2.846666666666668,0.7188954353332521,21.572019169779768,2.948207515634084,0.4999999999997099,1.0,0.8191625434293492,0.8002139864972265,0.8594569109735035,3.5188796520233154,100.0
21,21,22,NTS-h1_default_model,hsplit,61.58161554766718,64.10518451091913,-7.698823529411764,0.8486669063568115,95.24175217169474,1.5757021383387613,0.5032412384211479,1.0,0.8620922787207571,0.8157726074255411,0.8416730389330123,1.4341145753860474,25.0
22,22,23,NTS-h1_default_model,hsplit,95.3358935105968,73.68185008321908,-9.284347826086956,0.8367770314216614,60.236990799908526,2.4725874718270404,0.4999999999996036,1.0,1.0,0.8660254037843623,0.8566987926577345,1.6016011238098145,33.33333333333333
23,23,24,NTS-h1_default_model,hsplit,93.51334836242394,72.1554546326866,-7.698823529411764,0.9497602581977844,53.60072609003699,2.5794467734605613,0.4999999999996266,1.0,0.8562438630616513,0.8130505423056155,0.4897525012493134,0.6742220520973206,50.0
24,24,25,NTS-h1_default_model,hsplit,79.69092513916486,64.85645321747683,-15.873939393939397,0.7158430814743042,84.74095688710959,2.048148389667871,0.5008011305585872,0.948007400320246,0.8539052547867927,0.791343580581618,0.4852828317218357,-0.1290662735700607,50.0
25,25,26,NTS-h1_default_model,hsplit,80.40485692593748,79.51784766531463,-11.110370370370374,0.8043450713157654,45.63396320768635,2.16376355854352,0.49999999999955985,1.0,0.9217232082640678,0.8365750957828324,0.5511849793520841,1.0748131275177002,50.0
26,26,27,NTS-h1_default_model,hsplit,68.80430849756435,63.20569136745608,-9.736,0.7984211444854736,39.260865850601824,2.6483558002911542,0.49999999999954897,1.0,0.8458299041944192,0.8094088844807444,0.8313209246046672,1.1359021663665771,50.0
27,27,28,NTS-h1_default_model,hsplit,72.84350501452049,82.17037713926881,-10.080000000000002,0.5776740908622742,166.47327490588074,1.3911767221971851,0.5293356129905799,0.8359812557396565,0.694268031663134,0.6978703200732851,0.7948830987907882,0.9630954265594482,31.25
28,28,29,NTS-h1_default_model,hsplit,71.89085812023328,69.90614328704167,-6.310588235294119,0.8358284235000609,20.68407065845908,3.1071029550730915,0.49999999999962375,1.0,0.8562438630616513,0.8130505423056149,0.6983725527922312,2.824469804763794,50.0
29,29,30,NTS-h1_default_model,hsplit,76.26229343602779,79.41318403592871,-7.163333333333334,0.8147372603416443,51.272645944101626,1.7817158931017794,0.49999999999962275,1.0,0.8629841436202931,0.8154225146388165,0.8558793722006379,1.3984471559524536,50.0
30,30,31,NTS-h1_default_model,hsplit,93.51334836242394,82.60140043545216,-8.39294117647059,0.9556393027305604,41.55333675949723,2.910632689448214,0.4999999999996282,1.0,0.8310796714321521,0.8042995752552656,0.6898110787073771,2.0980327129364014,100.0
31,31,32,NTS-h1_default_model,hsplit,42.60976752428753,63.08339002009467,-11.762727272727272,0.6680588126182556,115.4434967026224,1.9683816415956443,0.499999999999564,1.0,0.830571341107964,0.8041245244922053,0.6416982445773051,1.7993013858795166,50.0
32,32,33,NTS-h1_default_model,hsplit,62.72517339014036,48.766893920195805,-11.07263157894737,0.7853364944458008,106.08011217491432,1.5870240419939885,0.5156161794195019,0.9795990149914524,0.8539052547867927,0.8071820238343363,0.5130159116926647,0.2405476421117782,100.0
33,33,34,NTS-h1_default_model,hsplit,91.21679090703871,64.79046416546417,-5.818461538461541,0.9256110191345216,75.42646922656081,1.3641410493024488,0.49999999999971406,1.0,0.8987464483806931,0.8281998910240256,0.6382051706314087,1.1043870449066162,50.0
34,34,35,NTS-h1_default_model,hsplit,96.82132340352992,81.47100276511783,-15.873939393939397,0.91123628616333,69.38599587414707,2.0957068736239868,0.4999999999994216,1.0,0.9538385856562642,0.8484904335516821,0.7984125191621,0.205373153090477,100.0
35,35,36,NTS-h1_default_model,hsplit,85.21019764478477,50.36339190125037,-15.532258064516126,0.8758282661437988,43.09971678982728,2.4806831826868208,0.49999999999944417,1.0,0.8249133195299162,0.8021807744594959,0.7258432830802697,0.0642661452293396,50.0
36,36,37,NTS-h1_default_model,hsplit,13.39737678864159,42.567293312639904,-5.230000000000004,0.3689366579055786,27.55400901171423,2.197505763708402,0.6258636663021598,0.4026022172031409,0.8583424096595175,0.6558825012439787,0.2707471197677983,4.264922618865967,0.0
37,37,38,NTS-h1_default_model,hsplit,1.0700945724766169,24.20380016808588,-2.2800000000000007,0.1623874008655548,206.7596064740147,1.3418317757703335,0.6687838123184677,0.22571873424781347,0.5691820749838502,0.5235102574902679,0.2789185659752952,4.349316120147705,0.6944444444444444
38,38,39,NTS-h1_default_model,hsplit,84.08964152537146,30.45325045325045,-0.8049999999999997,0.8886639475822449,92.37606783595314,1.310940832565472,0.4999999999997667,1.0,1.0,0.8660254037843937,0.3557531138261159,3.5393378734588623,100.0
39,39,40,NTS-h1_default_model,hsplit,33.241660012938524,35.88437695071878,-13.673333333333336,0.6864670515060425,136.54368133481492,1.615047752944346,0.5772522515790948,0.7077619044776868,0.8543780139980093,0.7220592926221963,0.7028477439615461,-0.1285156160593032,12.962962962962962
40,40,41,NTS-h1_default_model,hsplit,44.54383140264279,33.04732778929863,-11.152,0.6160861253738403,42.41747828918825,2.2745064450867005,0.5876715910943858,0.7897805275531588,0.7613364128222392,0.718504074256736,0.4982057589314359,0.8902702331542969,11.0
41,41,42,NTS-h1_default_model,hsplit,92.53911813809742,77.06113298148225,-7.566666666666666,0.9275887012481692,82.41362650561314,1.9421716637716893,0.49999999999971995,1.0,0.8596672499955091,0.8142538057867381,0.8232405033565704,1.640882134437561,50.0
42,42,43,NTS-h1_default_model,hsplit,85.23093348287141,80.47136671249949,-14.467027027027026,0.8835105895996094,24.93059305244912,2.3290967155383844,0.499999999999403,1.0,0.9847505286315478,0.8601809119093331,0.8059989403164575,0.242605522274971,100.0
43,43,44,NTS-h1_default_model,hsplit,100.00000000000004,92.41402116402116,-5.041428571428573,0.897551953792572,81.78783788835776,1.928696564483508,0.49999999999967315,1.0,0.834195735193437,0.8053741417532996,0.6625088453292847,3.4160497188568115,100.0
44,44,45,NTS-h1_default_model,hsplit,69.12816270438647,70.29129743199996,-12.270000000000003,0.6915610432624817,124.2482226971598,1.555313190833101,0.5049372518921853,0.9292402909978582,0.8856561113479238,0.7964161170163375,0.7641439904161051,0.1479094177484512,31.25
45,45,46,NTS-h1_default_model,hsplit,93.91044157537527,64.91693053628808,-9.130000000000004,0.9148151874542236,76.83659342561288,1.8757184327722327,0.49999999999966,1.0,0.8232409668812207,0.8016079028118396,0.648800907863511,0.518033504486084,50.0
46,46,47,NTS-h1_default_model,hsplit,84.1354400365363,28.7458600876724,-7.232173913043479,0.7956675291061401,29.654061124616376,2.577732905364797,0.49999999999967826,1.0,0.8283597798695616,0.8033637459468421,0.69903963804245,1.5508521795272827,50.0
47,47,48,NTS-h1_default_model,hsplit,78.47574847738748,36.56014233780478,-11.342307692307696,0.73641437292099,49.15743537106844,2.57128197651645,0.4999999999995634,1.0,0.8539052547867927,0.812230300705422,0.6583525929186079,0.4788624942302704,50.0
48,48,49,NTS-h1_default_model,hsplit,70.0418991088418,79.9774618740136,-6.780000000000001,0.842268705368042,74.07923399850915,1.7535838231873682,0.49999999999969774,1.0,0.9538385856562642,0.8484904335517363,0.8265481094519297,1.853734254837036,50.0
49,49,50,NTS-h1_default_model,hsplit,54.67483136827487,55.33245832199584,-3.5341176470588245,0.7296516895294191,38.26971314837456,2.7902224205193846,0.5357484510490775,0.8023267776077467,0.5853567972250927,0.65151035830229,0.6856369022812162,1.7447841167449951,50.0
50,50,51,NTS-h1_default_model,hsplit,68.8836505346656,32.19566641561527,-6.104210526315793,0.8149159550666809,74.65561667392647,1.8184795136244465,0.49999999999966355,1.0,0.8539052547867927,0.8122303007054426,0.7913440050902191,0.4524776339530945,100.0
51,51,52,NTS-h1_default_model,hsplit,34.235039551790926,65.75349815838946,-12.775000000000002,0.6354577541351318,29.89418769801324,2.8720185304789267,0.6319768139035451,0.6695450611055531,0.8949377956536743,0.74130491707798,0.4524146364794837,0.7315748929977417,11.11111111111111
52,52,53,NTS-h1_default_model,hsplit,62.63097913318162,56.80096219569904,-9.080909090909092,0.7009689211845398,124.57099964163766,1.217796472061667,0.4999999999995565,1.0,1.0,0.8660254037843532,0.5485073225365744,0.7960946559906006,50.0
53,53,54,NTS-h1_default_model,hsplit,6.757525200336549,35.408036759590075,0.0,0.3041914701461792,142.649975461369,0.6684358510028844,0.6240795989732835,0.452443818512974,0.6220246976920559,0.5718669656788337,0.3939082307948006,4.0114712715148935,12.5
54,54,55,NTS-h1_default_model,hsplit,29.295568805846056,50.8875537969512,-18.11058823529412,0.6576455235481262,19.01958316014084,3.7989272360051065,0.5981241500370631,0.8284148169846153,0.7732959858704209,0.7398221159216853,0.7508147873996216,-0.6101323962211609,15.625
55,55,56,NTS-h1_default_model,hsplit,55.992973507213776,63.94844583991479,-16.856363636363636,0.4723675549030304,37.09769931170148,2.8617718761519884,0.5194352877618813,0.967022437728636,0.7534727328028562,0.768692953942016,0.5175752939541398,-0.7388604879379272,50.0
56,56,57,NTS-h1_default_model,hsplit,44.511023261452166,61.83462111045717,-8.333333333333332,0.5872430205345154,64.50900268005644,1.9967678693472544,0.49999999999961464,1.0,0.852208908566192,0.8116362124004397,0.5575569357190814,1.4984105825424194,50.0
57,57,58,NTS-h1_default_model,hsplit,84.66657105524214,77.1158792110045,-17.288,0.911137044429779,51.387855231786965,2.405815390355671,0.49999999999953537,1.0,0.8710090609485951,0.8182617316103874,0.749252630604638,-0.4544004201889038,23.4375
58,58,59,NTS-h1_default_model,hsplit,86.45707301556368,61.75473035191138,-11.344285714285714,0.8111120462417603,36.72947334507397,2.1078055161444342,0.499999999999575,1.0,0.8828151687479436,0.8224683625467578,0.5278584156072501,0.5146629214286804,50.0
59,59,60,NTS-h1_default_model,hsplit,100.00000000000004,75.90876588762771,-14.514285714285714,0.9402937293052672,75.68190071709293,2.0822649229701886,0.48224558225321207,1.0,0.9003884411816577,0.8252797801586794,0.7904978946087853,-0.1319038867950439,25.0
60,60,61,NTS-h1_default_model,hsplit,53.52753255754919,62.50791436139543,-9.79625,0.3374837040901184,171.23352348330062,1.3750035175120243,0.5583861766758158,0.8260378655156775,0.7031463719327163,0.7044024649612545,0.2307963290857889,0.8432668447494507,50.0
61,61,62,NTS-h1_default_model,hsplit,76.67124947826547,73.4207767424687,-9.98076923076923,0.840323805809021,57.11116315865154,2.116694972060901,0.49999999999950695,1.0,0.8382616395675669,0.8067801386519982,0.6902886341068061,1.3157414197921753,30.555555555555557
62,62,63,NTS-h1_default_model,hsplit,81.53551038173119,71.77178880206083,-8.350000000000005,0.8837969899177551,159.2673596305249,1.517926617000331,0.49999999999963873,1.0,1.0,0.8660254037843691,0.9017137421502008,2.5832135677337646,50.0
63,63,64,NTS-h1_default_model,hsplit,73.98250890462656,70.69419612851152,-5.5238095238095255,0.7288221120834351,35.26013346438428,2.3495423860473004,0.4999999999996496,0.922182649431038,0.9683745714613768,0.8242512055525111,0.8005903894371458,1.879265069961548,100.0
64,64,65,NTS-h1_default_model,hsplit,90.36020036098444,71.98684843421687,-4.823333333333334,0.9335945844650269,585.1120010490367,-0.2567893326319849,0.49999999999973754,1.0,0.8539052547867927,0.8122303007054578,0.7032272572870607,2.501507043838501,100.0
65,65,66,NTS-h1_default_model,hsplit,3.1405961937021254,30.788898887512907,0.0,0.215388536453247,374.6935006941019,-0.2261813331029188,0.6627992918171047,0.24327431808285163,0.8394721279443089,0.6332979153256068,0.2492918736404843,3.5670583248138428,10.9375
66,66,67,NTS-h1_default_model,hsplit,21.151282234901835,39.73975090744874,-6.726153846153847,0.5218790769577026,92.79069761826707,1.5658138696571124,0.59100159493637,0.6188005833286344,0.8922266827530131,0.7137379305603323,0.7447144741576815,1.1213459968566897,19.791666666666664
67,67,68,NTS-h1_default_model,hsplit,91.21679090703871,80.7044125465178,-4.910769230769231,0.7615828514099121,108.89612013759611,1.363979764362677,0.4999999999997077,1.0,0.8651346623091,0.8161817575206289,0.5232564558585485,2.38763165473938,100.0
68,68,69,NTS-h1_default_model,hsplit,33.048246413919806,50.04742363970876,-4.823333333333334,0.5683696866035461,32.127144316214256,2.8309059462427264,0.5952326823046545,0.6204585357800101,0.7376071626071421,0.6540476707996206,0.5355939077479499,2.804605960845948,20.83333333333333
69,69,70,NTS-h1_default_model,hsplit,90.36020036098444,31.645396526268787,-5.806666666666668,0.8652358651161194,20.551574093644486,2.241474986259554,0.4999999999997264,1.0,1.0,0.866025403784386,0.4298122028509776,3.6311986446380615,50.0
70,70,1,NTS-h1_w2v_model,hsplit,82.83991146060845,75.64540825627661,-19.42777777777778,0.8167089223861694,51.72962406625607,2.2409881559635605,0.49999999999937395,1.0,0.901133118730031,0.8290639094125949,0.8906312527619201,-0.992753267288208,50.0
71,71,2,NTS-h1_w2v_model,hsplit,15.314081785680836,33.30206002558548,-4.19857142857143,0.4743251204490662,32.171171819962694,2.54174823929048,0.6090904348945605,0.6520086749044692,0.9071290111507112,0.7346177039571884,0.8011443650175867,1.9935169219970703,13.88888888888889
72,72,3,NTS-h1_w2v_model,hsplit,93.91044157537527,80.12312608264631,-5.196666666666669,0.9436307549476624,132.09937214206582,0.9041495352609614,0.499999999999693,1.0,1.0,0.8660254037843795,0.9219901274751736,2.344151735305786,100.0
73,73,4,NTS-h1_w2v_model,hsplit,66.8124885609822,56.16706382581065,-9.830526315789475,0.7569348812103271,48.050049518123465,2.2788494414549048,0.499999999999687,1.0,1.0,0.8660254037843784,0.5197906176249186,1.07151460647583,33.33333333333333
74,74,5,NTS-h1_w2v_model,hsplit,70.79954722231881,46.57477404481843,-10.87142857142857,0.658009946346283,60.89615034682139,1.6903873241563374,0.5010381586622705,0.9272845711150551,0.8771192749943428,0.7916720985421324,0.2936629615724087,0.3853823244571686,23.4375
75,75,6,NTS-h1_w2v_model,hsplit,63.40466277046863,50.84440405273739,0.0,0.7878513932228088,71.08761672357655,2.1042759515532143,0.49999999999972006,1.0,0.8323657214460987,0.8047427527349355,0.8021823396285376,3.288316011428833,100.0
76,76,7,NTS-h1_w2v_model,hsplit,58.27355625822051,49.05473097097918,-3.718181818181818,0.6011777520179749,40.65390170540461,2.2943475666657216,0.4978946064796421,0.7694122776297371,0.8832464748660968,0.7348511476238535,0.3268691988454925,3.2591865062713623,50.0
77,77,8,NTS-h1_w2v_model,hsplit,78.9753432553337,71.60648275185798,-9.073076923076924,0.7541890144348145,105.41562014246368,1.2908301350825166,0.4999999999995733,1.0,0.9025154083171837,0.8295649587282694,0.6274003734191259,0.6670912504196167,100.0
78,78,9,NTS-h1_w2v_model,hsplit,70.10000009536063,38.40065630959877,-11.843333333333335,0.6300543546676636,108.93387667744123,1.71516473123882,0.5169357294830952,0.944400341510923,0.8068717860440697,0.7767789545244118,0.5889558805635682,0.6787585020065308,20.0
79,79,10,NTS-h1_w2v_model,hsplit,23.436412922715093,53.01103120957572,-17.66272727272727,0.5252175331115723,22.89043062200233,3.2013220240366067,0.6272357487037747,0.7145120324183806,0.8837240821613158,0.7494265323820362,0.5846729879155917,0.7833196520805359,25.0
80,80,11,NTS-h1_w2v_model,hsplit,63.516555527212894,67.9223481339115,-6.370000000000001,0.5126241445541382,28.86578749548313,3.4897890807097256,0.4999999999995686,1.0,0.820705507171015,0.8007408089805342,0.6034270758430164,2.289066791534424,50.0
81,81,12,NTS-h1_w2v_model,hsplit,93.91044157537527,32.065362963950896,-9.130000000000004,0.953506588935852,63.88672828521814,1.6703537469215142,0.49999999999962297,1.0,0.8629841436202931,0.8154225146388167,0.4648807247479757,1.275882601737976,33.33333333333333
82,82,13,NTS-h1_w2v_model,hsplit,41.11122905071876,60.758859973799,-2.342222222222226,0.7402825951576233,71.62241481532209,2.2678759701393547,0.5486403223331189,0.7432619237614386,0.9356149858559684,0.7591266675949865,0.8220554879418126,3.044980764389038,25.0
83,83,14,NTS-h1_w2v_model,hsplit,72.8041078836301,70.94040114516756,-13.810000000000004,0.765471875667572,55.46540361406091,2.056780175713342,0.4999999999995665,1.0,0.8850450234040537,0.8232668043536165,0.4959486807235563,0.244989350438118,100.0
84,84,15,NTS-h1_w2v_model,hsplit,61.74459472770462,56.103147493470686,-9.825,0.773965060710907,36.32967557717997,2.2640377824995195,0.4999999999996817,1.0,1.0,0.8660254037843774,0.7613360837653831,0.7209145426750183,100.0
85,85,16,NTS-h1_w2v_model,hsplit,91.93227152249176,81.37673229387333,-3.355714285714285,0.940155267715454,12.905608833834073,3.609547658136389,0.499999999999697,1.0,0.9491812537948106,0.846747709878841,0.874327152147495,2.6130220890045166,100.0
86,86,17,NTS-h1_w2v_model,hsplit,90.36020036098444,30.66473573976588,-4.823333333333334,0.8807502985000609,30.8107115087339,3.077817765222748,0.4999999999997274,1.0,1.0,0.8660254037843862,0.8396272659301758,1.5012617111206057,50.0
87,87,18,NTS-h1_w2v_model,hsplit,80.91067115702207,72.66414141414141,-10.740000000000002,0.9207056164741516,61.81988890424019,2.368450692441,0.4999999999997364,1.0,1.0,0.8660254037843879,0.4803538786040412,1.4710437059402466,100.0
88,88,19,NTS-h1_w2v_model,hsplit,89.31539818068698,68.99964334390563,-8.009090909090911,0.8463141322135925,92.33264637941078,1.6840108586759708,0.49999999999969025,1.0,1.0,0.8660254037843791,0.4969572689798143,1.194678544998169,100.0
89,89,20,NTS-h1_w2v_model,hsplit,67.62614585942505,61.037790137542885,-5.196666666666669,0.7629690170288086,35.48315865584108,2.152141410796225,0.5114065603493434,0.9223299016384136,0.90899785632228,0.803846216682265,0.7654932936032613,1.2509053945541382,37.5
90,90,21,NTS-h1_w2v_model,hsplit,40.40910164157909,58.98809366102552,-2.846666666666668,0.7188954353332521,21.572019169779768,2.948207515634084,0.4999999999997099,1.0,0.8191625434293492,0.8002139864972265,0.8594569109735035,3.5188796520233154,100.0
91,91,22,NTS-h1_w2v_model,hsplit,61.58161554766718,64.10518451091913,-7.698823529411764,0.8486669063568115,95.24175217169474,1.5757021383387613,0.5032412384211479,1.0,0.8620922787207571,0.8157726074255411,0.8416730389330123,1.4341144561767578,25.0
92,92,23,NTS-h1_w2v_model,hsplit,95.3358935105968,73.68185008321908,-9.284347826086956,0.8367770314216614,60.236990799908526,2.4725874718270404,0.4999999999996036,1.0,1.0,0.8660254037843623,0.8566987926577345,1.601602554321289,33.33333333333333
93,93,24,NTS-h1_w2v_model,hsplit,93.51334836242394,72.1554546326866,-7.698823529411764,0.9497602581977844,53.60072609003699,2.5794467734605613,0.4999999999996266,1.0,0.8562438630616513,0.8130505423056155,0.4897525012493134,0.6742222905158997,50.0
94,94,25,NTS-h1_w2v_model,hsplit,86.0139140475865,68.45720775692824,-15.873939393939397,0.7853552103042603,75.78536332829091,2.1559884251917456,0.4999999999994109,1.0,0.8539052547867927,0.8122303007053907,0.5050196792516444,-0.2353496551513672,100.0
95,95,26,NTS-h1_w2v_model,hsplit,73.89901560795377,77.50072066389087,-10.434615384615388,0.749889612197876,39.97546138436094,2.237622506113272,0.5110157071610207,0.9736326391810574,0.9006246677049851,0.8206140711123314,0.5575739906893836,1.2663228511810305,50.0
96,96,27,NTS-h1_w2v_model,hsplit,68.80430849756435,63.20569136745608,-9.736,0.7984211444854736,39.260865850601824,2.6483558002911542,0.49999999999954897,1.0,0.8458299041944192,0.8094088844807444,0.8313209246046672,1.1359021663665771,50.0
97,97,28,NTS-h1_w2v_model,hsplit,92.19602423775936,90.64028624785136,-12.29818181818182,0.7607737183570862,118.89011613519962,1.8413102123274028,0.4909109277793951,0.9481532874572038,0.7379108703048678,0.7493331809111389,0.7563251012137957,0.6148408651351929,37.5
98,98,29,NTS-h1_w2v_model,hsplit,71.89085812023328,69.90614328704167,-6.310588235294119,0.8358284235000609,20.68407065845908,3.1071029550730915,0.49999999999962375,1.0,0.8562438630616513,0.8130505423056149,0.6983725527922312,2.824469804763794,50.0
99,99,30,NTS-h1_w2v_model,hsplit,76.26229343602779,79.41318403592871,-7.163333333333334,0.8147372603416443,51.272645944101626,1.7817158931017794,0.49999999999962275,1.0,0.8629841436202931,0.8154225146388165,0.8558793722006379,1.3984471559524536,50.0
100,100,31,NTS-h1_w2v_model,hsplit,93.51334836242394,82.60140043545216,-8.39294117647059,0.9556393027305604,41.55333675949723,2.910632689448214,0.4999999999996282,1.0,0.8310796714321521,0.8042995752552656,0.6898110787073771,2.0980324745178223,100.0
101,101,32,NTS-h1_w2v_model,hsplit,42.60976752428753,63.08339002009467,-11.762727272727272,0.6680588126182556,115.4434967026224,1.9683816415956443,0.499999999999564,1.0,0.830571341107964,0.8041245244922053,0.6416982445773051,1.7993011474609375,50.0
102,102,33,NTS-h1_w2v_model,hsplit,79.12619863720215,67.17793013516699,-12.314736842105264,0.8534080982208252,71.59243543455172,2.0026092947189413,0.4999999999996274,1.0,0.8539052547867927,0.8122303007054351,0.7325299883645678,-0.1264039874076843,100.0
103,103,34,NTS-h1_w2v_model,hsplit,91.21679090703871,64.79046416546417,-5.818461538461541,0.9256110191345216,75.42646922656081,1.3641410493024488,0.49999999999971406,1.0,0.8987464483806931,0.8281998910240256,0.6382051706314087,1.1043869256973269,50.0
104,104,35,NTS-h1_w2v_model,hsplit,96.82132340352992,81.47100276511783,-15.873939393939397,0.91123628616333,69.38599587414707,2.0957068736239868,0.4999999999994216,1.0,0.9538385856562642,0.8484904335516821,0.7984125191621,0.2053723484277724,100.0
105,105,36,NTS-h1_w2v_model,hsplit,85.21019764478477,50.36339190125037,-15.532258064516126,0.8758282661437988,43.09971678982728,2.4806831826868208,0.49999999999944417,1.0,0.8249133195299162,0.8021807744594959,0.7258432830802697,0.0642666220664978,50.0
106,106,37,NTS-h1_w2v_model,hsplit,94.85438370694511,82.14942901701589,-13.952380952380953,0.93572735786438,40.7512158402274,2.6572335677040706,0.499999999999576,1.0,0.8271435781229007,0.8029459298586116,0.8275653287768364,0.0063722785562276,50.0
107,107,38,NTS-h1_w2v_model,hsplit,1.7207567580694123,36.41416284258089,-2.4833333333333343,0.3399544060230255,194.83413544771744,1.1709025459773252,0.6617245821536892,0.3360702130712848,0.8953201098048084,0.6714215540580417,0.3104066914982266,4.325419425964356,3.9351851851851847
108,108,39,NTS-h1_w2v_model,hsplit,84.08964152537146,30.45325045325045,-0.8049999999999997,0.8886639475822449,92.37606783595314,1.310940832565472,0.4999999999997667,1.0,1.0,0.8660254037843937,0.3557531138261159,3.5393383502960205,100.0
109,109,40,NTS-h1_w2v_model,hsplit,79.64269516620871,30.277120184052148,-18.51913043478261,0.8757233619689941,100.34731644345956,1.8811573937764885,0.4999999999995629,1.0,0.8499160394323872,0.8108344002906303,0.7140460926956601,-0.922897458076477,28.7037037037037
110,110,41,NTS-h1_w2v_model,hsplit,81.89221040261441,28.18464787398516,-15.958461538461542,0.7877902984619141,47.64027206641804,2.235110526544412,0.5104293463811709,0.9343925361169043,0.7597649791763016,0.7551755541552033,0.4843557641201257,-0.5131621956825256,20.0
111,111,42,NTS-h1_w2v_model,hsplit,92.53911813809742,77.06113298148225,-7.566666666666666,0.9275887012481692,82.41362650561314,1.9421716637716893,0.49999999999971995,1.0,0.8596672499955091,0.8142538057867381,0.8232405033565704,1.640882134437561,50.0
112,112,43,NTS-h1_w2v_model,hsplit,85.23093348287141,80.47136671249949,-14.467027027027026,0.8835105895996094,24.93059305244912,2.3290967155383844,0.499999999999403,1.0,0.9847505286315478,0.8601809119093331,0.8059989403164575,0.242605522274971,100.0
113,113,44,NTS-h1_w2v_model,hsplit,100.00000000000004,92.41402116402116,-5.041428571428573,0.897551953792572,81.78783788835776,1.928696564483508,0.49999999999967315,1.0,0.834195735193437,0.8053741417532996,0.6625088453292847,3.4160497188568115,100.0
114,114,45,NTS-h1_w2v_model,hsplit,12.895564188125258,40.49725042444296,-0.8049999999999997,0.2376659959554672,58.13586460841786,0.9800670450487874,0.6718201467887659,0.379369214869626,0.8735541426926171,0.6728942836824392,0.2295890368876003,3.784273862838745,0.0
115,115,46,NTS-h1_w2v_model,hsplit,93.91044157537527,64.91693053628808,-9.130000000000004,0.9148151874542236,76.83659342561288,1.8757184327722327,0.49999999999966,1.0,0.8232409668812207,0.8016079028118396,0.648800907863511,0.518033504486084,50.0
116,116,47,NTS-h1_w2v_model,hsplit,84.1354400365363,28.7458600876724,-7.232173913043479,0.7956675291061401,29.654061124616376,2.577732905364797,0.49999999999967826,1.0,0.8283597798695616,0.8033637459468421,0.69903963804245,1.5508522987365725,50.0
117,117,48,NTS-h1_w2v_model,hsplit,81.92749109492625,56.94733448937994,-10.68,0.7335022091865541,62.09914398831466,2.267778873000095,0.510576586172132,0.9752091961385947,0.792496887161849,0.7831076432482942,0.5439239813428786,0.5107734203338623,50.0
118,118,49,NTS-h1_w2v_model,hsplit,70.0418991088418,79.9774618740136,-6.780000000000001,0.842268705368042,74.07923399850915,1.7535838231873682,0.49999999999969774,1.0,0.9538385856562642,0.8484904335517363,0.8265481094519297,1.853734254837036,50.0
119,119,50,NTS-h1_w2v_model,hsplit,39.15974453600045,54.5204475105606,-2.512857142857144,0.6503912210464478,22.616198796754823,3.207737105457344,0.5476525817434132,0.7514761206810118,0.4663457711995219,0.6005880697448919,0.6743500085104079,2.8644163608551025,50.0
120,120,51,NTS-h1_w2v_model,hsplit,68.8836505346656,32.19566641561527,-6.104210526315793,0.8149159550666809,74.65561667392647,1.8184795136244465,0.49999999999966355,1.0,0.8539052547867927,0.8122303007054426,0.7913440050902191,0.4524776339530945,100.0
121,121,52,NTS-h1_w2v_model,hsplit,34.235039551790926,65.75349815838946,-12.775000000000002,0.6354577541351318,29.89418769801324,2.8720185304789267,0.6319768139035451,0.6695450611055531,0.8949377956536743,0.74130491707798,0.4524146364794837,0.7315748929977417,11.11111111111111
122,122,53,NTS-h1_w2v_model,hsplit,62.63097913318162,56.80096219569904,-9.080909090909092,0.7009689211845398,124.57099964163766,1.217796472061667,0.4999999999995565,1.0,1.0,0.8660254037843532,0.5485073225365744,0.7960946559906006,50.0
123,123,54,NTS-h1_w2v_model,hsplit,15.71230230256651,49.313304903241786,-10.154545454545458,0.4730223119258881,218.75863899988343,0.9793992352191002,0.5840316546356809,0.6471817818708077,0.9487973710052128,0.7438982196574045,0.6383473205897543,1.978618860244751,25.0
124,124,55,NTS-h1_w2v_model,hsplit,51.68274638299409,67.44980599372464,-21.037142857142857,0.8106804490089417,16.729669050207953,3.828466682297408,0.4999999999994583,1.0,0.8250319360373342,0.8022214356566334,0.7600842613128967,-1.0339125394821167,25.0
125,125,56,NTS-h1_w2v_model,hsplit,22.407726339529543,44.80706280499405,-7.972857142857144,0.2256436496973037,59.21296481631411,2.278801088706308,0.6290235274667454,0.7050996730041635,0.7804985227197778,0.7075813477250139,0.3542563525414226,1.6005612611770632,33.33333333333333
126,126,57,NTS-h1_w2v_model,hsplit,44.511023261452166,61.83462111045717,-8.333333333333332,0.5872430205345154,64.50900268005644,1.9967678693472544,0.49999999999961464,1.0,0.852208908566192,0.8116362124004397,0.5575569357190814,1.4984105825424194,50.0
127,127,58,NTS-h1_w2v_model,hsplit,84.66657105524214,77.1158792110045,-17.288,0.911137044429779,51.387855231786965,2.405815390355671,0.49999999999953537,1.0,0.8710090609485951,0.8182617316103874,0.749252630604638,-0.4544003903865814,23.4375
128,128,59,NTS-h1_w2v_model,hsplit,96.21954581957615,73.26956092790822,-11.344285714285714,0.8166640996932983,35.44085928749541,2.111830265919635,0.499999999999575,1.0,0.8828151687479436,0.8224683625467578,0.5060302743205318,0.5184738636016846,50.0
129,129,60,NTS-h1_w2v_model,hsplit,100.00000000000004,75.90876588762771,-14.514285714285714,0.9402937293052672,75.68190071709293,2.0822649229701886,0.48224558225321207,1.0,0.9003884411816577,0.8252797801586794,0.7904978946087853,-0.1319038867950439,25.0
130,130,61,NTS-h1_w2v_model,hsplit,69.62583788234936,69.92087825744994,-14.214634146341464,0.4298698008060455,127.12046903757845,1.7386837751914284,0.5046870712057822,0.9357617624894636,0.7532896985377232,0.7522864006708064,0.1759999969175884,0.0201915707439184,100.0
131,131,62,NTS-h1_w2v_model,hsplit,70.36887702305809,67.90674171110129,-8.619230769230771,0.805891215801239,61.71680188017474,2.096861687154483,0.5027050434343573,1.0,0.8382616395675669,0.8073402704900507,0.6205007223120022,2.0355029106140137,25.0
132,132,63,NTS-h1_w2v_model,hsplit,81.53551038173119,71.77178880206083,-8.350000000000005,0.8837969899177551,159.2673596305249,1.517926617000331,0.49999999999963873,1.0,1.0,0.8660254037843691,0.9017137421502008,2.583213329315185,50.0
133,133,64,NTS-h1_w2v_model,hsplit,66.32819410262444,67.11933009099694,-5.3263636363636335,0.7203264236450195,31.00694631680734,2.3865551051581764,0.4978421945652372,0.922182649431038,0.9297819946608912,0.8088597421054666,0.7850648719734616,2.0108060836791988,100.0
134,134,65,NTS-h1_w2v_model,hsplit,90.36020036098444,71.98684843421687,-4.823333333333334,0.9335945844650269,585.1120010490367,-0.2567893326319849,0.49999999999973754,1.0,0.8539052547867927,0.8122303007054578,0.7032272572870607,2.501507043838501,100.0
135,135,66,NTS-h1_w2v_model,hsplit,54.79931271008474,62.17374792254088,-12.828571428571427,0.6338165998458862,163.75696806296162,1.2546292120952462,0.5656949183014305,0.8132822850414166,0.8579525965721891,0.7566420275839849,0.4435282780207826,-0.1363274306058883,17.1875
136,136,67,NTS-h1_w2v_model,hsplit,81.79525260739669,70.27527240578199,-13.023333333333335,0.775955080986023,49.46611027110301,2.050538816115262,0.5014965659959428,0.8543667686899209,0.8923564271383561,0.7697924772739105,0.8376719488037957,0.694621205329895,25.0
137,137,68,NTS-h1_w2v_model,hsplit,91.21679090703871,80.7044125465178,-4.910769230769231,0.7615828514099121,108.89612013759611,1.363979764362677,0.4999999999997077,1.0,0.8651346623091,0.8161817575206289,0.5232564558585485,2.38763165473938,100.0
138,138,69,NTS-h1_w2v_model,hsplit,78.69685946580964,71.99547007686543,-12.26666666666667,0.8608930110931396,53.60196570703946,2.718173444304849,0.4999999999995496,1.0,0.8231182415378181,0.8015658923947674,0.8051832406483,0.8394714593887329,50.0
139,139,70,NTS-h1_w2v_model,hsplit,90.36020036098444,31.645396526268787,-5.806666666666668,0.8652358651161194,20.551574093644486,2.241474986259554,0.4999999999997264,1.0,1.0,0.866025403784386,0.4298122028509776,3.6311986446380615,50.0
140,140,1,NTS-h4_default_model,hsplit,78.03794141437137,71.89085913721323,-18.962857142857143,0.8139842748641968,50.26413895769839,2.234016232117002,0.5092397125576347,0.984437128585227,0.8716884782374195,0.8141012115772782,0.891991453462226,-0.9457366466522216,50.0
141,141,2,NTS-h4_default_model,hsplit,3.6219878517125736,27.633474965321174,-3.7550000000000026,0.4327823221683502,35.260478139576605,2.1851254943177283,0.6692835431999778,0.4697128780808875,0.9261113068040284,0.7132677855297669,0.6274316143474461,3.3762614727020264,13.88888888888889
142,142,3,NTS-h4_default_model,hsplit,59.28902071159562,55.76256519643789,-2.0600000000000023,0.651104211807251,76.72445148336409,1.1226831377595128,0.5418883451615344,0.8370708801685278,0.9636770703365031,0.8006256164068125,0.3192700515190761,3.682682275772095,33.33333333333333
143,143,4,NTS-h4_default_model,hsplit,41.38535737986232,37.18525774991292,-8.474444444444442,0.5699169039726257,122.96545677660264,1.2391013183542412,0.5346395445312282,0.8926708579829554,0.8247031087951229,0.7665585259076059,0.4817735840876897,2.531048059463501,33.33333333333333
144,144,5,NTS-h4_default_model,hsplit,66.02694999252736,45.20835690469118,-11.545714285714284,0.6556978225708008,73.37688717032675,1.5917992296274772,0.5001040992121585,0.9420880838873141,0.9152643759814905,0.8114478717683312,0.6763216662738057,0.0063547510653734,21.875
145,145,6,NTS-h4_default_model,hsplit,39.60914423407549,47.5981045918619,0.0,0.6216307282447815,80.8055376050232,2.0278511805843533,0.5211271368884938,0.6742127430949203,0.680008682615998,0.629430463246026,0.6042526829573843,4.315843582153319,100.0
146,146,7,NTS-h4_default_model,hsplit,67.0342089635179,60.007948797672434,-8.541538461538464,0.8923064470291138,41.65881246044698,2.435843559186348,0.49929500375714153,0.923992647472233,1.0,0.8372689558637635,0.7301411351395979,0.5651587247848511,75.0
147,147,8,NTS-h4_default_model,hsplit,70.75488462981548,66.62673516150825,-9.073076923076924,0.7286928296089172,147.5397616050024,0.9167412314348968,0.4922683407847982,0.9462455726731896,0.8587725891467258,0.7906114011768364,0.6360626862280898,0.6509553790092468,100.0
148,148,9,NTS-h4_default_model,hsplit,74.53184213128506,35.14214502618882,-13.013333333333335,0.7035424113273621,57.47815444983904,2.542839273095628,0.5010861883668495,0.9441420232640894,0.7544383442199609,0.7553517378225375,0.5890091931930295,0.4776453971862793,19.0
149,149,10,NTS-h4_default_model,hsplit,49.34741545832266,58.26871935859128,-22.31230769230769,0.6564147472381592,18.8960007702325,3.2832867971880493,0.5043060173938517,0.9281159238468966,0.8546945199830348,0.7844799657027273,0.6060416090040425,-0.8723319172859192,27.77777777777778
150,150,11,NTS-h4_default_model,hsplit,41.729240655038026,53.70364005814148,-3.885555555555555,0.4184248745441437,33.4625611598197,3.1825552099288736,0.5076263354464762,0.8688981419436184,0.6386429557758543,0.6881214288369969,0.4272927301270621,3.0297296047210693,37.5
151,151,12,NTS-h4_default_model,hsplit,77.7811122305422,28.88966106640273,-9.785555555555558,0.8016942739486694,126.82180288229236,1.1031714585014245,0.5018487991909213,0.9069197361598267,0.7899333610565442,0.7524073231957248,0.4849708610110812,1.3171035051345823,25.0
152,152,13,NTS-h4_default_model,hsplit,62.72517339014036,66.74669905140179,-7.346315789473689,0.7489696741104126,25.39684268786769,2.957682457865172,0.4926821648142685,0.9020750032073366,0.8961631856293081,0.7873126194455965,0.6928620664057908,0.9939085245132446,37.5
153,153,14,NTS-h4_default_model,hsplit,31.0978051361502,54.57346747658438,-6.780000000000001,0.5374546051025391,48.91192951831054,1.84675630009754,0.6261074842974216,0.6793890874945615,0.8831530545186064,0.7379113388037625,0.4513287544099971,1.8180055618286133,16.666666666666664
154,154,15,NTS-h4_default_model,hsplit,35.32561653102664,35.123056548551176,-6.137499999999998,0.7134906649589539,38.33063832657706,2.576519708545835,0.5083214196781959,0.7644800464854963,1.0,0.7837560009718423,0.544861560066541,1.6072227954864502,50.0
155,155,16,NTS-h4_default_model,hsplit,86.4845415092643,83.76324392453425,-3.355714285714285,0.8207476735115051,9.045924970755452,4.0229772584353,0.488762052910362,1.0,0.8475289894555146,0.8077115269559707,0.8882701219042775,2.373305559158325,100.0
156,156,17,NTS-h4_default_model,hsplit,19.76560930094397,15.774576659993327,0.0,0.1859871000051498,91.74516934498092,0.7269019413618872,0.5695082040964643,0.38731357543341505,0.8384794453838215,0.6264713828471754,0.2427277266979217,4.421327114105225,6.25
157,157,18,NTS-h4_default_model,hsplit,8.307018474412793,27.953216374269005,-12.425714285714289,0.4574835300445557,94.1726028610436,2.519054177506536,0.5065587040919556,0.5026826839490021,0.8335400927233533,0.6335299749842808,0.3278272681766085,3.0445482730865483,75.0
158,158,19,NTS-h4_default_model,hsplit,24.07843507482262,32.39432796335781,-7.004705882352943,0.36042121052742,37.8774708520026,1.9402049726492887,0.5043975684782002,0.5552214317738141,0.7400461741505686,0.6083738119672198,0.1757308241393831,1.5067830085754397,25.0
159,159,20,NTS-h4_default_model,hsplit,63.74542946641346,60.0605837408094,-6.725263157894738,0.8110830783843994,28.24632508510133,2.5394038061116966,0.500552911621362,1.0,0.966246065333682,0.8532652335011751,0.7641388848423958,1.0894386768341064,37.5
160,160,21,NTS-h4_default_model,hsplit,40.40910164157909,58.98809366102552,-2.846666666666668,0.7188954353332521,21.572019169779768,2.948207515634084,0.4999999999997099,1.0,0.8191625434293492,0.8002139864972265,0.8594569109735035,3.5188796520233154,100.0
161,161,22,NTS-h4_default_model,hsplit,47.26620614585423,50.42321713374346,-7.698823529411764,0.8086381554603577,132.47785263986722,1.274225766327497,0.506732665332723,0.9250029302600213,0.8066055447241816,0.7665987476910862,0.7589019314448039,1.1458547115325928,25.0
162,162,23,NTS-h4_default_model,hsplit,10.170139230422688,35.16862903111391,-2.3114285714285714,0.2503282725811005,44.52297058997014,2.5577673314228053,0.6328498878713417,0.5240721084388481,0.9133393137486671,0.7093046495127453,0.6982204483615028,4.09852933883667,11.11111111111111
163,163,24,NTS-h4_default_model,hsplit,78.28161456481268,58.50971836102863,-8.39294117647059,0.9142780303955078,57.28962512768774,2.6421383464088053,0.4999488721436998,0.8764313112962406,0.8562438630616513,0.7640319084106686,0.4731507839428054,0.9069727659225464,37.5
164,164,25,NTS-h4_default_model,hsplit,78.27632907698684,63.705562400051896,-15.51636363636364,0.7098866105079651,80.4826005993603,2.079287379015152,0.5041520781716724,0.9146549577863322,0.8539052547867927,0.7788703772944572,0.4923867813828919,-0.1154731810092926,50.0
165,165,26,NTS-h4_default_model,hsplit,57.40684787106017,66.58310794510105,-9.52692307692308,0.7379040122032166,48.31876598708083,2.18079121434464,0.5159959487703244,0.8529316376101316,0.9028455728583994,0.776503772477142,0.5688543417753079,2.310079336166382,43.75
166,166,27,NTS-h4_default_model,hsplit,64.44280974574026,59.98765799625117,-8.792000000000002,0.7644088268280029,40.60215655239038,2.6717476507091056,0.5013181946345873,0.940459783092181,0.8458299041944192,0.7855386183409474,0.8122133476450903,1.1837918758392334,34.375
167,167,28,NTS-h4_default_model,hsplit,32.213671136070126,66.24772606132255,-4.862105263157896,0.2852990627288818,592.1169615088138,0.054565428521154,0.6095925410993766,0.5560414801351033,0.603691478522769,0.5902622566949481,0.4898669198895017,2.706103563308716,20.0
168,168,29,NTS-h4_default_model,hsplit,65.40585844910977,62.8730944980945,-5.196666666666669,0.7071464657783508,18.769846860320737,3.1302244003731854,0.5002913277433203,0.8857175542969219,0.7413204549454349,0.7267147573212389,0.5733938521395128,2.8597724437713623,31.25
169,169,30,NTS-h4_default_model,hsplit,63.70704442283117,62.67404440356147,-7.163333333333334,0.7951494455337524,58.32826344483243,1.7670754149302743,0.49920542966910963,1.0,0.8629841436202931,0.8152602229045584,0.8330368406794689,2.0869357585906982,37.5
170,170,31,NTS-h4_default_model,hsplit,68.65890479690394,72.75438250928447,-7.818888888888888,0.9369016289711,34.45993366322017,2.9608655624597104,0.4967247158087786,1.0,0.6738020352517229,0.7529374976283835,0.6800512540908088,2.3147013187408447,100.0
171,171,32,NTS-h4_default_model,hsplit,11.684036632167324,55.23262499750498,-4.964444444444447,0.4644803702831268,72.34449084945665,1.789965062457297,0.6359222507168878,0.5147488244466144,0.806823327275648,0.6634072009111124,0.6428634247846073,3.1821846961975098,18.75
172,172,33,NTS-h4_default_model,hsplit,65.03386691979853,51.13397188893856,-12.314736842105264,0.8359124660491943,83.62356189226071,1.7829877551590168,0.5154016112796618,0.9798050345670801,0.8539052547867927,0.8072196955858559,0.7310894349264719,-0.1385415643453598,100.0
173,173,34,NTS-h4_default_model,hsplit,75.39221180326287,51.038395213965046,-4.003076923076924,0.8569054603576659,67.96706351019508,1.6282331265298682,0.5012075567090793,0.8688893691424558,0.8987464483806931,0.777586635942253,0.7195443994469113,1.258588194847107,50.0
174,174,35,NTS-h4_default_model,hsplit,88.66029039778034,72.95765977068767,-15.51636363636364,0.8867907524108887,93.96447400806576,1.734090220946363,0.5095120717923058,0.9463133214015863,0.9200608506770518,0.8168278934416091,0.6249946781709688,0.4517778754234314,100.0
175,175,36,NTS-h4_default_model,hsplit,39.16056266767992,39.48797602584947,-8.350000000000005,0.6344060301780701,38.33998839404313,2.706241007314924,0.6103417796087943,0.7106603255348475,0.8131716159314257,0.7161944017238735,0.6616468784785029,1.006105661392212,37.5
176,176,37,NTS-h4_default_model,hsplit,48.54174457646074,51.48374117195628,-9.140000000000004,0.6421388387680054,30.609500199328306,2.670858217580993,0.5398939361554203,0.793337862308617,0.6069336399212859,0.6555503716567477,0.7262862307329971,2.5766360759735107,25.0
177,177,38,NTS-h4_default_model,hsplit,3.804566679589556,25.24250536188739,-5.483157894736844,0.1391592323780059,53.91110019073441,2.1484610365468435,0.6106625526377278,0.2035403224196771,0.7589286698084583,0.5745462388998724,0.195156067609787,3.5625760555267334,0.6944444444444444
178,178,39,NTS-h4_default_model,hsplit,61.04735835807847,27.63888888888889,-2.342222222222226,0.8279461860656738,98.32354414591812,1.2462033983803449,0.4830736961769028,0.943840537108961,0.9302775352945344,0.8143732657902886,0.2682319904367129,3.345655679702759,100.0
179,179,40,NTS-h4_default_model,hsplit,71.55600100835463,28.5269962595544,-18.51913043478261,0.8634294271469116,97.4310970758981,1.9750330037357928,0.501082179656163,0.9809776082279068,0.8499160394323872,0.8032761444438956,0.7403430689043469,-0.9092746376991272,23.14814814814814
180,180,41,NTS-h4_default_model,hsplit,62.4785958776996,34.73651146522424,-13.72848484848485,0.6953720450401306,65.46231841142321,2.0516143203144703,0.5399733400765335,0.8223100030090396,0.6819946038064484,0.6911057778814202,0.4779355583300812,0.2998630702495575,15.0
181,181,42,NTS-h4_default_model,hsplit,72.41577342575832,60.88235727656546,-6.780000000000001,0.8722140192985535,121.2491198673874,1.6806020708274998,0.5013288859861105,0.9005546506200892,0.8596672499955091,0.7748886181020657,0.7936050370761327,3.1076123714447017,31.25
182,182,43,NTS-h4_default_model,hsplit,69.61795371760593,69.53144255034196,-13.013333333333335,0.7681756615638733,37.56250572929442,1.9074761778035416,0.5258741378292585,0.9323290024185006,0.9395990717628245,0.8223193607607497,0.7342139180160288,0.3143445253372192,100.0
183,183,44,NTS-h4_default_model,hsplit,80.03203203845001,86.53588516746412,-4.420000000000002,0.8349091410636902,136.34264235727363,1.4887997090582117,0.491324015464132,1.0,0.631934394605076,0.7395359732644704,0.6226414576882409,3.5901875495910645,100.0
184,184,45,NTS-h4_default_model,hsplit,69.12816270438647,70.29129743199996,-13.450000000000005,0.6977781057357788,119.24405503183252,1.5964222759161089,0.5009918548577312,1.0,0.8856561113479238,0.8236867499645958,0.7817862192992451,0.1252511590719223,31.25
185,185,46,NTS-h4_default_model,hsplit,71.89085812023328,52.32108711515698,-6.310588235294119,0.8555599451065063,70.1420599588181,2.0277150556289656,0.5150058368264746,0.8652137162908315,0.6914560592520438,0.7052038165664105,0.2598740744094054,0.8444958925247192,37.5
186,186,47,NTS-h4_default_model,hsplit,61.950735684278,43.604387197759216,-5.616470588235295,0.7298589944839478,40.2856693979826,2.057067343633137,0.5152791870492656,0.8614453003786255,0.9388083795369953,0.7935073659896403,0.6248089451756742,1.9099688529968264,50.0
187,187,48,NTS-h4_default_model,hsplit,78.47574847738748,55.36911325262211,-10.888461538461542,0.7346708178520203,51.57199842185364,2.588898465567089,0.500802712645921,0.9533273584616029,0.8539052547867927,0.7934714011938064,0.6379494416217009,0.5202805995941162,50.0
188,188,49,NTS-h4_default_model,hsplit,69.80320829375147,82.84509512579687,-7.570000000000004,0.8506054282188416,121.58967144259655,1.385129486179152,0.4950289588516382,1.0,0.7572273811919761,0.778555709188194,0.8091692220833566,1.931443214416504,50.0
189,189,50,NTS-h4_default_model,hsplit,75.42422352227562,62.31110394332649,-6.085714285714285,0.7994714379310608,35.465109940021065,2.745806777417628,0.5141718178519847,0.9159869850730934,0.6854946493274744,0.7241794734624621,0.7361170329863117,1.0089454650878906,50.0
190,190,51,NTS-h4_default_model,hsplit,30.63567860260772,26.772761830076448,-0.3723076923076931,0.5364579558372498,71.96399771477353,1.6599107409885352,0.5515034876153824,0.6740488765031502,0.7171955129743894,0.6513747995835901,0.6977820382074074,3.4143249988555917,50.0
191,191,52,NTS-h4_default_model,hsplit,25.41495654596919,61.60854154805768,-12.62714285714286,0.3084107041358948,43.49088161785959,2.199167588143552,0.6653883373518884,0.5645831304367328,0.8839296410844014,0.7171302441084767,0.3793670730458365,1.0039288997650146,11.11111111111111
192,192,53,NTS-h4_default_model,hsplit,53.82989266621161,45.63210826019176,-8.008181818181821,0.6711228489875793,111.14015524212452,1.2333820154161232,0.5068669942129116,0.9856775139157965,1.0,0.8618728272898225,0.5687006362610394,0.8837025165557861,37.5
193,193,54,NTS-h4_default_model,hsplit,9.408620330599613,42.47355207987636,-10.154545454545458,0.4315060079097748,152.9587891768135,1.3066476175907256,0.5906045449306728,0.6471817818708077,0.8487644472709128,0.7042866542891322,0.5553068311678039,1.9861974716186523,25.0
194,194,55,NTS-h4_default_model,hsplit,42.51281238965012,53.39621895156655,-20.19428571428572,0.7499991059303284,21.903058646083064,3.6558289694341295,0.5002969951653486,0.9565721418926897,0.8250319360373342,0.784432925005522,0.7528399358076009,-1.0251142978668213,21.875
195,195,56,NTS-h4_default_model,hsplit,47.022942921902725,64.83055658110628,-13.981764705882352,0.4764561057090759,38.10315832833192,2.7698371430727606,0.5638779897717114,0.8597896271912073,0.7164269405604813,0.7235247407738113,0.5043292885117324,-0.3928474485874176,29.166666666666668
196,196,57,NTS-h4_default_model,hsplit,44.511023261452166,61.83462111045717,-8.333333333333332,0.5872179269790649,64.63237698742651,1.930002623024764,0.5065981136256574,0.9704366664516603,0.82528242494896,0.7915133296945628,0.5431131706351325,2.0861804485321045,43.75
197,197,58,NTS-h4_default_model,hsplit,71.4731571540253,67.848433550091,-16.334615384615386,0.8907797336578369,48.77907573602605,2.6227952067036857,0.4948348663631084,0.9482854890425703,0.7865281974893163,0.7665362611868828,0.7793447686566247,-0.4012298882007599,18.75
198,198,59,NTS-h4_default_model,hsplit,82.6611412580458,59.1321123001982,-10.922857142857143,0.7839055061340332,39.45684783635229,2.1263820161990927,0.4999461027946068,1.0,0.8828151687479436,0.822457441223349,0.5243444774186972,0.5219985842704773,37.5
199,199,60,NTS-h4_default_model,hsplit,60.65306597126337,57.13310321986192,-10.098571428571429,0.7301969528198242,83.94761282033626,1.6913375717477703,0.5656372744346326,0.7969632730840217,0.9608312642829575,0.7912632733585419,0.732565455663772,1.0238320827484129,17.1875
200,200,61,NTS-h4_default_model,hsplit,41.13625731405664,54.32766163040464,-9.441935483870967,0.2620684206485748,182.3762486884665,1.392255305872616,0.5702909087352256,0.718747963217394,0.6863714340902834,0.6615477056998873,0.1758780564082694,1.290105938911438,50.0
201,201,62,NTS-h4_default_model,hsplit,60.82870191484184,59.356125462748594,-8.619230769230771,0.7958186864852905,63.77846122345564,2.1428222916977324,0.5019860210724186,1.0,0.8382616395675669,0.8071911260089157,0.598426995821941,2.154735326766968,23.61111111111111
202,202,63,NTS-h4_default_model,hsplit,81.96501312471537,73.5377885440707,-9.140000000000004,0.8724350929260254,178.7601869410619,1.5194158887596492,0.5019921269481024,1.0,0.9303932912825801,0.8401642244191532,0.8896977338525984,2.6590139865875244,50.0
203,203,64,NTS-h4_default_model,hsplit,39.56586681748292,44.017048587948615,-1.712500000000002,0.621098518371582,73.23322391566025,1.7157897198277725,0.5411968779237323,0.8565987747885281,0.8276432200645212,0.7553473420359607,0.7526196759939194,3.5970580577850337,100.0
204,204,65,NTS-h4_default_model,hsplit,67.0422683816333,63.84455549896729,-5.806666666666668,0.7244365215301514,352.750932319908,0.4564432091256597,0.4931173613789172,0.8616721398053291,0.7990785106756337,0.7357921071501988,0.4771018881646414,2.231778621673584,100.0
205,205,66,NTS-h4_default_model,hsplit,5.548905030886772,32.88248472078243,-2.879999999999999,0.3022024631500244,149.72689047083531,0.9847026366121252,0.6500086885038882,0.3648144378432417,0.8297041432709606,0.643948712903552,0.2036010394493738,2.555622100830078,12.5
206,206,67,NTS-h4_default_model,hsplit,81.79525260739669,70.27527240578199,-14.203333333333337,0.7216628193855286,62.57557025427383,1.828122444236902,0.5002925663299,0.8502951549215136,0.8738447653291858,0.7608984111564385,0.8325405414733622,-0.0369511395692825,25.0
207,207,68,NTS-h4_default_model,hsplit,75.39221180326287,60.55773904458115,-3.0953846153846136,0.5192141532897949,140.30546057314822,1.1600627716219916,0.5041886650136808,0.8616062427912845,0.8651346623091,0.7626771950337994,0.5482584813402758,4.167437553405762,50.0
208,208,69,NTS-h4_default_model,hsplit,21.80167892810356,43.23770127456945,-5.806666666666668,0.5039116144180298,55.56766626065188,2.3949907124761314,0.5936843257354562,0.6204585357800101,0.5453428757265082,0.5873184046585223,0.5059408353907722,2.5600910186767583,20.83333333333333
209,209,70,NTS-h4_default_model,hsplit,57.83569866465144,25.971506563611825,-4.910769230769231,0.8022868633270264,23.993449764628487,2.3755433403557125,0.4895234789394166,0.8639745029928024,0.9316775587486753,0.7861527102988114,0.6096450024180943,3.893278360366821,25.0
210,210,1,NTS-h4_w2v_model,hsplit,76.05694373527614,72.20697845362488,-19.100000000000005,0.8091908097267151,50.83882797051822,2.303199697500012,0.5005034349004925,1.0,0.8866380805644428,0.8239398793306444,0.889010076010087,-0.9882687330245972,50.0
211,211,2,NTS-h4_w2v_model,hsplit,56.5474192329896,59.46019452937276,-10.922857142857143,0.5414615869522095,33.39165526690861,2.9054331716221657,0.5093097446920659,0.8691391343547645,0.7539552773025946,0.7264635368407876,0.8312029369057171,0.6602922677993774,27.77777777777778
212,212,3,NTS-h4_w2v_model,hsplit,77.7811122305422,66.43745035073479,-5.852222222222223,0.8877884149551392,166.992040218526,0.8100761029424217,0.4993899004356555,0.9079768070067975,1.0,0.8314269169565042,0.8696784669602358,2.746897459030152,83.33333333333333
213,213,4,NTS-h4_w2v_model,hsplit,51.24776602965489,43.012082372714566,-11.07263157894737,0.702684223651886,75.14086468481213,1.942743833189707,0.495666825768089,0.9264336485306754,1.0,0.8374494825155867,0.6032565239101948,0.9199110269546508,33.33333333333333
214,214,5,NTS-h4_w2v_model,hsplit,65.46971072336207,46.13565317516225,-10.534285714285716,0.5602366924285889,96.04927082890164,1.3853779369263075,0.5039654811210446,0.8562193274278184,0.8097501683312991,0.7399973148453712,0.2686833575367927,0.4850138127803802,20.3125
215,215,6,NTS-h4_w2v_model,hsplit,53.66551979187754,42.90454384354951,0.0,0.7064609527587891,59.92586273832215,2.1614940659218504,0.5071247890760073,0.9733984282846667,0.8416772350938915,0.7985613355607575,0.7789724598328274,3.0068347454071045,100.0
216,216,7,NTS-h4_w2v_model,hsplit,34.78635157752423,34.678553056937645,-1.5727272727272743,0.5360409021377563,51.84013734599928,1.7300085660748437,0.5169593664302835,0.7148193637763547,0.9185231617617893,0.7352773871273586,0.1629981311659018,3.722023010253906,25.0
217,217,8,NTS-h4_w2v_model,hsplit,56.86533781615225,50.96717097987597,-8.165384615384614,0.7025284767150879,127.11943857378051,1.1620723132382065,0.5030841749585822,0.9084895964442703,0.9025154083171837,0.7943511180393641,0.6190358114739258,1.8175125122070312,50.0
218,218,9,NTS-h4_w2v_model,hsplit,67.08171784727824,37.34100402370347,-11.056666666666668,0.5885069966316223,109.67905322012145,1.7412917795454916,0.5180305874057874,0.8848074010726487,0.7475947359139077,0.7326066965858068,0.6059894510096422,1.2579543590545654,19.0
219,219,10,NTS-h4_w2v_model,hsplit,60.20300561500355,69.61036205555168,-23.02,0.7556500434875488,11.868653856445992,3.7153862953235706,0.49999999999919525,1.0,0.8925615921115448,0.8259673511933127,0.6150408585671505,-0.9957998991012572,33.33333333333333
220,220,11,NTS-h4_w2v_model,hsplit,46.77290501074547,67.6992278474886,-5.884285714285718,0.3516620993614197,27.41237695509076,3.1161448408045787,0.5227275249994486,0.8170906175724337,0.8240466303006087,0.7348319516793705,0.6112453404068947,2.619940757751465,37.5
221,221,12,NTS-h4_w2v_model,hsplit,77.7811122305422,28.88966106640273,-9.785555555555558,0.9274019002914428,69.3951943420749,1.6847965449283673,0.4995992851020774,0.8969477793426203,0.8629841436202931,0.7743505658899409,0.5133102027078471,1.1029733419418335,25.0
222,222,13,NTS-h4_w2v_model,hsplit,11.332397840186191,34.39875606642723,-3.9971428571428578,0.6243667006492615,106.20573335237246,1.9090876834691617,0.5481348494835929,0.6385633628706125,0.9133393137486671,0.717031771415538,0.5374255930935895,3.749241828918457,25.0
223,223,14,NTS-h4_w2v_model,hsplit,59.72793068678304,61.35008148978704,-13.451428571428574,0.7421599626541138,60.002206251083486,1.988454362701348,0.4991842848269579,0.9735180859856243,0.8521131383082416,0.8006287559239166,0.4986920233326728,0.2184733599424362,100.0
224,224,15,NTS-h4_w2v_model,hsplit,47.0979469721022,41.474683470651215,-9.087500000000002,0.5921502113342285,36.63073114985664,2.7643194996751674,0.49974410102109057,0.8763761942687222,1.0,0.8201177558510133,0.3707482996914122,0.3852459490299225,50.0
225,225,16,NTS-h4_w2v_model,hsplit,69.97522298221911,56.25288485712715,-2.512857142857144,0.8744198679924011,39.025985693169,2.538314778759452,0.5026138484817482,0.8653825230684906,0.9491812537948106,0.7963359099595909,0.8796172233170303,4.063504695892334,50.0
226,226,17,NTS-h4_w2v_model,hsplit,82.651681837938,32.84281351815208,-4.823333333333334,0.8420553803443909,27.86772889415782,2.9428240567459985,0.5023963954304005,0.9602843211980402,0.9820089319021,0.8443714936795185,0.8647537518430639,1.5871574878692627,37.5
227,227,18,NTS-h4_w2v_model,hsplit,20.556680845025987,35.59890401995665,-9.054285714285715,0.8997627496719359,62.90075522044175,2.420432379571281,0.506987872781417,0.8523470082496452,1.0,0.8131281419349079,0.4803205397393968,2.8795669078826904,100.0
228,228,19,NTS-h4_w2v_model,hsplit,63.15552371794039,45.49693050623159,-8.009090909090911,0.8301591277122498,76.1843899717803,2.068134140103884,0.5002739069614209,1.0,1.0,0.8660781300372471,0.4929238888952467,1.8073489665985107,50.0
229,229,20,NTS-h4_w2v_model,hsplit,36.988348418257935,46.708129507841775,-2.645454545454548,0.670945942401886,26.985823953847436,1.9993298445069263,0.5818349517040683,0.6982688823182135,0.9630276543796418,0.7645333230449273,0.4460278687377771,4.026674747467041,16.666666666666664
230,230,21,NTS-h4_w2v_model,hsplit,30.31798322935716,55.77820331450727,-2.846666666666668,0.6483216881752014,111.25717844076208,1.4647792381985882,0.49306230596769635,0.8765742632550257,0.635002449458214,0.6867122122561495,0.7718225625299273,3.6817896366119385,100.0
231,231,22,NTS-h4_w2v_model,hsplit,59.3954764774481,61.297268907563016,-6.310588235294119,0.8361791372299194,97.953200862119,1.4953543257966528,0.5040069998039068,1.0,0.8620922787207571,0.8159301752971437,0.8416228518221114,1.3843204975128174,19.444444444444443
232,232,23,NTS-h4_w2v_model,hsplit,83.18180062062373,65.56142509850207,-9.284347826086956,0.8196578621864319,58.974775211108856,2.621232978596787,0.49881307929180246,0.970489953640877,1.0,0.8545301317469621,0.8357919844580286,1.4018996953964231,33.33333333333333
233,233,24,NTS-h4_w2v_model,hsplit,78.28161456481268,58.50971836102863,-9.08705882352941,0.8069362640380859,68.84100721678116,2.637668044997638,0.5010335034802256,0.7932201775905094,0.7778096380092868,0.7036146328605658,0.5392758771777153,1.570847749710083,37.5
234,234,25,NTS-h4_w2v_model,hsplit,78.27632907698684,63.705562400051896,-14.443636363636363,0.7226936817169191,81.19134268205798,2.0934270421803376,0.5058455245222176,0.9209688484631007,0.8539052547867927,0.7817112635475038,0.5049641035083268,0.2804429233074188,50.0
235,235,26,NTS-h4_w2v_model,hsplit,65.23955893828106,71.45802334464922,-10.68,0.7453864812850952,55.54112288072479,1.9867350194713649,0.5126508562355601,0.9736326391810574,0.8226946986462712,0.7932208569409495,0.5491081745636583,1.1104559898376465,50.0
236,236,27,NTS-h4_w2v_model,hsplit,40.10000197810796,50.76795859126874,-5.616470588235295,0.7070408463478088,79.63990736388308,2.131428155524423,0.5802421978332656,0.8227230493604262,0.835430063419113,0.7553139777513631,0.7479921351474974,2.458674430847168,31.25
237,237,28,NTS-h4_w2v_model,hsplit,47.57025265979407,61.81114480777151,-8.140000000000004,0.560219407081604,61.77188785466982,2.4363812657172703,0.5550462588546793,0.7633951292165101,0.7676924121909877,0.702424399850424,0.7617145115420931,2.314335346221924,22.5
238,238,29,NTS-h4_w2v_model,hsplit,65.66833926868652,63.67049314032073,-4.92235294117647,0.8117011189460754,21.58995056624939,2.936770581486869,0.5069896230743339,0.9307451813016515,0.8562438630616513,0.7866550755047261,0.6804100504765908,3.582484006881714,31.25
239,239,30,NTS-h4_w2v_model,hsplit,76.4383812294067,81.54664975972216,-6.725263157894738,0.8065912127494812,43.76414140252265,1.8533815552162305,0.4986473495779092,1.0,0.6992019357484541,0.7610371270390293,0.8508256642985597,1.4745726585388184,50.0
240,240,31,NTS-h4_w2v_model,hsplit,69.9657920009366,55.200288324980185,-8.350000000000005,0.8795018196105957,70.69573045160384,2.4323188604542403,0.4773682816852964,0.9192476574416064,0.621935265949336,0.6975433575777505,0.690258393235623,1.6137081384658811,50.0
241,241,32,NTS-h4_w2v_model,hsplit,35.72012357536593,61.60173954090797,-10.451578947368422,0.5678837299346924,187.211725826282,1.4810397049224993,0.523420167444145,0.9523374998286539,0.7720608514854036,0.7696305052130566,0.6919866355431914,2.095921754837036,37.5
242,242,33,NTS-h4_w2v_model,hsplit,62.89868866690353,61.65764794821812,-11.07263157894737,0.7633256912231445,132.43383021296424,1.5852933201857204,0.4977007327014254,0.8954846487734607,0.6992019357484541,0.7161196646917909,0.2552936176458995,-0.1463536769151687,83.33333333333333
243,243,34,NTS-h4_w2v_model,hsplit,75.39221180326287,51.038395213965046,-4.003076923076924,0.8569054603576659,67.96706351019508,1.6282331265298682,0.5012075567090793,0.8688893691424558,0.8987464483806931,0.777586635942253,0.7195443994469113,1.258588194847107,50.0
244,244,35,NTS-h4_w2v_model,hsplit,89.01732118131126,76.95696017319001,-16.75823529411765,0.8958094716072083,73.01366044603073,2.1365567014662483,0.48974995256205917,0.9804120032901511,0.8991590622989514,0.8184435903070894,0.7735437689974485,-0.3563452064990997,100.0
245,245,36,NTS-h4_w2v_model,hsplit,76.24801174967105,42.268756469479726,-15.383333333333336,0.8437000513076782,54.10353701041251,2.2166206388864658,0.508818022744247,0.9780293305758213,0.7530178482573403,0.770816240862042,0.6572885716479624,0.2059408873319625,43.75
246,246,37,NTS-h4_w2v_model,hsplit,76.69513357508943,53.36827972414528,-11.090000000000003,0.7731004953384399,34.11803616466511,2.6987008164495525,0.5134000776889084,0.9125864337347254,0.7136826737588876,0.7316047652549557,0.7612208378811678,1.9917606115341189,31.25
247,247,38,NTS-h4_w2v_model,hsplit,69.45660789263758,68.98568700198558,-9.98076923076923,0.6856099367141724,143.10193998904953,1.6921168205891803,0.5183931485087457,0.8180278605941806,0.9558632995624514,0.7856156152087609,0.4098299162679927,1.8485727310180664,13.657407407407405
248,248,39,NTS-h4_w2v_model,hsplit,84.08964152537146,30.45325045325045,-0.8049999999999997,0.8922548890113831,85.33797173900228,1.5559286915857689,0.48997214784666276,0.9390700440249756,0.9261113068040284,0.8123232948034107,0.2560003250837326,2.6168932914733887,75.0
249,249,40,NTS-h4_w2v_model,hsplit,70.64427343447376,28.314740814740816,-16.98,0.8036214709281921,82.59317733347117,2.1417029078505228,0.5075092455731993,0.9308994557986447,0.7794249497875303,0.7597461601306463,0.7431957770056195,-0.455587387084961,21.29629629629629
250,250,41,NTS-h4_w2v_model,hsplit,81.93996322094308,28.18464787398516,-16.825000000000006,0.7408348917961121,67.88362860922007,2.033389079365136,0.5008174505799786,0.9123427882279029,0.7445457263745832,0.738813422703267,0.4586821991190659,-0.5583847761154175,20.0
251,251,42,NTS-h4_w2v_model,hsplit,76.48825826302759,60.311042920692046,-6.790000000000003,0.8476936221122742,127.1157410959728,1.5581777567369208,0.5207813620341232,0.8801009549181411,0.7998081979092743,0.7495518819785639,0.8474478505480858,1.81947124004364,37.5
252,252,43,NTS-h4_w2v_model,hsplit,55.62584989846906,69.15514505445904,-11.547407407407407,0.7772904038429259,32.983822620161064,2.1653249294757884,0.5562986315536284,0.8586422597476652,0.978067063478462,0.817180085895881,0.7825542310637141,0.8332393169403076,100.0
253,253,44,NTS-h4_w2v_model,hsplit,80.03203203845001,86.53588516746412,-5.206666666666667,0.8309494853019714,103.06228745809469,1.5106690453900906,0.4938226107985193,0.9968323817100888,0.9033011061465185,0.8273428262671604,0.6539512737875893,2.8040647506713867,100.0
254,254,45,NTS-h4_w2v_model,hsplit,69.12816270438647,70.29129743199996,-12.860000000000005,0.6483884453773499,189.9033529476033,1.1310792774114702,0.5009399776412065,0.9155729628187356,0.8856561113479238,0.7902745217141902,0.6919218528838385,0.2041321545839309,31.25
255,255,46,NTS-h4_w2v_model,hsplit,77.7811122305422,52.22003604917142,-7.163333333333334,0.8035737872123718,107.26664718618936,1.665838263578446,0.5087784488719138,0.9117911138621784,0.6349257005484628,0.7055374288610299,0.5970961446563403,0.6205610036849976,50.0
256,256,47,NTS-h4_w2v_model,hsplit,72.02093506938778,25.76014539233401,-7.232173913043479,0.7083818316459656,51.90577153285911,2.123914515285659,0.49973294153048875,0.8971336564893398,0.8283597798695616,0.7617439936011302,0.5976205424716075,0.7888568639755249,50.0
257,257,48,NTS-h4_w2v_model,hsplit,5.36051475367845,21.222966822056453,-5.682857142857145,0.5021595954895021,713.5451701758191,-0.1293072853939005,0.6078243150531671,0.4661994123664759,0.9336156449366961,0.6972399067110406,0.5844984134590184,2.5549204349517822,25.0
258,258,49,NTS-h4_w2v_model,hsplit,64.52121005104219,77.97398325358851,-7.612500000000002,0.8241122961044312,60.78547280310972,2.106158968512892,0.47511647697182213,1.0,0.860693822254699,0.8096356222312848,0.8618610766198901,1.84689736366272,50.0
259,259,50,NTS-h4_w2v_model,hsplit,66.69497349770143,63.294117985790216,-6.647619047619048,0.7639250159263611,28.055759619835293,2.963871207586088,0.5138990189513254,0.901569151716475,0.6928610138324268,0.7204108831064852,0.6482775530644826,1.117029309272766,50.0
260,260,51,NTS-h4_w2v_model,hsplit,47.26690031860887,38.601931142122986,-5.863636363636362,0.6485628485679626,121.434793706648,1.3838088423346553,0.525837670032745,0.7934757428626578,0.8802862363641232,0.7485570269233612,0.6364816857708826,1.2317752838134766,100.0
261,261,52,NTS-h4_w2v_model,hsplit,27.398997822465358,54.85160302248735,-12.775000000000002,0.6272841691970825,39.27886089246796,2.680471393845961,0.6319768139035451,0.6695450611055531,0.7545714397221999,0.6872804715706071,0.3710012431111601,0.9100672006607056,11.11111111111111
262,262,53,NTS-h4_w2v_model,hsplit,57.837030436675946,49.5762282492355,-10.153636363636364,0.6086103916168213,233.0580924779713,0.7358415486425607,0.49847831906985984,0.9132254025467426,0.9515390617481907,0.8140204453763226,0.3946817055108055,0.6543181538581848,50.0
263,263,54,NTS-h4_w2v_model,hsplit,36.39014952516981,67.91766421668382,-9.140000000000004,0.562997043132782,31.946943751321054,3.0528714899475657,0.5526929221302619,0.7830980935832315,0.7971148988615743,0.719746310013391,0.6690316471126344,1.538820743560791,43.75
264,264,55,NTS-h4_w2v_model,hsplit,52.66206190111981,68.88331548923661,-20.120000000000008,0.7495054006576538,16.155952398506713,3.8435938199865047,0.5295367058378552,0.9524984045142258,0.7915639936229744,0.7776537124436355,0.7736106420533708,-0.9836792945861816,20.3125
265,265,56,NTS-h4_w2v_model,hsplit,55.992973507213776,63.94844583991479,-16.856363636363636,0.4723675549030304,37.09769931170148,2.8617718761519884,0.5194352877618813,0.967022437728636,0.7534727328028562,0.768692953942016,0.5175752939541398,-0.7388604283332825,50.0
266,266,57,NTS-h4_w2v_model,hsplit,44.511023261452166,61.83462111045717,-8.333333333333332,0.5872179269790649,64.63237698742651,1.930002623024764,0.5065981136256574,0.9704366664516603,0.82528242494896,0.7915133296945628,0.5431131706351325,2.0861804485321045,43.75
267,267,58,NTS-h4_w2v_model,hsplit,73.15339097995039,64.91026857668497,-16.344,0.8923343420028687,59.97734819803716,2.2790139318090383,0.503110183880821,0.9519771849174408,0.8710090609485951,0.7995909791850835,0.7844418797228072,-0.3086409866809845,20.3125
268,268,59,NTS-h4_w2v_model,hsplit,47.62626542107768,51.65011886677997,-8.39294117647059,0.7972550392150879,25.82870063682313,2.3722566962170646,0.566340218835935,0.7912780829396819,0.9682855373730922,0.7925568601889563,0.4885776623669598,2.294647693634033,50.0
269,269,60,NTS-h4_w2v_model,hsplit,100.00000000000004,75.90876588762771,-14.514285714285714,0.9402937293052672,75.68190071709293,2.0822649229701886,0.48224558225321207,1.0,0.9003884411816577,0.8252797801586794,0.7904978946087853,-0.1319038867950439,25.0
270,270,61,NTS-h4_w2v_model,hsplit,12.662640519172747,50.9206248768659,-8.474444444444442,0.2710366249084473,128.46850840962944,1.8008171212505997,0.6344607673416988,0.6115446849297784,0.8078505294300844,0.6902052460107179,0.2633212497310033,1.5723159313201904,75.0
271,271,62,NTS-h4_w2v_model,hsplit,67.28541430356107,64.49529993399149,-9.98076923076923,0.827964186668396,59.19105855461075,2.159744008916162,0.49927312838017285,1.0,0.8382616395675669,0.806630074877993,0.6696937286559447,1.3813775777816772,29.166666666666664
272,272,63,NTS-h4_w2v_model,hsplit,54.39034650222093,63.05611675089235,-6.726153846153847,0.7530405521392822,352.4346810301146,0.5549299164733538,0.5197406138389801,0.822048843165483,0.9837605901297237,0.7986821447267182,0.9178822451719528,2.888505697250366,43.75
273,273,64,NTS-h4_w2v_model,hsplit,58.3986501300536,58.2654959533001,-5.5238095238095255,0.7393558621406555,38.8503684163278,2.252577788345274,0.49889832843092036,0.922182649431038,0.7254855556034889,0.7361271793225493,0.7732969203260212,2.1933038234710693,100.0
274,274,65,NTS-h4_w2v_model,hsplit,44.12739850976206,41.05989679519092,-1.5727272727272743,0.7634962797164917,584.68806992005,-0.4875666405072777,0.5359798258672611,0.933126393589671,0.6907361772506329,0.7382672747077405,0.5918611266546778,3.970696449279785,100.0
275,275,66,NTS-h4_w2v_model,hsplit,61.8065996785369,65.99993795109462,-16.791851851851856,0.7257199287414551,91.42017738447517,1.976513957756011,0.5005920654438201,0.8864966430647495,0.9060301788752817,0.7868416611540838,0.2360869771603382,-0.9271305799484252,20.3125
276,276,67,NTS-h4_w2v_model,hsplit,81.79525260739669,70.27527240578199,-13.416666666666668,0.776871919631958,46.50527532168488,2.12493164070907,0.5011575868884933,0.9399944499666746,0.9806151904846834,0.835933538959759,0.8337438615659873,0.8546798229217529,25.0
277,277,68,NTS-h4_w2v_model,hsplit,37.84869858133767,61.22176434676435,-5.230000000000004,0.4159919619560241,113.56465064190964,0.7188965954048676,0.5799380523144034,0.7072735112829113,0.9446175090725397,0.7591368349933345,0.2235721163451672,2.7625744342803955,75.0
278,278,69,NTS-h4_w2v_model,hsplit,78.69685946580964,71.99547007686543,-12.26666666666667,0.8608930110931396,53.60196570703946,2.718173444304849,0.4999999999995496,1.0,0.8231182415378181,0.8015658923947674,0.8051832406483,0.8394715189933777,50.0
279,279,70,NTS-h4_w2v_model,hsplit,53.107253497886994,23.346560846560845,-2.8566666666666656,0.7778809070587158,24.53467804796328,2.175816918211705,0.5078497366904658,1.0,0.9147956171732393,0.835616015535035,0.3992762590448062,4.138033390045166,25.0
280,280,1,DSS,hsplit,69.18977967212703,69.75753005306643,-12.407777777777778,0.8073593378067017,73.57929627918894,1.9667032438917504,0.5856346813774533,1.0,0.8915899337922631,0.8441762434609974,0.6128909088755334,-0.0943896621465683,50.0
281,281,2,DSS,hsplit,7.243975703425149,36.32027148507307,-6.705000000000003,0.4619644582271576,60.85655600992635,1.7439655327698802,0.6650612972067611,0.4697128780808875,0.9261113068040284,0.7119501081460778,0.5874973048950419,2.8713738918304443,13.88888888888889
282,282,3,DSS,hsplit,93.91044157537527,80.12312608264631,-5.196666666666669,0.9436307549476624,132.09937214206582,0.9041495352609614,0.499999999999693,1.0,1.0,0.8660254037843795,0.9219901274751736,2.344151735305786,100.0
283,283,4,DSS,hsplit,66.68478459436132,62.130619778469246,-11.16941176470588,0.7138649821281433,62.6562753323415,2.238672267643389,0.5148344350665612,1.0,0.774043015025999,0.7882886706109727,0.5775050971243116,1.1742608547210691,33.33333333333333
284,284,5,DSS,hsplit,60.726837781527976,58.061210281783886,-4.561532258064517,0.6667623519897461,109.52138043477284,1.4594681789822748,0.5677049613219006,0.9512469273341523,0.8773555160602768,0.815866071818482,0.5659581646323204,2.6307833194732666,25.0
285,285,6,DSS,hsplit,64.07117598241615,58.51535078727125,0.0,0.8027830719947815,102.1648199382557,1.9473960080383097,0.505085133466192,1.0,0.5969046391882583,0.7328952040442129,0.7459950278202694,3.8190159797668457,100.0
286,286,7,DSS,hsplit,91.21679090703871,74.93814664867297,-6.726153846153847,0.927379310131073,41.11563504873945,2.3030357194818496,0.499999999999719,1.0,1.0,0.8660254037843845,0.6645540992418925,0.6918296813964844,100.0
287,287,8,DSS,hsplit,63.43130902637188,62.03682272331027,-9.503333333333334,0.7391044497489929,144.2769222140459,0.9447602993787242,0.5000979562438722,1.0,0.8050754696418663,0.7954546870937756,0.5239666563769181,0.5688252449035645,100.0
288,288,9,DSS,hsplit,37.70950419978435,37.02694609793255,-4.142421052631581,0.4979933202266693,120.07968399787472,1.951163186424272,0.5985352821169679,0.8059675933192738,0.35061644604344844,0.6139381449993799,0.6406486162708865,2.1444337368011475,19.0
289,289,10,DSS,hsplit,43.229610540116845,65.33097415851446,-13.782500000000004,0.6861029267311096,30.494294378540268,2.9590543826695885,0.5953400334624048,0.9972458180301375,0.7228629539008538,0.7898227284532235,0.4999686775132527,0.1413650959730148,33.33333333333333
290,290,11,DSS,hsplit,38.64695004017464,65.62011866085008,-3.855,0.3725028932094574,78.4887710196555,2.1938584338078955,0.5185958443863748,0.9041847166389098,0.093456115745347,0.6042145582457747,0.4574413721263409,3.119631052017212,25.0
291,291,12,DSS,hsplit,74.43733193120507,28.88966106640273,-5.6200000000000045,0.8227646350860596,105.24911970111056,1.262829208606841,0.5381621351157275,1.0,0.8215560563183418,0.8092327307076469,0.351888648337788,2.327427387237549,33.33333333333333
292,292,13,DSS,hsplit,82.82477531331044,75.47005929545847,-7.612500000000002,0.8868564367294312,31.23136690472645,2.7443139320944177,0.5727799889801091,0.9804060838693379,0.9648547934467144,0.860274719203342,0.7870043449931674,2.661949634552002,50.0
293,293,14,DSS,hsplit,60.01945176802192,65.76675515491718,-13.030000000000005,0.6720315217971802,88.44529319292192,1.6031536715209134,0.5102969072577475,0.9813418031761686,0.7963748994958781,0.7869027150300402,0.4458230402734544,0.164172425866127,100.0
294,294,15,DSS,hsplit,50.42416758025262,56.951686572143394,-7.773333333333331,0.7368279695510864,22.802265688719928,2.6313771867852296,0.5508349308341697,0.8708538798147628,0.9820089319021,0.821816513047167,0.6721644321525537,1.999821305274964,75.0
295,295,16,DSS,hsplit,91.93227152249176,81.37673229387333,-3.355714285714285,0.940155267715454,12.905608833834073,3.609547658136389,0.499999999999697,1.0,0.9491812537948106,0.846747709878841,0.874327152147495,2.6130220890045166,100.0
296,296,17,DSS,hsplit,64.07117598241615,24.49198795803011,-5.863636363636362,0.8936237096786499,45.55343541649584,2.849733040498297,0.5035556702444813,1.0,0.8021237955268995,0.7951877967679182,0.6651233662333753,1.5723614692687988,50.0
297,297,18,DSS,hsplit,44.82700320176826,56.435185185185176,-12.320000000000006,0.5839645862579346,162.79979439591878,1.1063114901751685,0.5128171527117843,0.7890250829371107,0.8683473963988525,0.7392719874876909,0.5432042015923394,1.2653138637542725,75.0
298,298,19,DSS,hsplit,59.54165059120785,51.34124746352358,-9.55,0.8557245135307312,115.21725224898466,1.6726574167576962,0.5122034140741079,1.0,0.8946774245843339,0.8292165039863489,0.4565182626247406,1.1496713161468506,100.0
299,299,20,DSS,hsplit,69.639896108447,70.41670739126492,-3.653333333333337,0.8081701993942261,64.26213277466972,1.6155455977759934,0.5284250763732494,1.0,0.9466454273370226,0.8515418616521775,0.7056073362904567,2.119152307510376,50.0
300,300,21,DSS,hsplit,28.592291256793107,58.01900718567285,-1.4288095238095266,0.568009078502655,34.991359382837246,2.155951620850977,0.5067010151050664,0.8234322415889191,0.4678844263761044,0.6201350421862303,0.7681135054873314,4.073146343231201,100.0
301,301,22,DSS,hsplit,74.92587131922659,84.10902255639098,-8.39294117647059,0.8622851967811584,98.33146791515858,1.5395636860111734,0.4999999999996358,1.0,1.0,0.8660254037843685,0.8385026049613953,0.8753997087478638,33.33333333333333
302,302,23,DSS,hsplit,68.80124111534194,64.1861222494301,-5.6200000000000045,0.6169227361679077,88.57874797162194,2.1656805410134026,0.5645009457665037,0.9498720353854491,0.9513325567761521,0.8418138818370768,0.8299605741545006,2.459723234176636,33.33333333333333
303,303,24,DSS,hsplit,57.30574043798692,54.41751117696496,-7.612500000000002,0.8540466427803041,42.92202549346353,2.4804114713626144,0.5834365039399906,0.9769432440336785,0.7715673873410687,0.793753212991101,0.5259315531562876,1.5653332471847534,50.0
304,304,25,DSS,hsplit,62.125108287205,68.88836846987951,-15.480740740740742,0.5979459285736084,178.4617571179532,1.4938637557237948,0.5273716783768837,0.9731078398432379,0.6621923697293959,0.7446606586551705,0.4727841973022736,-0.7166644334793091,100.0
305,305,26,DSS,hsplit,59.29685949276234,60.99345511962371,-6.749000000000002,0.712790310382843,106.18218704228649,1.558727661158076,0.5463945487487709,1.0,0.7544180951852035,0.7890276009632032,0.5088090039538815,1.0670344829559326,50.0
306,306,27,DSS,hsplit,65.49602432348429,65.25606905478297,-5.312391304347828,0.7641068696975708,98.87923430799866,1.6805180304556586,0.5671765852117601,0.9821465724837659,0.795615540572362,0.7998552487907491,0.7752256350270139,1.8812410831451416,50.0
307,307,28,DSS,hsplit,84.11338959965485,83.36007304967775,-12.29818181818182,0.7563521265983582,84.48012376199605,2.1889071369796307,0.4907026985188475,0.9481532874572038,0.6552436395737551,0.7232168927902249,0.7577787944603533,0.4627961218357086,37.5
308,308,29,DSS,hsplit,71.89085812023328,69.85860920549824,-6.137499999999998,0.8281782269477844,29.576815243047424,2.6228766343184056,0.5711651829003712,0.9738634941417172,0.9648547934467144,0.8574350400694369,0.6872684738288324,4.086784362792969,50.0
309,309,30,DSS,hsplit,54.74911439088135,58.51290185786754,-4.383823529411767,0.6818381547927856,101.45356942105524,1.1386216693662925,0.5247839120924361,1.0,0.5944525546332831,0.7368337655358179,0.8162596369783084,3.1358640193939213,50.0
310,310,31,DSS,hsplit,93.51334836242394,82.60140043545216,-8.39294117647059,0.9556393027305604,41.55333675949723,2.910632689448214,0.4999999999996282,1.0,0.8310796714321521,0.8042995752552656,0.6898110787073771,2.0980327129364014,100.0
311,311,32,DSS,hsplit,30.072860482012143,52.88703737449777,-8.171666666666667,0.6212588548660278,245.17767841974387,1.1001387522506445,0.560474418996825,1.0,0.7148762138404204,0.7799956357708341,0.660510186137472,3.340778350830078,50.0
312,312,33,DSS,hsplit,61.41797522526762,69.83228489717756,-11.22727272727273,0.7012624144554138,50.1246962806884,2.416478849733398,0.4863382235766573,0.8554477691999076,0.3768370212059335,0.6083644450744302,0.6645721673610665,0.7364177703857422,100.0
313,313,34,DSS,hsplit,69.97522298221911,58.53731071806552,-4.191153846153847,0.7860519886016846,133.22053600177316,0.7611096699673628,0.5300292857908887,0.9245096487507286,0.5774549747957735,0.6997864870433892,0.5932521449195014,2.708838939666748,50.0
314,314,35,DSS,hsplit,12.7704545641638,39.54637078720341,-10.723333333333333,0.3421051800251007,356.4792438840808,0.5918437409179388,0.6474912743501312,0.5011815582960546,0.6597406630621127,0.6070929767433361,0.2840292320483261,2.5646226406097408,66.66666666666666
315,315,36,DSS,hsplit,75.56872111403112,51.80301310483378,-10.520000000000003,0.8240162134170532,70.66485851255683,2.112682211409589,0.5590567010055179,0.9873576967976295,0.6538234001989833,0.7560653973064438,0.6798952230560577,0.9232701063156128,50.0
316,316,37,DSS,hsplit,82.42510954197307,77.90247786528148,-10.73,0.8938865065574646,57.97831632432336,2.2680590601484485,0.5377740011079554,1.0,0.8173023524493976,0.8077095211330574,0.7273623196615113,0.5825187563896179,50.0
317,317,38,DSS,hsplit,74.42144493671195,70.14284683137879,-4.12846153846154,0.7508831024169922,139.82545270931084,1.5709894769165458,0.5546254236097793,1.0,0.8617747303846304,0.8266932213027655,0.5570650781294713,2.0110242366790767,16.666666666666664
318,318,39,DSS,hsplit,84.08964152537146,30.45325045325045,-0.8049999999999997,0.8886639475822449,92.37606783595314,1.310940832565472,0.4999999999997667,1.0,1.0,0.8660254037843937,0.3557531138261159,3.5393378734588623,100.0
319,319,40,DSS,hsplit,68.80430849756435,47.05258371925039,-12.69,0.9073129892349244,116.9971775252562,1.7122653560946104,0.5666828738012183,0.985848830772307,0.6493292352469879,0.7560105493843258,0.60730392979251,-0.3528377115726471,31.48148148148148
320,320,41,DSS,hsplit,53.50569432574855,36.57343580069182,-9.653529411764708,0.4733076691627502,151.07299608949197,1.145604640456918,0.539185616991564,0.8309014999064155,0.42952004241823744,0.6233259978952344,0.3519707048295909,0.1177122890949249,19.0
321,321,42,DSS,hsplit,91.93227152249176,73.9452075456258,-8.412857142857145,0.9500131011009216,77.87183950587568,1.785856606001623,0.4782177579798351,0.9679043883036926,0.8598214579729241,0.7968320752696246,0.8002325659801091,1.936068058013916,43.75
322,322,43,DSS,hsplit,48.83586747510106,64.25055254834844,-8.087692307692308,0.6998487114906311,34.80542328799919,2.310947490883096,0.6209455048440167,0.8530956837150022,0.6673184560162124,0.7208003623979434,0.6256677346333623,1.5751000642776491,100.0
323,323,44,DSS,hsplit,81.49492131269727,76.18466658327341,-5.818461538461541,0.8898745775222778,143.1155196614881,1.5213084522252514,0.5033149220527962,1.0,0.6661746120248919,0.752133526369604,0.6295759316001619,3.460754156112672,100.0
324,324,45,DSS,hsplit,52.08256326654536,60.17188412581317,-10.140000000000004,0.6202905178070068,252.51960655314565,0.8334883851422967,0.5167202028460187,1.0,0.6184252629027451,0.7414961393078996,0.5947213284671307,0.9319974184036256,50.0
325,325,46,DSS,hsplit,60.55817550955914,50.92500334821415,-7.442500000000003,0.8553053140640259,123.1850041986115,1.6753286563639322,0.5319928032500116,0.9933856205754198,0.6235673831161426,0.7435651989261223,0.5553359641797013,1.0984271764755251,50.0
326,326,47,DSS,hsplit,72.43415302753372,44.596303722238304,-2.645454545454548,0.7449722290039062,59.37344341830728,1.8086694580804776,0.5652953832415233,0.9189995301413524,0.7711753702486295,0.7656871550862702,0.6198394084201446,2.628826141357422,50.0
327,327,48,DSS,hsplit,71.6175739021126,47.40769652352293,-11.96166666666667,0.6962541937828064,100.19388536382544,2.0731739698657505,0.5013417163977927,1.0,0.702316299357738,0.7625815149748981,0.4035856841339005,0.3617787957191467,50.0
328,328,49,DSS,hsplit,27.499603187586143,48.66995586113232,-6.416666666666668,0.5982941389083862,722.1473019612728,-0.3592184219792118,0.5342245207352242,0.9420429581099437,0.2933287913142165,0.6477866298129275,0.6599767946534687,3.021246671676636,50.0
329,329,50,DSS,hsplit,78.66848995873008,74.66396209190931,-0.8760000000000048,0.8098632693290709,57.17969454614228,2.2687537425603868,0.5014700323987081,0.945709563544548,0.08112819675278733,0.6197904367020464,0.6534925161136521,1.872732162475586,50.0
330,330,51,DSS,hsplit,53.99692367877103,46.65107611044469,-7.004705882352943,0.7855032086372375,206.51268583085675,1.0636749237907264,0.47126396498665085,1.0,0.5522739368969686,0.7134648382063912,0.7015750128913809,0.3654038608074188,100.0
331,331,52,DSS,hsplit,54.11890078851618,71.58746019775431,-9.929782608695652,0.7154461145401001,39.96304455997151,2.6555849985035858,0.6186737040230114,0.8510204054124832,0.8406517545424473,0.7775363346050728,0.541213303975485,1.4403336048126218,27.77777777777778
332,332,53,DSS,hsplit,53.18510698028926,52.61207903022251,-5.362142857142857,0.6714760065078735,351.7837377432216,0.2405337900179528,0.5374624773401022,1.0,0.8644547248876506,0.8238421948264008,0.3959199566532065,1.133165955543518,50.0
333,333,54,DSS,hsplit,48.65080925510861,58.86190800083989,-5.315000000000001,0.6259502768516539,135.98534349523518,1.4462121980453873,0.5775698668612884,1.0,0.7099805857669981,0.7826577334680884,0.5530214601694935,1.3580753803253174,43.75
334,334,55,DSS,hsplit,45.45079482870868,69.97317754729038,-14.82026315789474,0.711481511592865,17.91393871879891,3.824282028385351,0.4423146801786514,0.8597600582546443,0.7828754757230467,0.7182672772165337,0.7634254388576882,-0.7605340480804443,25.0
335,335,56,DSS,hsplit,14.767511078362991,51.68995126015314,-7.571176470588237,0.3196825683116913,318.2879955338063,1.1621126907450936,0.5614749891506586,0.9315317785312213,0.544289905925559,0.7022006170005184,0.3237056208912421,1.1538958549499512,50.0
336,336,57,DSS,hsplit,44.632283681370055,66.9653019933311,-6.27555555555556,0.6219574213027954,75.38612600684769,1.640370628086484,0.5869781811968257,1.0,0.3702671042002944,0.7027662280004651,0.6169125466119676,2.542486906051636,50.0
337,337,58,DSS,hsplit,74.652145828272,67.44312523246549,-10.638333333333335,0.8095005750656128,64.88824935952,2.124188446557283,0.5808846528169087,0.9690252408930665,0.501279825360309,0.7136101551686205,0.6187815395720078,0.4388077557086945,23.4375
338,338,59,DSS,hsplit,63.004613383394286,55.16638879132101,-7.773333333333331,0.7286232709884644,63.10034748322569,1.4335521326925038,0.5238263458628338,1.0,0.6055174308319341,0.7396047141686148,0.4525984774334262,0.607785165309906,50.0
339,339,60,DSS,hsplit,100.00000000000004,75.90876588762771,-14.514285714285714,0.9402937293052672,75.68190071709293,2.0822649229701886,0.48224558225321207,1.0,0.9003884411816577,0.8252797801586794,0.7904978946087853,-0.1319038867950439,25.0
340,340,61,DSS,hsplit,20.780408077303047,59.224300839149286,-14.990000000000006,0.3907701969146729,792.3034012055417,0.4813695360479768,0.5845711865077861,0.9357617624894636,0.4365429189848723,0.6850652689946997,0.260374213873394,0.9540693759918212,100.0
341,341,62,DSS,hsplit,59.454167711814826,61.82539716284405,-5.805,0.6985201239585876,136.26893727443516,1.1943241772908684,0.587297592491478,0.9745388225411258,0.49574102815635335,0.7165667091028926,0.5486939781074707,3.0726864337921143,33.33333333333333
342,342,63,DSS,hsplit,81.53551038173119,68.96149102169709,-6.2150000000000025,0.8630109429359436,175.76510011123702,1.465798785996408,0.5525971818689429,1.0,0.9513325567761521,0.8583700210266254,0.8881930369469855,3.1436989307403564,50.0
343,343,64,DSS,hsplit,47.21572522262779,51.143356322305976,-5.780000000000001,0.7202533483505249,47.29504327173613,1.9924491221087928,0.5011502193632663,0.922182649431038,0.8075014113758818,0.764554534931625,0.7760622874233458,1.9898507595062256,100.0
344,344,65,DSS,hsplit,90.36020036098444,71.98684843421687,-4.823333333333334,0.9335945844650269,585.1120010490367,-0.2567893326319849,0.49999999999973754,1.0,0.8539052547867927,0.8122303007054578,0.7032272572870607,2.501507043838501,100.0
345,345,66,DSS,hsplit,79.70315590235035,81.58170738606476,-12.198333333333334,0.7827075719833374,67.92513891332345,2.361079289324978,0.5717421436737073,0.940454726540475,0.8581960018976764,0.8057800670154114,0.5122046064246784,-0.4916797280311585,21.875
346,346,67,DSS,hsplit,72.83931359529043,75.32987865594687,-8.213076923076922,0.7134666442871094,65.45476484970854,1.928828982117748,0.5515518896725207,0.8923207852076152,0.8992621056944828,0.7977297381638593,0.873745515135958,0.9315892457962036,21.875
347,347,68,DSS,hsplit,67.61304462994481,72.05988455988455,-5.806666666666668,0.6401646733283997,774.4381172044318,-0.6121365900297939,0.5088740988658121,1.0,0.6832399687986633,0.7584567013483127,0.4850225624584016,2.5783560276031494,100.0
348,348,69,DSS,hsplit,51.64615519906901,56.83629194153372,-7.472727272727273,0.8499863147735596,97.07295586742984,2.2699457192350154,0.572276477009468,1.0,0.6253044439059583,0.7568588626040542,0.6944541052994446,1.0464725494384766,50.0
349,349,70,DSS,hsplit,57.83569866465144,25.971506563611825,-3.466666666666669,0.7603990435600281,57.787099361870936,1.3536235549670366,0.5149366072907089,1.0,0.9219373435089333,0.8396682231461771,0.4690687780578931,3.946031332015991,50.0
350,350,1,DSS^m,hsplit,72.6807806299088,71.63807612657733,-13.149285714285714,0.7569013237953186,83.59732837535459,1.7691364894606392,0.588495642608213,1.0,0.808854923753923,0.8166136191716411,0.7839229021077794,-0.0215102266520261,50.0
351,351,2,DSS^m,hsplit,52.34484809182232,67.56272059148604,-5.22036363636364,0.4892331659793854,60.00541080018306,2.53000682307626,0.5313074219374214,0.7953284473576081,0.21677537214289194,0.5662233004006287,0.5702798170348008,1.4586167335510254,30.555555555555557
352,352,3,DSS^m,hsplit,93.91044157537527,80.12312608264631,-5.196666666666669,0.9436307549476624,132.09937214206582,0.9041495352609614,0.499999999999693,1.0,1.0,0.8660254037843795,0.9219901274751736,2.344151735305786,100.0
353,353,4,DSS^m,hsplit,66.68478459436132,62.130619778469246,-11.16941176470588,0.7138649821281433,62.6562753323415,2.238672267643389,0.5148344350665612,1.0,0.774043015025999,0.7882886706109727,0.5775050971243116,1.1742608547210691,33.33333333333333
354,354,5,DSS^m,hsplit,63.737438457957055,58.87757296712158,-6.336250000000002,0.6341418623924255,76.70107718525391,1.773468612951076,0.6022375743065781,0.8866091207151741,0.8320509733578976,0.7833846758580848,0.6164160696232421,3.1201651096343994,25.0
355,355,6,DSS^m,hsplit,64.07117598241615,58.51535078727125,0.0,0.8027830719947815,102.1648199382557,1.9473960080383097,0.505085133466192,1.0,0.5969046391882583,0.7328952040442129,0.7459950278202694,3.8190159797668457,100.0
356,356,7,DSS^m,hsplit,91.21679090703871,74.93814664867297,-6.726153846153847,0.927379310131073,41.11563504873945,2.3030357194818496,0.499999999999719,1.0,1.0,0.8660254037843845,0.6645540992418925,0.6918296813964844,100.0
357,357,8,DSS^m,hsplit,57.00832302172282,59.91836977112775,-4.823333333333334,0.7116429209709167,198.56485273602416,0.5140532509121525,0.5334557279396089,1.0,0.8647542994484041,0.8230785730184125,0.516448308541267,1.4073814153671265,100.0
358,358,9,DSS^m,hsplit,30.684617916038928,42.40843174527764,-8.558166666666667,0.4653173685073853,29.163498926086877,3.158059695843955,0.4352901501268474,0.7014217052789999,0.34991443826531027,0.5176582004696668,0.4926048292231465,1.3834201097488403,19.0
359,359,10,DSS^m,hsplit,56.81937400053214,69.95931684818083,-16.680000000000003,0.6604697108268738,26.181131174555283,3.017276440505308,0.513112459357416,0.8928866701440997,0.5946313656410507,0.6865657197658928,0.4955734491134002,-1.032649278640747,33.33333333333333
360,360,11,DSS^m,hsplit,33.24275317111827,64.67634995595522,-7.368571428571428,0.405243456363678,130.5601188166696,1.9905536121010927,0.5475774027989184,1.0,0.2728344836595422,0.6768258435594241,0.4793085324764253,2.9280779361724854,50.0
361,361,12,DSS^m,hsplit,63.85925180488685,26.414798778697147,-5.6200000000000045,0.716557502746582,125.58179104418402,1.0672926754665102,0.5417941044648089,1.0,0.7037400115067692,0.7721810788125567,0.5374365830862964,1.9239845275878904,33.33333333333333
362,362,13,DSS^m,hsplit,82.82477531331044,75.47005929545847,-7.612500000000002,0.8868564367294312,31.23136690472645,2.7443139320944177,0.5727799889801091,0.9804060838693379,0.9648547934467144,0.860274719203342,0.7870043449931674,2.661949634552002,50.0
363,363,14,DSS^m,hsplit,45.54987061442874,68.09762412975228,-2.1156097560975624,0.3780316412448883,32.05862480211678,2.7824997618695937,0.5697005055657591,0.5732653532342595,0.4667788568264782,0.5388488756726124,0.3355924632738937,2.0826888084411617,83.33333333333333
364,364,15,DSS^m,hsplit,61.298801315156354,62.873669450315504,-8.211428571428574,0.7012454867362976,51.11981307513486,1.878975788907184,0.5414556415301165,0.982451606473376,0.9907733178942475,0.8641020653946853,0.7164381334075219,1.7952154874801636,100.0
365,365,16,DSS^m,hsplit,91.93227152249176,81.37673229387333,-3.355714285714285,0.940155267715454,12.905608833834073,3.609547658136389,0.499999999999697,1.0,0.9491812537948106,0.846747709878841,0.874327152147495,2.6130220890045166,100.0
366,366,17,DSS^m,hsplit,50.934984129906766,22.070327333485228,-7.400000000000002,0.6883211731910706,22.80655004038933,3.5871783629763927,0.49463505262519025,0.8896176024366141,0.9084100892171927,0.7876742567081442,0.6782572484678693,2.609414339065552,50.0
367,367,18,DSS^m,hsplit,80.91067115702207,72.66414141414141,-10.740000000000002,0.9207056164741516,61.81988890424019,2.368450692441,0.4999999999997364,1.0,1.0,0.8660254037843879,0.4803538786040412,1.4710437059402466,100.0
368,368,19,DSS^m,hsplit,59.54165059120785,51.34124746352358,-9.55,0.8557245135307312,115.21725224898466,1.6726574167576962,0.5122034140741079,1.0,0.8946774245843339,0.8292165039863489,0.4565182626247406,1.149669170379639,100.0
369,369,20,DSS^m,hsplit,77.7811122305422,71.62737922797037,-3.689705882352943,0.8761478662490845,28.519004189246683,2.4167891342151893,0.5734928042366942,0.9735131282175743,0.9805383381716669,0.8637278197726582,0.7136337663978338,1.960215449333191,50.0
370,370,21,DSS^m,hsplit,39.491934230793206,64.32207924371237,-4.003076923076924,0.7090047597885132,20.217347312554026,2.759410545178488,0.5032101834766243,1.0,0.3900637472228951,0.6844389954924506,0.8415719815662929,3.588474988937378,100.0
371,371,22,DSS^m,hsplit,80.56920633274977,86.23931623931624,-5.6200000000000045,0.80333012342453,101.17602485320673,1.4477036432529655,0.5356912960237921,0.9669822253900753,0.907855006616129,0.8258774125930077,0.8032599340324049,1.855226993560791,33.33333333333333
372,372,23,DSS^m,hsplit,70.20458686590516,64.33348585657338,-6.0100000000000025,0.763286828994751,90.38539365661067,2.2104749303651707,0.564059023422458,0.9869016625972579,0.7772946417013322,0.7950522904310825,0.8527858737442229,2.8877694606781006,33.33333333333333
373,373,24,DSS^m,hsplit,76.24658586234858,62.90590769289928,-7.612500000000002,0.8828250765800476,60.73598696664823,2.326345623940785,0.5834365039399906,0.9769432440336785,0.7715673873410687,0.793753212991101,0.5550652438843692,1.6902059316635132,50.0
374,374,25,DSS^m,hsplit,54.50125608645581,65.37158717908765,-17.665925925925922,0.7017744779586792,187.6685387048115,1.3990662668058589,0.506633377130807,1.0,0.643191295268374,0.746184164294574,0.4830435163353971,-0.6723018884658813,100.0
375,375,26,DSS^m,hsplit,65.23955893828106,70.72595079184512,-11.624000000000002,0.7863401770591736,76.6020258643548,1.8062352207108832,0.5021601399115773,1.0,0.7948819371683629,0.792464951938474,0.4714309732721309,0.8697515726089478,50.0
376,376,27,DSS^m,hsplit,69.60917409740965,68.1957449279703,-9.503333333333334,0.7072036862373352,117.9092877268166,1.5008073390617762,0.5004917155803646,0.8630389778198747,0.6799131259098075,0.69704377992237,0.806892564051595,2.28516173362732,50.0
377,377,28,DSS^m,hsplit,36.28756879574302,51.62892205040868,-7.58666666666667,0.4980180561542511,375.3130962854885,0.5815688713723922,0.5811063107491625,0.8603346488679949,0.43511792821213396,0.6499199601712348,0.7448378941981401,2.230591058731079,35.0
378,378,29,DSS^m,hsplit,71.89085812023328,69.85860920549824,-6.137499999999998,0.8281782269477844,29.576815243047424,2.6228766343184056,0.5711651829003712,0.9738634941417172,0.9648547934467144,0.8574350400694369,0.6872684738288324,4.086784362792969,50.0
379,379,30,DSS^m,hsplit,54.74911439088135,58.51290185786754,-4.383823529411767,0.6818381547927856,101.45356942105524,1.1386216693662925,0.5247839120924361,1.0,0.5944525546332831,0.7368337655358179,0.8162596369783084,3.1358640193939213,50.0
380,380,31,DSS^m,hsplit,93.51334836242394,82.60140043545216,-8.39294117647059,0.9556393027305604,41.55333675949723,2.910632689448214,0.4999999999996282,1.0,0.8310796714321521,0.8042995752552656,0.6898110787073771,2.0980324745178223,100.0
381,381,32,DSS^m,hsplit,39.02202557527621,59.67188023717447,-7.472727272727273,0.6364911198616028,183.89132871666203,1.4318776921415897,0.5741001136830789,1.0,0.7980714305374388,0.8096313870667725,0.6471218746890524,3.145301818847656,50.0
382,382,33,DSS^m,hsplit,74.43733193120507,64.19984016682129,-9.553333333333336,0.7885866761207581,144.68132394495154,1.3238558040592536,0.5514649596732486,1.0,0.7837243044852575,0.7996535473124843,0.604649652367231,0.6368827819824219,100.0
383,383,34,DSS^m,hsplit,49.6706736311865,70.74250824694087,-4.843478260869564,0.7053241133689879,37.717415837368,1.9960769682899389,0.4887528000765238,0.6806244406600244,0.6881984195018085,0.6260314138580163,0.5282144607618602,1.849806308746338,50.0
384,384,35,DSS^m,hsplit,59.98607260206656,74.26558776788309,-10.098571428571429,0.6295874714851379,45.40268789979145,2.578664833640442,0.4948454468393829,0.8253263299516078,0.8232769485052841,0.7311681295728617,0.6063231240885704,0.7604749202728271,100.0
385,385,36,DSS^m,hsplit,72.81452158162509,49.57486028126599,-10.941428571428574,0.7285735011100769,72.21775820118293,2.054547494765393,0.5714806581163053,0.9873576967976295,0.6027317115960144,0.7449274864463936,0.6214145486790037,1.3126728534698486,50.0
386,386,37,DSS^m,hsplit,81.60528832434373,78.16843071296216,-14.630000000000004,0.8792984485626221,60.91366250536876,2.350110275716431,0.4969684014055474,1.0,0.6727590740314676,0.7526801807955494,0.8059259116097733,-0.0260752737522125,50.0
387,387,38,DSS^m,hsplit,57.847295725382345,73.9901351398958,-4.572894736842105,0.5950415134429932,65.36902129449298,2.3209453169432845,0.47436802633254127,0.7929879803778046,0.6199694497065652,0.642447683991924,0.7325074818805877,2.312018632888794,16.666666666666664
388,388,39,DSS^m,hsplit,84.08964152537146,30.45325045325045,-0.8049999999999997,0.8886639475822449,92.37606783595314,1.310940832565472,0.4999999999997667,1.0,1.0,0.8660254037843937,0.3557531138261159,3.5393383502960205,100.0
389,389,40,DSS^m,hsplit,68.80430849756435,47.05258371925039,-12.69,0.9073129892349244,116.9971775252562,1.7122653560946104,0.5666828738012183,0.985848830772307,0.6493292352469879,0.7560105493843258,0.60730392979251,-0.3528378009796142,31.48148148148148
390,390,41,DSS^m,hsplit,51.63546140902554,39.13580870134465,-7.328809523809526,0.4357061684131622,88.40717611085657,1.8590237022406075,0.4713722017988534,0.7726419566120117,0.8035978207945003,0.6987934371308893,0.4082067234107317,-0.1194548904895782,18.0
391,391,42,DSS^m,hsplit,80.91067115702207,69.78299720694486,-8.412857142857145,0.9252119660377502,125.00585266874204,1.5279086461170608,0.49999999999971995,1.0,0.7761308453010424,0.7857860372534478,0.7903506843249004,1.818069696426392,50.0
392,392,43,DSS^m,hsplit,80.93373322530728,78.33406246059543,-8.208783783783787,0.8394646048545837,35.45794881977735,2.1052058310271007,0.4971963729140674,0.9597023897144739,0.8791416428027279,0.8043885748758609,0.7526824318621523,1.5061802864074707,100.0
393,393,44,DSS^m,hsplit,81.49492131269727,76.18466658327341,-5.818461538461541,0.8898745775222778,143.1155196614881,1.5213084522252514,0.5033149220527962,1.0,0.6661746120248919,0.752133526369604,0.6295759316001619,3.460754156112672,100.0
394,394,45,DSS^m,hsplit,52.08256326654536,60.17188412581317,-10.140000000000004,0.6202905178070068,252.51960655314565,0.8334883851422967,0.5167202028460187,1.0,0.6184252629027451,0.7414961393078996,0.5947213284671307,0.9319974184036256,50.0
395,395,46,DSS^m,hsplit,60.55817550955914,50.92500334821415,-7.442500000000003,0.8553053140640259,123.1850041986115,1.6753286563639322,0.5319928032500116,0.9933856205754198,0.6235673831161426,0.7435651989261223,0.5553359641797013,1.0984271764755251,50.0
396,396,47,DSS^m,hsplit,51.01693931708503,46.3551095369277,-6.506250000000001,0.6697084307670593,19.043609145917443,2.8863513866148387,0.46467125546715465,0.7822732247742756,0.9069991004467783,0.7417362833396227,0.6447649836922302,1.5713350772857666,50.0
397,397,48,DSS^m,hsplit,56.935971959772814,40.61047732813823,-5.356521739130439,0.7108574509620667,51.77227787183912,2.4558802858337776,0.5646089704348526,0.8497224737631027,0.8877661565163995,0.7807988047654554,0.5913488127659132,1.73309588432312,50.0
398,398,49,DSS^m,hsplit,71.60350546947923,83.55579183649358,-5.772058823529411,0.6573262214660645,74.75286405866541,1.974091838732719,0.5398187759533674,0.8611026271822613,0.4890401371411351,0.651168770019725,0.7886704910132621,2.4136228561401367,50.0
399,399,50,DSS^m,hsplit,65.3736265460748,64.93667256184415,-4.830000000000002,0.5796133279800415,100.45877153226635,1.8012108331094523,0.5527738503983132,0.945709563544548,0.2881329139325248,0.6539485413891636,0.5904997040828069,1.3460429906845093,50.0
400,400,51,DSS^m,hsplit,53.99692367877103,46.65107611044469,-7.004705882352943,0.7855032086372375,206.51268583085675,1.0636749237907264,0.47126396498665085,1.0,0.5522739368969686,0.7134648382063912,0.7015750128913809,0.3654038608074188,100.0
401,401,52,DSS^m,hsplit,57.7102677147004,78.91689518532392,-6.760540540540543,0.4940615892410278,67.6415172035441,2.2973569380906187,0.5544035160153992,0.7489850010809395,0.7734936770152703,0.6991981738146096,0.4485383278241864,1.2317218780517578,33.33333333333333
402,402,53,DSS^m,hsplit,42.011245368873794,46.15153669429986,-2.4833333333333343,0.4819121062755585,843.0764870474147,-0.200162124758687,0.5784883242974856,0.8465560858685733,0.6983870423449079,0.7162519130363982,0.3021481964323256,2.1361010074615483,50.0
403,403,54,DSS^m,hsplit,46.45491571662261,59.905521211074,-8.030555555555559,0.5690308213233948,81.83664079266802,1.9916097084737845,0.5499471556721253,0.8823431344043694,0.6787509633979822,0.7168621790311991,0.7688493118342326,0.9478684663772584,43.75
404,404,55,DSS^m,hsplit,45.21425507260971,68.66737709171919,-17.092222222222222,0.6268504858016968,18.86334410314852,3.7515423193717257,0.4698079104099651,0.8436941251079314,0.4913791234980489,0.6255644630878383,0.7186700989076673,-0.6841350197792053,25.0
405,405,56,DSS^m,hsplit,29.914404968946386,62.57037396088865,-10.760135135135137,0.5163598656654358,273.7370119943285,0.9963541061714308,0.5279949655230597,0.99072164553765,0.5251859287754022,0.7155716414956198,0.3696619720934841,0.1935273557901382,50.0
406,406,57,DSS^m,hsplit,35.384345352506145,55.536382120687534,-5.105555555555559,0.5072465538978577,137.5398860889772,0.9445483404825478,0.5946881755890138,0.9322824451174194,0.5739632203359032,0.7193141089394035,0.6148029103697765,2.951345205307007,50.0
407,407,58,DSS^m,hsplit,64.44280974574026,59.88458617681975,-9.618636363636368,0.6816266179084778,74.54587581553227,1.863592397989168,0.6109750517105916,0.9427270989727212,0.8738491501729777,0.821713095552683,0.6690250510970752,1.0085043907165527,21.875
408,408,59,DSS^m,hsplit,63.004613383394286,55.16638879132101,-7.773333333333331,0.7286232709884644,63.10034748322569,1.4335521326925038,0.5238263458628338,1.0,0.6055174308319341,0.7396047141686148,0.4525984774334262,0.607785165309906,50.0
409,409,60,DSS^m,hsplit,74.31716301533396,75.47812290163999,-11.082962962962966,0.8139970302581787,43.32461136124115,2.781453399610399,0.45395314140147386,0.8572700552296753,0.960228929712445,0.7880408195092571,0.7355950608139947,-0.0565531924366951,25.0
410,410,61,DSS^m,hsplit,21.413185076106,58.67047785771524,-14.590000000000003,0.3722450733184815,1050.8038026033794,0.113291770342432,0.5743963536921219,0.9357617624894636,0.354127323045076,0.6660799271857355,0.2187547172388817,0.6866020560264587,100.0
411,411,62,DSS^m,hsplit,46.911881923295965,62.449975536748674,-8.146666666666668,0.6649114489555359,63.2682843660223,2.30598807348729,0.44426556682853713,0.7628660672315281,0.4070251734032625,0.5612503963433598,0.5732970057998175,1.728320598602295,30.555555555555557
412,412,63,DSS^m,hsplit,82.82477531331044,74.05176976595311,-8.180000000000003,0.7231827974319458,136.54088167217506,1.7311949688297603,0.5204288600439664,0.9069190481452728,0.9275218878085438,0.8069789775492533,0.8633838738004367,3.146385908126831,50.0
413,413,64,DSS^m,hsplit,61.02624546684575,61.27529958670309,-5.5238095238095255,0.6811777353286743,60.38846621708233,1.9200546614660523,0.5036571754679857,0.8397896755806794,0.8075014113758818,0.7327973296408617,0.7780949795908398,1.966055393218994,100.0
414,414,65,DSS^m,hsplit,90.36020036098444,71.98684843421687,-4.823333333333334,0.9335945844650269,585.1120010490367,-0.2567893326319849,0.49999999999973754,1.0,0.8539052547867927,0.8122303007054578,0.7032272572870607,2.501507043838501,100.0
415,415,66,DSS^m,hsplit,53.11690968597136,80.99072117408078,-10.299679487179484,0.6355672478675842,25.813814782242144,3.1600334080350194,0.5183430346232507,0.7725250279946573,0.8291234727299505,0.719472064190672,0.5597583972845817,-0.2408428639173508,25.0
416,416,67,DSS^m,hsplit,72.83931359529043,75.32987865594687,-8.213076923076922,0.7134666442871094,65.45476484970854,1.928828982117748,0.5515518896725207,0.8923207852076152,0.8992621056944828,0.7977297381638593,0.873745515135958,0.9315908551216124,21.875
417,417,68,DSS^m,hsplit,50.30989330530425,65.68127542392249,-6.936363636363637,0.592345118522644,752.9272437056177,-0.5482980400680226,0.4961306474838077,1.0,0.8903446660515828,0.8243905311883858,0.4277726619568452,2.216301679611206,100.0
418,418,69,DSS^m,hsplit,37.73656939703193,58.73721859198027,-4.455862068965518,0.7275634407997131,102.09464431998497,2.174101028027512,0.4869133971916152,0.8871020008335866,0.34674176543171886,0.6175933041903702,0.7112139422732224,0.6175928115844727,50.0
419,419,70,DSS^m,hsplit,57.83569866465144,25.971506563611825,-3.466666666666669,0.7603990435600281,57.787099361870936,1.3536235549670366,0.5149366072907089,1.0,0.9219373435089333,0.8396682231461771,0.4690687780578931,3.946031332015991,50.0
420,420,1,Hybrid,hsplit,9.409366195393869,33.97979852914125,-12.26666666666667,0.467680037021637,213.61622025311783,0.8317612053918603,0.6137560324385483,0.754442295889447,0.563659019623458,0.6489969531475799,0.3712260674494705,0.2111172825098037,37.5
421,421,2,Hybrid,hsplit,26.54159220139241,39.56117812634661,-7.163333333333334,0.4660643041133881,34.69406490513231,2.573998727551296,0.5705190733397763,0.683115655160689,0.5107739369885718,0.5924606952017717,0.7419856508940825,1.810909986495972,27.77777777777778
422,422,3,Hybrid,hsplit,93.91044157537527,80.12312608264631,-5.196666666666669,0.9436307549476624,132.09937214206582,0.9041495352609614,0.499999999999693,1.0,1.0,0.8660254037843795,0.9219901274751736,2.344151735305786,100.0
423,423,4,Hybrid,hsplit,2.6707294347290857,15.736795033670036,-0.1100000000000012,0.2841809689998627,1129.6176320290251,-0.9759198566124552,0.5352199961736744,0.6012425891176134,0.530729377137371,0.5566647007039998,0.5127358334759872,2.419013261795044,20.37037037037037
424,424,5,Hybrid,hsplit,4.493873567253544,18.749790070943057,-6.647619047619048,0.3655416965484619,359.34402077424585,0.1043183408233273,0.5618295286332496,0.6868262156232576,0.48373721386495544,0.5834907487954014,0.5965069385038482,1.097240686416626,18.75
425,425,6,Hybrid,hsplit,6.557378107648683,27.495412846238324,0.0,0.3252021372318268,78.44765022273701,1.1629343937389898,0.5201138298593049,0.33994616343521605,0.8416772350938915,0.6040149992951429,0.4589063442415661,3.2385060787200928,100.0
426,426,7,Hybrid,hsplit,0.5328986770500854,16.55215721040189,0.0,0.3472644984722137,188.6784261432529,-0.0047251004892838,0.5912161794475431,0.17651485933665595,0.8416772350938915,0.6025265234777323,0.1606020455559094,3.6853330135345455,25.0
427,427,8,Hybrid,hsplit,1.2842324080825656,26.64720141922659,-2.3114285714285714,0.0953583195805549,162.249560503615,0.1903644308921173,0.6096251831568925,0.298586785703515,0.8251880761095032,0.6169095810271104,0.1707962316771348,0.468882292509079,50.0
428,428,9,Hybrid,hsplit,9.241455237807733,19.958608402782875,0.0,0.146233782172203,1004.5681076213452,-0.6566443208579749,0.6667059245536764,0.5527752062707821,0.14170464737449004,0.5066680128020078,0.6072009834978316,3.5326240062713623,6.666666666666667
429,429,10,Hybrid,hsplit,32.057217671213486,55.5927549377885,-20.88,0.5899196267127991,34.03055756818477,2.612429208647243,0.5487617998654297,0.9106609479177261,0.5505953717320667,0.6912785590066015,0.6622966990969021,-0.8891991376876831,30.555555555555557
430,430,11,Hybrid,hsplit,26.8128283957582,50.12404766502853,-3.2300000000000004,0.3983257412910461,128.96246448129165,1.976133181212488,0.5137992212830679,0.9280951584905236,0.48246476295883894,0.6728354208129369,0.428475214564611,3.368626356124878,50.0
431,431,12,Hybrid,hsplit,93.91044157537527,32.065362963950896,-9.130000000000004,0.953506588935852,63.88672828521814,1.6703537469215142,0.49999999999962297,1.0,0.8629841436202931,0.8154225146388167,0.4648807247479757,1.2758824825286863,33.33333333333333
432,432,13,Hybrid,hsplit,9.374135397277415,41.350788549796206,-9.55,0.4385713636875153,184.3376662481241,1.400848082588881,0.5240888810721454,0.7449957700290483,0.6730591749397491,0.6538849301406692,0.2988503732615047,3.389920473098755,45.83333333333333
433,433,14,Hybrid,hsplit,24.41542281954024,44.62826643972196,-5.400000000000002,0.4842849969863892,200.94465807763828,0.8655698020918914,0.5994129125956776,0.728799753948709,0.7026768398534639,0.6792642250770516,0.254962644492737,2.087758779525757,83.33333333333333
434,434,15,Hybrid,hsplit,0.7646460560606189,14.064988453575411,-0.5199999999999996,0.2271629571914673,17884.05973007732,-1.036959537960897,0.5413884307271799,0.30246834840817594,0.1487464483806929,0.36820014512937493,0.233964635266198,3.2378649711608887,75.0
435,435,16,Hybrid,hsplit,8.226034379839799,43.04866470083861,-0.6257142857142846,0.4515458345413208,80.15151349888005,1.973863837663032,0.5626793294901097,0.6829185618819518,0.46837457146137695,0.5780312936136419,0.4841854961382018,2.859285593032837,75.0
436,436,17,Hybrid,hsplit,5.782700803395872,10.311201445347788,-6.620000000000001,0.3888263702392578,50.42496804846287,2.5346546196225512,0.5300387312113545,0.5575005868371651,0.41441300476548554,0.5044753378268966,0.5376365118556552,2.930782556533813,18.75
437,437,18,Hybrid,hsplit,3.937618219769006,20.20833333333333,-1.313333333333336,0.3469660878181457,824.1449369873543,-1.1933758420898597,0.577669551876417,0.4291693519853591,0.8232409668812207,0.6312986967091886,0.1876860343747668,3.0312116146087646,0.0
438,438,19,Hybrid,hsplit,9.977283359412496,23.042813667813665,-0.5166666666666693,0.4014717042446137,3978.4920401126265,-1.018163552313074,0.5244738842579828,0.7176737465020282,0.3229352025874131,0.5460206365932478,0.592455138762792,3.3260385990142822,75.0
439,439,20,Hybrid,hsplit,39.26470141749115,47.11210806231844,-4.790909090909089,0.6444425582885742,97.74683028980566,1.3938369955792638,0.5540936097269592,0.7612119932054648,0.8723706499266152,0.7410564480958863,0.3485136464238166,2.8257973194122314,39.58333333333333
440,440,21,Hybrid,hsplit,2.214840160739124,33.082082470669434,0.0,0.257324755191803,105.08694102126871,2.7522333727897035,0.5162058407968577,0.6736766044410248,0.1487464483806929,0.4974716552561395,0.4666272563238938,4.432672500610352,66.66666666666666
441,441,22,Hybrid,hsplit,5.543396588357396,25.91734654234654,-3.7550000000000026,0.4060320854187012,535.3171234554102,-0.4571613755568979,0.581496805674987,0.5814860406593806,0.583599116386009,0.5821948354112126,0.3926157568891842,1.8751596212387085,29.629629629629623
442,442,23,Hybrid,hsplit,10.649161243183148,32.051633443200764,-2.645454545454548,0.2794641256332397,663.9311684004676,0.1692933408876626,0.5357335472708865,0.6658966785865481,0.2497137728918794,0.5140641297853609,0.5978475934193458,3.942692995071411,13.88888888888889
443,443,24,Hybrid,hsplit,7.414852366119715,31.73504736004736,-1.0311111111111124,0.4061906337738037,340.3273314847102,0.6091855895368402,0.5486419876986955,0.6674997673803421,0.30431954142502293,0.5288901440475525,0.4394217001067268,3.9744379520416255,31.25
444,444,25,Hybrid,hsplit,0.753821333125553,27.58439487755605,-0.8049999999999997,0.1236006841063499,2445.7843852293154,-1.3055465836894942,0.6706304773233047,0.18037085141881354,0.23554369509730327,0.42338308636368654,0.2249691819565164,1.706178069114685,100.0
445,445,26,Hybrid,hsplit,39.4243757223066,56.66283932000675,-8.350000000000005,0.5579097270965576,39.214867142003975,2.260659400301037,0.5847625758711831,0.7663001570787019,0.9056067936910457,0.7636069812972553,0.3804776375040864,1.1279879808425903,43.75
446,446,27,Hybrid,hsplit,6.741599762807415,35.14477470359824,-1.2900000000000027,0.3091643452644348,165.9945056020407,0.987202610421582,0.5552395252963053,0.521438499177055,0.5065550626899346,0.5281373149766039,0.4357389145803573,2.6067473888397217,31.25
447,447,28,Hybrid,hsplit,33.15282963289312,64.04039519848344,-7.550000000000002,0.3458130061626434,306.3958319017434,1.463472178995591,0.5381304033207339,0.7635303499006652,0.5104233208462565,0.6145716374465737,0.8183523823659886,2.578038454055786,35.0
448,448,29,Hybrid,hsplit,16.111348713975108,43.46153846153846,-2.2800000000000007,0.3689899742603302,292.5646491925938,0.5380551500370085,0.5269635460161883,0.6239621899142569,0.8478202758310094,0.6796613405176433,0.171273307253917,2.7874250411987305,37.5
449,449,30,Hybrid,hsplit,14.47060077505034,37.714061204752696,-6.0100000000000025,0.4389291107654572,365.5135281842206,-0.1589331183086955,0.5204791151873074,0.700339625477657,0.438869788546003,0.5639092100857964,0.7959112481031783,1.885258913040161,43.75
450,450,31,Hybrid,hsplit,30.859069182463426,53.67342255036172,-3.653333333333337,0.3555793464183807,89.18128051249286,2.1318357755115724,0.5488461133350165,0.6670339576085815,0.6220246976920559,0.6145678919004296,0.1843897362077047,3.4753692150115967,75.0
451,451,32,Hybrid,hsplit,17.15085267304513,39.9905250844139,-11.090000000000003,0.5773890614509583,234.54049278996737,1.137240170457613,0.5149578071447639,0.9609724956663759,0.5559175002296476,0.7065630303632241,0.5290675904847463,1.9140113592147827,37.5
452,452,33,Hybrid,hsplit,18.992412865686585,32.520272869008416,-10.73,0.4694839715957642,179.54217475389595,1.2237009158546686,0.5551645705784832,0.6606338038360811,0.4219233270891759,0.5545761195539409,0.660640296797273,0.9721810817718506,83.33333333333333
453,453,34,Hybrid,hsplit,29.251718341295515,30.027982737810568,-5.863636363636362,0.6888710260391235,211.5149603691821,0.2468843493675376,0.4985812197899908,0.8967766426674297,0.8414000695986725,0.7661039217325094,0.6417474322021007,0.9748604893684388,39.58333333333333
454,454,35,Hybrid,hsplit,0.4983201305378074,24.062485737039356,0.0,0.0543413832783699,496.2949893094243,0.057204897668646,0.618945806551428,0.30417815911637486,0.15491477933553754,0.40809184129212983,0.198786075744364,2.9370357990264893,66.66666666666666
455,455,36,Hybrid,hsplit,53.42774011943154,28.97743382902246,-8.771304347826089,0.5811149477958679,24.510519720289786,2.9630322158965674,0.5617583122941772,0.8251244266279244,0.7505256407753358,0.7210389398432634,0.4717688330529649,0.9154182076454164,50.0
456,456,37,Hybrid,hsplit,51.89028619179192,49.44735642349024,-7.570000000000004,0.7099021673202515,43.49639829391013,2.6212869898715416,0.5583955461906456,0.782876739611971,0.6743504446868045,0.6780978537252349,0.6597593517175743,2.4302761554718018,31.25
457,457,38,Hybrid,hsplit,82.62451618773719,70.3070378315457,-9.799259259259262,0.7590941190719604,56.320457476571725,2.3608500604984584,0.5090963663925346,0.9773346341496743,0.9068610321532201,0.8239658223131513,0.7513863227709575,1.5037370920181274,16.666666666666664
458,458,39,Hybrid,hsplit,7.415543676501501,7.638888888888887,0.0,0.5747986435890198,96.24930362999314,0.6600869244019894,0.568615001475658,0.7198200510915521,0.8416772350938915,0.7187685056010512,0.1881572032968203,4.396175384521484,50.0
459,459,40,Hybrid,hsplit,30.83197008582097,24.81160793229759,-15.998571428571427,0.682597815990448,170.8267347136872,1.3858844218498545,0.539661695936537,0.7851676297276377,0.6225187347311373,0.6570775012443286,0.4903830452097787,-0.1668344140052795,25.0
460,460,41,Hybrid,hsplit,42.7622833245596,28.328302633160718,-12.487096774193551,0.4805100560188294,77.59662051606905,1.636385536894812,0.5491086833319144,0.8426231907255887,0.5887412174305737,0.6728423313973625,0.3077754214342333,-0.0941425412893295,18.0
461,461,42,Hybrid,hsplit,69.97522298221911,59.244270807738296,-5.884285714285718,0.8367981910705566,85.66744071124153,1.8804825662055145,0.5122736101897758,0.9411866994407954,0.7198411420278155,0.745302606251768,0.5929785320935426,1.3112738132476809,50.0
462,462,43,Hybrid,hsplit,2.2539292601200507,30.54698780302975,-1.5727272727272743,0.1416981220245361,640.4949089763526,-0.985025837791285,0.6549505480699291,0.35068141516545964,0.3305674263284951,0.46947222094212526,0.2993447649336997,2.5965235233306885,66.66666666666666
463,463,44,Hybrid,hsplit,57.3753420737433,66.80886243386243,-7.58666666666667,0.724018394947052,190.1283291430337,1.223198757618474,0.5029807767927831,0.8499996884395625,0.6840687643811502,0.6936471741388361,0.3731799574693044,3.841759204864502,100.0
464,464,45,Hybrid,hsplit,3.6486003903574193,26.47261253227595,-8.89777777777778,0.1526652127504348,2116.5843612192643,-1.2123414951046143,0.6138562839955474,0.5833758135752009,0.30431954142502293,0.5195373777244796,0.2294788012901942,0.4075925648212433,50.0
465,465,46,Hybrid,hsplit,21.043393988399558,29.37985599560659,-2.645454545454548,0.4559963643550873,243.4908871445184,0.3248243965335315,0.5856382813572051,0.7284203162363381,0.6729793317676918,0.6649485029392268,0.2885021890203157,1.7043168544769287,31.25
466,466,47,Hybrid,hsplit,5.7827008033958665,17.257273328288846,-2.2800000000000007,0.2848742008209228,278.5560014479908,0.1976921575433531,0.6191372477514513,0.5286826251584686,0.8567222014984083,0.6823511266784307,0.4239312729073895,2.5268633365631104,37.5
467,467,48,Hybrid,hsplit,41.93947679212311,31.670570597741285,-7.004705882352943,0.6391133069992065,291.10350027087605,0.6498440369400685,0.5313242261686973,0.8073148258671069,0.6257871611124489,0.6647486322893741,0.3776498452656799,0.9132946729660034,43.75
468,468,49,Hybrid,hsplit,70.0418991088418,79.9774618740136,-6.780000000000001,0.842268705368042,74.07923399850915,1.7535838231873682,0.49999999999969774,1.0,0.9538385856562642,0.8484904335517363,0.8265481094519297,1.853734254837036,50.0
469,469,50,Hybrid,hsplit,32.831311083734306,45.72730539397902,-3.885555555555555,0.3269333243370056,39.65548155248192,2.8422309954991154,0.5047470324253336,0.5128806673906116,0.4629094146162423,0.4939977300438981,0.6080867280030535,2.4503519535064697,50.0
470,470,51,Hybrid,hsplit,7.631450263581512,18.09612030554941,0.0,0.1914476901292801,150.12358783310526,0.78335034920405,0.5757823208657533,0.5258192680374563,0.38626142237039396,0.5023972764232836,0.5132719145880805,2.490149736404419,100.0
471,471,52,Hybrid,hsplit,29.73174218737593,47.10277368174811,-11.470000000000002,0.6989696621894836,38.60014139255526,2.5981439484446818,0.5697137258552419,0.8293937380836796,0.6538647658138997,0.6928219670721445,0.5351017168274632,0.7165102958679199,27.77777777777778
472,472,53,Hybrid,hsplit,6.633660513082996,23.465621559995427,-4.823333333333334,0.2791374623775482,1083.7975620973784,-1.1106422488392589,0.5537320050627278,0.7598038568906994,0.3912873851371837,0.5879418486393208,0.1708989292383194,1.3071142435073853,45.83333333333333
473,473,54,Hybrid,hsplit,1.9766511019285289,35.29593862927197,-7.633846153846158,0.1455161571502685,2825.401867946571,-1.202947394369252,0.5254728103082,0.7357136628482166,0.41368764351050624,0.5740307002440469,0.492654049175757,1.501773476600647,43.75
474,474,55,Hybrid,hsplit,51.68274638299409,67.44980599372464,-21.037142857142857,0.8106804490089417,16.729669050207953,3.828466682297408,0.4999999999994583,1.0,0.8250319360373342,0.8022214356566334,0.7600842613128967,-1.0339124202728271,25.0
475,475,56,Hybrid,hsplit,56.21272694649005,66.13704566143555,-18.125833333333336,0.5249473452568054,40.119493754915226,2.712458982869009,0.5000049836115216,1.0,0.6999870848018047,0.761574444276611,0.5055298845709105,-0.6435478925704956,41.66666666666666
476,476,57,Hybrid,hsplit,29.95299468426225,54.64543189453585,-4.541111111111113,0.4803878664970398,40.95933425965824,2.4104507188951843,0.5403823910406319,0.8709715428287886,0.5922638875152658,0.6834669144440586,0.4993442311173393,3.345892429351806,37.5
477,477,58,Hybrid,hsplit,15.174713854635394,31.664752879272385,-5.806666666666668,0.4442290067672729,48.08532410321872,2.138774153673364,0.5889841176619988,0.5450186877946873,0.6212674588050215,0.5859240326963827,0.4895486086606979,1.2869939804077148,14.0625
478,478,59,Hybrid,hsplit,27.586176269974256,38.66996839356551,-2.45,0.4484563767910004,210.7803775450013,0.1845289446833318,0.5866647811851603,0.5588965134879299,0.5007308407538673,0.5499309814737575,0.4057077409492599,3.332839250564575,43.75
479,479,60,Hybrid,hsplit,20.56781520232637,36.92574139724875,-9.44923076923077,0.5466237068176271,234.9635081793064,0.7101400937926649,0.5726831587969805,0.7568997738103979,0.30500502695605897,0.5755841480421969,0.6654240755278418,1.7594387531280518,17.1875
480,480,61,Hybrid,hsplit,59.3995326828994,69.49410122833781,-14.143076923076926,0.3494004309177399,138.80759692298724,1.741446223300516,0.5091414435009327,0.9231834176488025,0.8200296222842781,0.7711336273166566,0.2245669631415573,0.2778412699699402,100.0
481,481,62,Hybrid,hsplit,6.510949743195285,33.27072921718904,-3.6500000000000017,0.2164144665002823,352.9144652336269,-0.1948298668218825,0.5923102139582234,0.5080791498933345,0.438869788546003,0.516908277941707,0.3662123474993824,3.902162313461304,19.444444444444443
482,482,63,Hybrid,hsplit,7.7112141942989085,46.19238015071348,-4.964444444444447,0.3215592801570892,2405.760060850066,-1.8482849049009973,0.5592929554984533,0.5602072169546232,0.45671202238302394,0.5276446428507956,0.3520540660454167,3.49008846282959,43.75
483,483,64,Hybrid,hsplit,2.443692662619928,25.53232779620809,-0.6257142857142846,0.3455767631530761,35.22809339402926,1.6618145130239657,0.5788475236817419,0.32951998475682975,0.875155811802305,0.6349660282141025,0.1569949646790822,2.4364445209503174,50.0
484,484,65,Hybrid,hsplit,17.21223980181977,39.60548467127415,-3.718181818181818,0.685248613357544,1125.363912504122,-0.8876459586893202,0.5068887459357175,0.9743775067894836,0.45858976480160196,0.6871807862259546,0.5122434486945471,3.554853916168213,100.0
485,485,66,Hybrid,hsplit,1.2000360903441931,27.09277656212512,-8.370000000000001,0.1997593492269516,729.6291923704739,-0.5138364675029088,0.6214516333605686,0.45094961534655525,0.26395730398149503,0.4687682961808546,0.5657220147424675,0.39664027094841,14.0625
486,486,67,Hybrid,hsplit,23.74007821067205,39.14370512707361,-2.997777777777777,0.3877700865268707,689.844768098584,-0.4133248103429147,0.5687947059432394,0.6258387228017462,0.4157343777242654,0.5440700314263963,0.4564183385559806,2.1065115928649902,19.27083333333333
487,487,68,Hybrid,hsplit,91.21679090703871,80.7044125465178,-4.910769230769231,0.7615828514099121,108.89612013759611,1.363979764362677,0.4999999999997077,1.0,0.8651346623091,0.8161817575206289,0.5232564558585485,2.387631893157959,100.0
488,488,69,Hybrid,hsplit,12.461367984248874,32.091936609415114,-8.009090909090911,0.4373504817485809,491.7816235252352,0.2292647695919662,0.5696621878542178,0.5898876287213383,0.3198852184821983,0.508202379567019,0.6065248052095189,1.070191502571106,41.66666666666666
489,489,70,Hybrid,hsplit,25.9162669876144,15.029239766081872,-3.7550000000000026,0.4978365302085877,132.4426082664709,0.2359274113144209,0.49760245189739766,0.7539931179011324,0.8446426830621697,0.7140343325142084,0.167483573158582,3.341913938522339,25.0
490,490,1,SENTS-h1_default_model,hsplit,24.17122830597853,53.54963561327511,-9.781176470588235,0.5571006536483765,44.86917313578335,2.152545188441827,0.663406471527404,0.49637191671859043,0.8524835833133658,0.686348183259324,0.4654785657212848,1.5980883836746216,25.0
491,491,2,SENTS-h1_default_model,hsplit,3.6219878517125736,27.633474965321174,-3.7550000000000026,0.4327823221683502,35.260478139576605,2.1851254943177283,0.6692835431999778,0.4697128780808875,0.9261113068040284,0.7132677855297669,0.6274316143474461,3.3762614727020264,13.88888888888889
492,492,3,SENTS-h1_default_model,hsplit,93.91044157537527,80.12312608264631,-5.196666666666669,0.9436307549476624,132.09937214206582,0.9041495352609614,0.499999999999693,1.0,1.0,0.8660254037843795,0.9219901274751736,2.3441524505615234,100.0
493,493,4,SENTS-h1_default_model,hsplit,66.68478459436132,62.130619778469246,-11.16941176470588,0.7138649821281433,62.6562753323415,2.238672267643389,0.5148344350665612,1.0,0.774043015025999,0.7882886706109727,0.5775050971243116,1.1742613315582275,33.33333333333333
494,494,5,SENTS-h1_default_model,hsplit,0.4936706458679133,18.059523621937085,0.0,0.1896638721227646,452.3020997736537,-0.5199380797575639,0.7023166287149781,0.27767133584593995,0.8574258413670957,0.6596789853567954,0.2334363795816898,3.822360038757324,3.125
495,495,6,SENTS-h1_default_model,hsplit,64.07117598241615,58.51535078727125,0.0,0.8027830719947815,102.1648199382557,1.9473960080383097,0.505085133466192,1.0,0.5969046391882583,0.7328952040442129,0.7459950278202694,3.819015026092529,100.0
496,496,7,SENTS-h1_default_model,hsplit,91.21679090703871,74.93814664867297,-6.726153846153847,0.927379310131073,41.11563504873945,2.3030357194818496,0.499999999999719,1.0,1.0,0.8660254037843845,0.6645540992418925,0.6918292045593262,100.0
497,497,8,SENTS-h1_default_model,hsplit,63.43130902637188,62.03682272331027,-9.503333333333334,0.7391044497489929,144.2769222140459,0.9447602993787242,0.5000979562438722,1.0,0.8050754696418663,0.7954546870937756,0.5239666563769181,0.5688257217407227,100.0
498,498,9,SENTS-h1_default_model,hsplit,0.5182373261355889,15.427542063194077,-7.58666666666667,0.1544472575187683,116.99996698859152,2.000920745063885,0.6000979212396751,0.36193795330097295,0.0684911628657039,0.4065331624466295,0.1760944235655996,3.195383787155152,3.0
499,499,10,SENTS-h1_default_model,hsplit,3.2842813476494515,35.695970577396004,-16.62333333333334,0.3621743023395538,59.4664343887659,2.110217662464194,0.726118322779459,0.4478235371882311,0.6190565126509843,0.6085569556996923,0.5595319869471531,0.5945881009101868,13.88888888888889
500,500,11,SENTS-h1_default_model,hsplit,35.60169245739047,65.86564293861801,-6.727142857142859,0.3923198580741882,53.46984607988455,2.7046784132277457,0.49944502115271566,0.8995771686155584,0.5706530555743562,0.6792960378914263,0.5299310803413392,2.4678709506988525,25.0
501,501,12,SENTS-h1_default_model,hsplit,48.9504042821066,23.543253398478303,-4.823333333333334,0.5608858466148376,145.14595334306048,1.0441904993482514,0.5533176193221976,0.7156370291617654,0.8198872137186277,0.7048668405165041,0.22961918099059,2.7537767887115483,19.444444444444443
502,502,13,SENTS-h1_default_model,hsplit,27.299909600490984,45.22049836872768,-5.230000000000004,0.4961282908916474,57.95465599285343,1.6334588465926083,0.6019189803358241,0.5402991479231556,1.0,0.7425697785696656,0.3409839232486707,3.7141172885894775,25.0
503,503,14,SENTS-h1_default_model,hsplit,30.27422340657588,51.14444488269615,-8.474444444444442,0.6371179819107056,69.70451403887428,1.9173987795127123,0.5752205704275055,0.7997699429829598,0.8711941129573203,0.759273742641261,0.4513538078865921,1.140990138053894,16.666666666666664
504,504,15,SENTS-h1_default_model,hsplit,50.42416758025262,56.951686572143394,-7.773333333333331,0.7368279695510864,22.802265688719928,2.6313771867852296,0.5508349308341697,0.8708538798147628,0.9820089319021,0.821816513047167,0.6721644321525537,1.999820709228516,75.0
505,505,16,SENTS-h1_default_model,hsplit,91.93227152249176,81.37673229387333,-3.355714285714285,0.940155267715454,12.905608833834073,3.609547658136389,0.499999999999697,1.0,0.9491812537948106,0.846747709878841,0.874327152147495,2.613020420074463,100.0
506,506,17,SENTS-h1_default_model,hsplit,64.07117598241615,24.49198795803011,-5.863636363636362,0.8936237096786499,45.55343541649584,2.849733040498297,0.5035556702444813,1.0,0.8021237955268995,0.7951877967679182,0.6651233662333753,1.5723612308502195,50.0
507,507,18,SENTS-h1_default_model,hsplit,8.428828344718168,26.14766081871345,-9.96,0.584031343460083,138.82884509615593,1.3811153663595117,0.5227046825077943,0.6063376001568246,0.8683473963988525,0.6818828519406583,0.5830587049325306,3.0013303756713867,75.0
508,508,19,SENTS-h1_default_model,hsplit,47.79995354275012,43.18690180917793,-11.520000000000003,0.6857144832611084,180.84915883095948,0.9564866026619036,0.5234291040158289,0.8678147958836425,0.8502019303112314,0.763746002540619,0.2942941569619709,1.1260905265808103,75.0
509,509,20,SENTS-h1_default_model,hsplit,23.220436571891646,40.60097650171179,0.0,0.5724737644195557,85.37439913425371,0.2156579314355488,0.6143591059185031,0.4807658996815762,0.8707199669098674,0.6749632637156727,0.2519022126992543,4.412487506866455,6.25
510,510,21,SENTS-h1_default_model,hsplit,32.39328619039837,59.70308241201732,-4.003076923076924,0.6980454325675964,31.01791892383069,2.3162929849467813,0.5032101834766243,1.0,0.3663069611420535,0.6800493311850505,0.834625860622951,3.5172111988067627,100.0
511,511,22,SENTS-h1_default_model,hsplit,50.07200877171506,51.54387617115813,-2.342222222222226,0.6604813933372498,65.71301559435827,1.7744503907408746,0.5178477481674256,0.8905331330969979,0.8494655398312999,0.7708885035650984,0.187100704262654,1.6072340011596682,22.22222222222222
512,512,23,SENTS-h1_default_model,hsplit,4.677501826658179,31.275555298250605,0.0,0.134378120303154,56.585689137470176,1.8585956184997008,0.6394948179177126,0.3718940836928648,0.8953201098048084,0.6705363352447198,0.5392510537747983,4.138765811920166,5.555555555555555
513,513,24,SENTS-h1_default_model,hsplit,26.0896969591056,34.450198726514515,-6.0100000000000025,0.6251047849655151,51.354712500759256,2.0694206428533177,0.5854865978675099,0.6814086552858071,1.0,0.7761254863703598,0.2889761024465164,2.8695056438446045,25.0
514,514,25,SENTS-h1_default_model,hsplit,57.50762652770366,65.57354589943239,-14.60666666666667,0.5566998124122621,185.7198488636352,1.4901355430057193,0.5283428908008533,0.9301435437550252,0.6621923697293959,0.7263635354230441,0.3983587014278504,-0.489758312702179,50.0
515,515,26,SENTS-h1_default_model,hsplit,40.33448664963614,54.12060133410756,-10.451578947368422,0.6776877641677856,88.24464635846971,1.7237714695492108,0.55440514837737,0.8851010507663031,0.7376957150740113,0.7382330044670865,0.3518090322362854,1.1317585706710815,31.25
516,516,27,SENTS-h1_default_model,hsplit,6.462306146960382,37.6810405832145,0.0,0.3811369836330414,84.08743152909861,1.893088944059507,0.6336547283889405,0.42146566534973307,0.9261113068040284,0.6920582283952269,0.5955238739649455,4.309702396392821,3.125
517,517,28,SENTS-h1_default_model,hsplit,84.11338959965485,83.36007304967775,-12.29818181818182,0.7563521265983582,84.48012376199605,2.1889071369796307,0.4907026985188475,0.9481532874572038,0.6552436395737551,0.7232168927902249,0.7577787944603533,0.4627961218357086,37.5
518,518,29,SENTS-h1_default_model,hsplit,31.76050446027025,44.40890087819913,-3.653333333333337,0.6015453934669495,50.7330256090804,1.9727063514020515,0.5721243900396901,0.6951969153524136,0.9356149858559684,0.7496666971732754,0.5645229890942574,4.0319247245788565,25.0
519,519,30,SENTS-h1_default_model,hsplit,38.78067693076935,51.82999149384366,-4.910769230769231,0.6992437243461609,88.23450606446931,1.4638911357841693,0.5445002643782312,0.9089761009598355,0.6884071969896579,0.7295255441932257,0.8623788607782787,2.2324812412261963,25.0
520,520,31,SENTS-h1_default_model,hsplit,93.51334836242394,82.60140043545216,-8.39294117647059,0.9556393027305604,41.55333675949723,2.910632689448214,0.4999999999996282,1.0,0.8310796714321521,0.8042995752552656,0.6898110787073771,2.098031997680664,100.0
521,521,32,SENTS-h1_default_model,hsplit,11.684036632167324,55.23262499750498,-4.964444444444447,0.4644803702831268,72.34449084945665,1.789965062457297,0.6359222507168878,0.5147488244466144,0.806823327275648,0.6634072009111124,0.6428634247846073,3.1821839809417725,18.75
522,522,33,SENTS-h1_default_model,hsplit,73.6320340708237,70.46585598302252,-13.251764705882357,0.8029289245605469,118.00558170885608,1.643443975569193,0.5005380458847684,0.9876782917222557,0.7007244876314641,0.75654071291282,0.675314344258772,-0.0089693944901227,100.0
523,523,34,SENTS-h1_default_model,hsplit,34.33629176453737,33.64834036551561,-7.368571428571428,0.7493373155593872,224.4811314134761,0.2518099041886899,0.5400803672809903,0.7086204378409805,0.6136720930079295,0.6246127242233236,0.6279520513834776,1.0010579824447632,29.166666666666668
524,524,35,SENTS-h1_default_model,hsplit,12.7704545641638,39.54637078720341,-10.723333333333333,0.3421051800251007,356.4792438840808,0.5918437409179388,0.6474912743501312,0.5011815582960546,0.6597406630621127,0.6070929767433361,0.2840292320483261,2.564622163772583,66.66666666666666
525,525,36,SENTS-h1_default_model,hsplit,49.49610936340386,40.7331013448285,-14.630000000000004,0.7250891923904419,124.3388431211442,1.5857429950721669,0.5771055896093401,0.826328996060251,0.7141723003512563,0.7131882747861399,0.6552305757116388,1.294855713844299,25.0
526,526,37,SENTS-h1_default_model,hsplit,65.45959733543216,75.35512978063444,-13.251764705882357,0.8598808646202087,108.59407251355591,1.6416715759670142,0.5369091811718794,0.8548613964725638,0.8019071025590487,0.7443373959749545,0.8059957960965457,0.0929941684007644,50.0
527,527,38,SENTS-h1_default_model,hsplit,22.01963922466113,50.6810139270016,-5.818461538461541,0.4732998907566071,313.56878365578166,0.6984012569349735,0.5935240955831816,0.5134130817733278,0.7858362269420467,0.6411974267333297,0.4873834583494399,3.5049936771392822,7.638888888888888
528,528,39,SENTS-h1_default_model,hsplit,84.08964152537146,30.45325045325045,-0.8049999999999997,0.8886639475822449,92.37606783595314,1.310940832565472,0.4999999999997667,1.0,1.0,0.8660254037843937,0.3557531138261159,3.5393369197845463,100.0
529,529,40,SENTS-h1_default_model,hsplit,33.241660012938524,29.16666666666666,-11.706666666666669,0.6432085633277893,144.88291339493705,1.3204641047958756,0.6161461659195746,0.6657069683177606,0.8198872137186277,0.7059312782095035,0.4663054714600246,-0.1027045249938964,20.37037037037037
530,530,41,SENTS-h1_default_model,hsplit,12.546827686417576,21.02162269660221,-6.875000000000004,0.3439575135707855,167.13774337582169,0.6763842533242671,0.6480961657171179,0.5453827390692539,0.49969081534377097,0.5677915941114411,0.3659605648855295,1.6276746988296509,7.000000000000001
531,531,42,SENTS-h1_default_model,hsplit,1.4350755161376996,14.543040293040292,0.0,0.0832597017288208,289.9220027721187,2.2637833701829235,0.4856851252980729,0.15418995759491627,0.45580283841953717,0.3947238745715092,0.2222170253594716,3.888328790664673,0.0
532,532,43,SENTS-h1_default_model,hsplit,3.079878617878622,40.30649267206908,-2.342222222222226,0.5288755893707275,66.57324338315385,1.4368380454549352,0.7146030174386718,0.4331249350261576,1.0,0.7523861335497591,0.5109943364347731,3.001664400100708,33.33333333333333
533,533,44,SENTS-h1_default_model,hsplit,81.49492131269727,76.18466658327341,-5.818461538461541,0.8898745775222778,143.1155196614881,1.5213084522252514,0.5033149220527962,1.0,0.6661746120248919,0.752133526369604,0.6295759316001619,3.4607527256011963,100.0
534,534,45,SENTS-h1_default_model,hsplit,5.605970908084418,31.41596134315388,-6.705000000000003,0.4343818128108978,1353.2484662018965,-0.5630184418159101,0.6144536706092932,0.5188748374768402,0.5904385041764678,0.5760214224910957,0.2594765548904737,3.063014507293701,18.75
535,535,46,SENTS-h1_default_model,hsplit,44.57326615161554,45.900985892762215,-7.773333333333331,0.7743266820907593,110.27199557340356,1.7442034773595578,0.5231135275082455,0.8250084043215548,0.5263116621790119,0.6406482642888509,0.6765240124530263,1.1800289154052734,37.5
536,536,47,SENTS-h1_default_model,hsplit,39.137658826183205,37.99348109987978,-4.003076923076924,0.5453862547874451,74.70091179282709,1.3605113053155478,0.5595853667818327,0.7200335152698168,1.0,0.7813629216158493,0.4244861230254173,2.186980724334717,37.5
537,537,48,SENTS-h1_default_model,hsplit,71.6175739021126,47.40769652352293,-11.96166666666667,0.6962541937828064,100.19388536382544,2.0731739698657505,0.5013417163977927,1.0,0.702316299357738,0.7625815149748981,0.4035856841339005,0.3617783486843109,50.0
538,538,49,SENTS-h1_default_model,hsplit,10.903981732294609,37.73827579942131,-0.946428571428573,0.3453793227672577,1417.0383325486252,-1.2632329296008482,0.5689912088641347,0.5391446165132175,0.8275521300883986,0.6580958494762749,0.4571968217690786,2.430100202560425,18.75
539,539,50,SENTS-h1_default_model,hsplit,10.603599893273511,39.45681783760713,0.0,0.141091376543045,67.3871257540317,1.7962830519236768,0.6250356864664353,0.3447859645924065,0.43936627275454854,0.48393859540603856,0.177660409361124,2.573559045791626,18.75
540,540,51,SENTS-h1_default_model,hsplit,1.975044331343572,18.110606176383783,0.0,0.2181326001882553,362.4835685212194,-0.1553579370444879,0.5994780696738491,0.30416299018104354,0.8987464483806931,0.6479800046021655,0.6505034963289897,4.420613765716553,50.0
541,541,52,SENTS-h1_default_model,hsplit,31.55145476446261,62.12058167717577,-11.863529411764706,0.5975613594055176,37.47574572375695,2.664192325021848,0.6402118581443925,0.6695450611055531,0.8253969566085892,0.7163430156329336,0.4368054384489855,0.7931851148605347,11.11111111111111
542,542,53,SENTS-h1_default_model,hsplit,50.30130605717172,51.44935366491094,-8.588421052631581,0.6128515005111694,257.0828540506797,0.4811208509533794,0.5439948663169181,0.9471210059801201,0.9185715557422748,0.8239624420175836,0.6090514936932812,0.6459699273109436,37.5
543,543,54,SENTS-h1_default_model,hsplit,3.0952566927235843,34.542153249049804,-9.655,0.1464746296405792,3572.1416643810608,-2.2213031417880487,0.6335743593140065,0.4420271046969158,0.40968821626114876,0.5048593416685925,0.5634370432959662,3.1619689464569087,12.5
544,544,55,SENTS-h1_default_model,hsplit,26.88398122091331,53.35826705847455,-14.080000000000002,0.489766776561737,38.49847203723467,2.9766472302481466,0.6115322110866405,0.7876849699777408,0.5486198036690724,0.6571156534693218,0.5337423013106014,-0.142216220498085,15.625
545,545,56,SENTS-h1_default_model,hsplit,0.3147550935192578,45.33478158955008,-8.89777777777778,0.1688467413187027,861.0585448642706,0.0410225214664109,0.6932717725607807,0.30373002906314145,0.5579766862454645,0.5428982911429275,0.5125946870556584,3.2390644550323486,16.666666666666664
546,546,57,SENTS-h1_default_model,hsplit,31.072274116055564,62.96728972836462,-4.003076923076924,0.4749604761600494,25.944873946960755,2.1331161696835568,0.6035738678255578,0.7335537868663323,0.8922266827530131,0.7524340559287762,0.4972940345605215,3.924972295761109,25.0
547,547,58,SENTS-h1_default_model,hsplit,25.014274259960786,47.54533653104572,-13.372727272727271,0.5622652769088745,196.461327018705,0.8166426438261567,0.6103300606298317,0.6756081313500917,1.0,0.7808006852060638,0.6102041254440944,1.8872778415679927,6.25
548,548,59,SENTS-h1_default_model,hsplit,27.635586236190427,42.73785436450633,-4.823333333333334,0.6984869241714478,23.12275976764898,2.206149390110076,0.6397228189103457,0.6620434283631098,0.9535536541049652,0.7652475323558843,0.4119258663720554,3.5477297306060787,31.25
549,549,60,SENTS-h1_default_model,hsplit,100.00000000000004,75.90876588762771,-14.514285714285714,0.9402937293052672,75.68190071709293,2.0822649229701886,0.48224558225321207,1.0,0.9003884411816577,0.8252797801586794,0.7904978946087853,-0.1319038867950439,25.0
550,550,61,SENTS-h1_default_model,hsplit,4.907136236160318,51.49337338761928,-11.3,0.1548908352851867,1836.8635085749363,-0.4792251014700849,0.6161876240891898,0.6315906248272566,0.2749629326569087,0.5336036356028235,0.3150415482029082,1.798550724983215,75.0
551,551,62,SENTS-h1_default_model,hsplit,31.881961760235782,53.680855361341855,-5.993333333333336,0.6298682689666748,153.89156131684726,0.7538361531268818,0.6121756567590078,0.7129473938947815,0.8302885616634023,0.7239779271079942,0.5231300375816894,2.9379084110260014,9.72222222222222
552,552,63,SENTS-h1_default_model,hsplit,27.64530466295645,55.50349093406706,-7.368571428571428,0.5394520759582521,2569.886104099062,-1.5773795549710514,0.5782787211102373,0.5536935451141024,0.9133393137486671,0.7012302340004078,0.7909211553633213,3.581211566925049,31.25
553,553,64,SENTS-h1_default_model,hsplit,47.21572522262779,51.143356322305976,-5.780000000000001,0.7202533483505249,47.29504327173613,1.9924491221087928,0.5011502193632663,0.922182649431038,0.8075014113758818,0.764554534931625,0.7760622874233458,1.9898515939712524,100.0
554,554,65,SENTS-h1_default_model,hsplit,90.36020036098444,71.98684843421687,-4.823333333333334,0.9335945844650269,585.1120010490367,-0.2567893326319849,0.49999999999973754,1.0,0.8539052547867927,0.8122303007054578,0.7032272572870607,2.501507520675659,100.0
555,555,66,SENTS-h1_default_model,hsplit,37.1004772939375,54.612755807910254,-5.077941176470592,0.5765040516853333,112.4707251015168,1.4512637082755404,0.6021863634637212,0.6735145102011212,0.7861332007974566,0.6914370593648109,0.5388508451632177,0.4080856144428253,14.0625
556,556,67,SENTS-h1_default_model,hsplit,0.7051182147062657,23.8302373857052,0.0,0.2595793306827545,534.2374467052615,-0.1600626571384111,0.6332812349633093,0.22781739098045564,0.8443429111912331,0.6233941604551335,0.6211634432827985,1.5907284021377563,4.6875
557,557,68,SENTS-h1_default_model,hsplit,67.61304462994481,72.05988455988455,-5.806666666666668,0.6401646733283997,774.4381172044318,-0.6121365900297939,0.5088740988658121,1.0,0.6832399687986633,0.7584567013483127,0.4850225624584016,2.578356504440308,100.0
558,558,69,SENTS-h1_default_model,hsplit,1.1326951138550656,22.775887002860685,-0.8049999999999997,0.0744952782988548,244.761482357192,0.4582290940599919,0.6299867185865473,0.31748716207973054,0.5429034976823374,0.5139473291679483,0.1890664408604304,3.7223095893859854,10.416666666666666
559,559,70,SENTS-h1_default_model,hsplit,90.36020036098444,31.645396526268787,-5.806666666666668,0.8652358651161194,20.551574093644486,2.241474986259554,0.4999999999997264,1.0,1.0,0.866025403784386,0.4298122028509776,3.631199598312378,50.0
560,560,1,SENTS-h1^m_default_model,hsplit,27.16211900061709,53.40833781632833,-11.693684210526314,0.4915816783905029,51.55172676049632,1.8895019914161064,0.6632352897407725,0.5825423484010828,0.7695016704893196,0.6761088319997081,0.7860006169582845,1.366713285446167,25.0
561,561,2,SENTS-h1^m_default_model,hsplit,3.6219878517125736,27.633474965321174,-3.7550000000000026,0.4327823221683502,35.260478139576605,2.1851254943177283,0.6692835431999778,0.4697128780808875,0.9261113068040284,0.7132677855297669,0.6274316143474461,3.37626051902771,13.88888888888889
562,562,3,SENTS-h1^m_default_model,hsplit,93.91044157537527,80.12312608264631,-5.196666666666669,0.9436307549476624,132.09937214206582,0.9041495352609614,0.499999999999693,1.0,1.0,0.8660254037843795,0.9219901274751736,2.3441522121429443,100.0
563,563,4,SENTS-h1^m_default_model,hsplit,66.68478459436132,62.130619778469246,-11.16941176470588,0.7138649821281433,62.6562753323415,2.238672267643389,0.5148344350665612,1.0,0.774043015025999,0.7882886706109727,0.5775050971243116,1.1742610931396484,33.33333333333333
564,564,5,SENTS-h1^m_default_model,hsplit,0.6527742169268762,18.907873706724622,0.0,0.167581707239151,610.8038328090195,0.0624989098491762,0.67199018769219,0.1954062305904432,0.8329007871712839,0.6280865462069949,0.2318945154547691,4.409715175628662,3.125
565,565,6,SENTS-h1^m_default_model,hsplit,64.07117598241615,58.51535078727125,0.0,0.8027830719947815,102.1648199382557,1.9473960080383097,0.505085133466192,1.0,0.5969046391882583,0.7328952040442129,0.7459950278202694,3.819015502929688,100.0
566,566,7,SENTS-h1^m_default_model,hsplit,91.21679090703871,74.93814664867297,-6.726153846153847,0.927379310131073,41.11563504873945,2.3030357194818496,0.499999999999719,1.0,1.0,0.8660254037843845,0.6645540992418925,0.6918292045593262,100.0
567,567,8,SENTS-h1^m_default_model,hsplit,41.374339994877616,51.8755234806389,-6.725263157894738,0.6343954205513,129.93228815794922,1.0525921031307093,0.5400815039395896,0.7908623002551652,0.870174897170601,0.7470733030808525,0.4386856709089544,2.177347421646118,83.33333333333333
568,568,9,SENTS-h1^m_default_model,hsplit,0.5182373261355889,15.427542063194077,-7.58666666666667,0.1544472575187683,116.99996698859152,2.000920745063885,0.6000979212396751,0.36193795330097295,0.0684911628657039,0.4065331624466295,0.1760944235655996,3.195383787155152,3.0
569,569,10,SENTS-h1^m_default_model,hsplit,6.723570873776321,42.20061481508637,-13.987692307692312,0.3195466101169586,36.915934731735646,2.462804273609565,0.7174100448490792,0.4639024336388485,0.5263563783243745,0.5793483918418335,0.4091551449953341,0.6521261930465698,13.88888888888889
570,570,11,SENTS-h1^m_default_model,hsplit,7.133302367316391,56.97861474963489,-5.682857142857145,0.1665483564138412,181.0561564059031,1.1262700048097685,0.5783262043675105,0.4379232116545896,1.0,0.7132643123845003,0.3907280080020428,3.0872395038604736,25.0
571,571,12,SENTS-h1^m_default_model,hsplit,44.57326615161554,20.882278640899333,-6.790000000000003,0.6917669177055359,174.81040928056342,0.4120637199631344,0.5470251954781741,0.7348533565647458,0.6326754412733357,0.6427867023445175,0.4780900420414077,3.130789995193481,16.666666666666664
572,572,13,SENTS-h1^m_default_model,hsplit,2.608350185561992,31.610081095375207,-0.8049999999999997,0.621724009513855,32.937685631550586,2.6654681116184435,0.5636469449194603,0.6148617695850934,0.8376166087964344,0.6824842995864429,0.5705895988201654,4.0990352630615225,22.916666666666664
573,573,14,SENTS-h1^m_default_model,hsplit,24.211849662462445,48.48071215400762,-5.196666666666669,0.242512434720993,463.902621870936,-0.1299626194059507,0.6160947307043605,0.40650634228038884,0.6150249791309028,0.5546998733461866,0.3540520087938116,1.670301914215088,16.666666666666664
574,574,15,SENTS-h1^m_default_model,hsplit,50.42416758025262,56.951686572143394,-7.773333333333331,0.7368279695510864,22.802265688719928,2.6313771867852296,0.5508349308341697,0.8708538798147628,0.9820089319021,0.821816513047167,0.6721644321525537,1.999820709228516,75.0
575,575,16,SENTS-h1^m_default_model,hsplit,91.93227152249176,81.37673229387333,-3.355714285714285,0.940155267715454,12.905608833834073,3.609547658136389,0.499999999999697,1.0,0.9491812537948106,0.846747709878841,0.874327152147495,2.613022565841675,100.0
576,576,17,SENTS-h1^m_default_model,hsplit,64.07117598241615,24.49198795803011,-5.863636363636362,0.8936237096786499,45.55343541649584,2.849733040498297,0.5035556702444813,1.0,0.8021237955268995,0.7951877967679182,0.6651233662333753,1.5723612308502195,50.0
577,577,18,SENTS-h1^m_default_model,hsplit,80.91067115702207,72.66414141414141,-10.740000000000002,0.9207056164741516,61.81988890424019,2.368450692441,0.4999999999997364,1.0,1.0,0.8660254037843879,0.4803538786040412,1.4710447788238523,100.0
578,578,19,SENTS-h1^m_default_model,hsplit,12.434558650623243,23.65557249322493,-8.180000000000003,0.4716103672981262,118.7993881198172,1.342731776578118,0.5281419497933363,0.6870797148560512,0.8220200926168258,0.689620544542179,0.2819769084453583,2.1604461669921875,25.0
579,579,20,SENTS-h1^m_default_model,hsplit,35.16189165600835,47.58530917683394,-0.1100000000000012,0.6105018854141235,44.77829252879211,1.100093573945678,0.5947671134997738,0.5634981806821988,0.8826654791829875,0.6953120323697205,0.4619261833528678,4.358798503875732,16.666666666666664
580,580,21,SENTS-h1^m_default_model,hsplit,39.491934230793206,64.32207924371237,-4.003076923076924,0.7090047597885132,20.217347312554026,2.759410545178488,0.5032101834766243,1.0,0.3900637472228951,0.6844389954924506,0.8415719815662929,3.588474988937378,100.0
581,581,22,SENTS-h1^m_default_model,hsplit,9.697196786440507,36.87734779840043,-0.5166666666666693,0.5568781495094299,275.2130719379976,-0.0505253994598677,0.6187255995173038,0.44111033662753774,0.8953201098048084,0.6779866752866167,0.8286763025654686,4.197317600250243,15.74074074074074
582,582,23,SENTS-h1^m_default_model,hsplit,23.98584296985825,39.31480853227424,-2.4700000000000024,0.5070773363113403,33.65087750185737,2.814358630817873,0.5849939966815236,0.5961877831408987,0.9429568557459816,0.727283869548938,0.6407024677152987,4.0953078269958505,11.11111111111111
583,583,24,SENTS-h1^m_default_model,hsplit,43.705055418593226,42.70273954267642,-6.0100000000000025,0.6644389033317566,105.63062608818376,1.676474232631716,0.5854865978675099,0.6814086552858071,1.0,0.7761254863703598,0.288389860962828,2.8607122898101807,25.0
584,584,25,SENTS-h1^m_default_model,hsplit,49.81230358870232,62.14628280133415,-17.665925925925922,0.6392072439193726,225.8928190104564,1.222368744704294,0.5070583822249587,0.948007400320246,0.643191295268374,0.7233075132923645,0.4796713997001541,-0.5270091295242311,50.0
585,585,26,SENTS-h1^m_default_model,hsplit,65.23955893828106,69.85946513461714,-11.624000000000002,0.7750301957130432,72.1335421806087,1.873351958371104,0.5021601399115773,1.0,0.7948819371683629,0.792464951938474,0.5108991037640307,0.7450587153434753,50.0
586,586,27,SENTS-h1^m_default_model,hsplit,3.506085325935125,39.36446802374221,-3.653333333333337,0.4422015249729157,42.99835263729989,2.753119561408015,0.6071637117273628,0.48394970131948023,0.89689997903704,0.6849050198488364,0.6174070756092216,3.966468334197998,18.75
587,587,28,SENTS-h1^m_default_model,hsplit,0.1855824145144113,27.726049386567567,0.0,0.0056329332292079,140.84419047444857,0.9634236358547992,0.6771754931260293,0.14261365726176223,0.40405149761467213,0.4626600322961111,0.3159960725162395,4.2538886070251465,0.0
588,588,29,SENTS-h1^m_default_model,hsplit,31.76050446027025,44.40890087819913,-3.653333333333337,0.6015453934669495,50.7330256090804,1.9727063514020515,0.5721243900396901,0.6951969153524136,0.9356149858559684,0.7496666971732754,0.5645229890942574,4.031923770904541,25.0
589,589,30,SENTS-h1^m_default_model,hsplit,38.78067693076935,51.82999149384366,-4.910769230769231,0.6992437243461609,88.23450606446931,1.4638911357841693,0.5445002643782312,0.9089761009598355,0.6884071969896579,0.7295255441932257,0.8623788607782787,2.2324812412261963,25.0
590,590,31,SENTS-h1^m_default_model,hsplit,93.51334836242394,82.60140043545216,-8.39294117647059,0.9556393027305604,41.55333675949723,2.910632689448214,0.4999999999996282,1.0,0.8310796714321521,0.8042995752552656,0.6898110787073771,2.0980327129364014,100.0
591,591,32,SENTS-h1^m_default_model,hsplit,11.684036632167324,55.23262499750498,-4.964444444444447,0.4644803702831268,72.34449084945665,1.789965062457297,0.6359222507168878,0.5147488244466144,0.806823327275648,0.6634072009111124,0.6428634247846073,3.182184934616089,18.75
592,592,33,SENTS-h1^m_default_model,hsplit,49.5972715553025,44.79118233273818,-9.92666666666667,0.7533043622970581,95.50625128216728,1.8920238424822875,0.5561378692180495,0.8224816085310763,0.7746210266458485,0.7270495308372801,0.3909055935958075,1.8932124376297,83.33333333333333
593,593,34,SENTS-h1^m_default_model,hsplit,91.21679090703871,64.79046416546417,-5.818461538461541,0.9256110191345216,75.42646922656081,1.3641410493024488,0.49999999999971406,1.0,0.8987464483806931,0.8281998910240256,0.6382051706314087,1.1043875217437744,50.0
594,594,35,SENTS-h1^m_default_model,hsplit,40.64622617944091,56.82688560675816,-12.314736842105264,0.5949698686599731,305.5713269726033,0.8192183813796893,0.5798821622939848,0.7695085930913923,0.6992019357484541,0.687335469753217,0.4628616701515894,1.6766636371612549,66.66666666666666
595,595,36,SENTS-h1^m_default_model,hsplit,49.49610936340386,40.7331013448285,-14.630000000000004,0.7250891923904419,124.3388431211442,1.5857429950721669,0.5771055896093401,0.826328996060251,0.7141723003512563,0.7131882747861399,0.6552305757116388,1.294855713844299,25.0
596,596,37,SENTS-h1^m_default_model,hsplit,1.7667839023423706,31.73652283706632,-6.0100000000000025,0.1001772135496139,30.557095293264755,2.5447553784074324,0.6471392260621098,0.3214732264681011,0.8257667760920393,0.6335153199256557,0.234139950821797,3.885649919509888,6.25
597,597,38,SENTS-h1^m_default_model,hsplit,0.7581884437878802,24.363832804622284,-2.3114285714285714,0.2137685865163803,93.48538186798828,1.5794961298127514,0.6769608991341467,0.22977102143618405,0.8442604952733087,0.6387087403836672,0.2273360242446264,4.260847568511963,0.6944444444444444
598,598,39,SENTS-h1^m_default_model,hsplit,84.08964152537146,30.45325045325045,-0.8049999999999997,0.8886639475822449,92.37606783595314,1.310940832565472,0.4999999999997667,1.0,1.0,0.8660254037843937,0.3557531138261159,3.5393369197845463,100.0
599,599,40,SENTS-h1^m_default_model,hsplit,24.81510059499802,26.19839829557098,-12.172307692307696,0.6713842153549194,322.91990111941726,0.8438463745742192,0.5798937844400275,0.7077619044776868,0.566611743507402,0.6213567366504144,0.6524040325924203,-0.0685577616095542,12.962962962962962
600,600,41,SENTS-h1^m_default_model,hsplit,16.736091135619994,22.877802622382607,-7.818888888888888,0.4056358337402344,90.87047826298208,0.96555136946605,0.6211526120969377,0.5648291629100852,0.5789539104261314,0.5887982623350336,0.4057204971710841,2.054921388626098,8.0
601,601,42,SENTS-h1^m_default_model,hsplit,80.91067115702207,69.78299720694486,-8.412857142857145,0.9252119660377502,125.00585266874204,1.5279086461170608,0.49999999999971995,1.0,0.7761308453010424,0.7857860372534478,0.7903506843249004,1.8180701732635496,50.0
602,602,43,SENTS-h1^m_default_model,hsplit,3.079878617878622,40.30649267206908,-2.342222222222226,0.5288755893707275,66.57324338315385,1.4368380454549352,0.7146030174386718,0.4331249350261576,1.0,0.7523861335497591,0.5109943364347731,3.001664400100708,33.33333333333333
603,603,44,SENTS-h1^m_default_model,hsplit,81.49492131269727,76.18466658327341,-5.818461538461541,0.8898745775222778,143.1155196614881,1.5213084522252514,0.5033149220527962,1.0,0.6661746120248919,0.752133526369604,0.6295759316001619,3.460752010345459,100.0
604,604,45,SENTS-h1^m_default_model,hsplit,45.68735785454563,57.34471935041446,-10.441111111111113,0.5369732379913329,277.48840593978804,0.6083670211785821,0.5394835023530501,0.9154196633283204,0.6330652424941047,0.7140978482377534,0.5972777562482017,0.9192020893096924,25.0
605,605,46,SENTS-h1^m_default_model,hsplit,44.57326615161554,45.900985892762215,-7.773333333333331,0.7743266820907593,110.27199557340356,1.7442034773595578,0.5231135275082455,0.8250084043215548,0.5263116621790119,0.6406482642888509,0.6765240124530263,1.1800289154052734,37.5
606,606,47,SENTS-h1^m_default_model,hsplit,59.04722313354136,40.42016819303078,-6.725263157894738,0.7339210510253906,37.83796412706946,2.1123493535477147,0.5045328657195227,0.9386327709168532,0.9454271994934471,0.8224794791304777,0.5894841746914954,1.1541616916656494,50.0
607,607,48,SENTS-h1^m_default_model,hsplit,0.5503587407494217,11.196988493342133,-2.3114285714285714,0.351734846830368,650.9591954535266,0.3933047822482974,0.6231745438278409,0.32330285408062365,0.8240466303006087,0.6250130922472751,0.2351126335561275,3.9146766662597656,25.0
608,608,49,SENTS-h1^m_default_model,hsplit,57.95782787848098,69.28247814277225,-6.936363636363637,0.7622866630554199,146.56265025823882,1.1044761482860312,0.5475303984928479,0.8810342546564447,0.9487973710052128,0.8116295021700023,0.7626761025852626,2.883143663406372,37.5
609,609,50,SENTS-h1^m_default_model,hsplit,19.27090789432792,41.315536191985714,-2.4700000000000024,0.3937974870204925,85.99555726616884,1.5520042667495018,0.618915369384794,0.45126623768437124,0.8703998561559687,0.6694010659614196,0.673641256633259,2.7167856693267822,18.75
610,610,51,SENTS-h1^m_default_model,hsplit,53.99692367877103,46.65107611044469,-7.004705882352943,0.7855032086372375,206.51268583085675,1.0636749237907264,0.47126396498665085,1.0,0.5522739368969686,0.7134648382063912,0.7015750128913809,0.3654038608074188,100.0
611,611,52,SENTS-h1^m_default_model,hsplit,37.176234686556846,58.93013517693825,-9.503333333333334,0.0445870496332645,75.26956849668089,2.1213933228695727,0.6096934060619181,0.4495796509959502,0.673434205572831,0.5851955631013542,0.3575026954765673,2.1596758365631104,11.11111111111111
612,612,53,SENTS-h1^m_default_model,hsplit,1.076565608255612,15.245626854860935,-3.0953846153846136,0.2114168852567672,23.20467731082212,2.296006646465207,0.5918911439074057,0.2740143785203512,0.8192212716678996,0.6045776756891492,0.2262059142192205,3.943436861038208,20.83333333333333
613,613,54,SENTS-h1^m_default_model,hsplit,10.5904962435649,42.018838658093046,-13.673333333333336,0.476066917181015,73.23332867670231,2.341433636324376,0.575109874666779,0.6206153319864547,0.7313853032342579,0.6457138736888971,0.6246258519364126,0.9419251680374146,25.0
614,614,55,SENTS-h1^m_default_model,hsplit,0.3939007868125707,27.93995087914589,-6.416666666666668,0.1373245567083358,86.70706612383863,1.9051541771281568,0.6836898135801367,0.22213515601962563,0.8489274107466683,0.6422495718047484,0.3803105332233288,1.8211592435836792,7.8125
615,615,56,SENTS-h1^m_default_model,hsplit,29.914404968946386,63.00191281669796,-18.1721052631579,0.5281071066856384,220.3415395097035,1.2146614046844229,0.5043116536308662,0.9618503011301548,0.4747079497822473,0.6843083815937892,0.3130940159161886,-0.8490442037582397,50.0
616,616,57,SENTS-h1^m_default_model,hsplit,31.072274116055564,62.96728972836462,-4.003076923076924,0.4749604761600494,25.944873946960755,2.1331161696835568,0.6035738678255578,0.7335537868663323,0.8922266827530131,0.7524340559287762,0.4972940345605215,3.924972295761109,25.0
617,617,58,SENTS-h1^m_default_model,hsplit,25.014274259960786,47.54533653104572,-13.372727272727271,0.5622652769088745,196.461327018705,0.8166426438261567,0.6103300606298317,0.6756081313500917,1.0,0.7808006852060638,0.6102041254440944,1.8872778415679927,6.25
618,618,59,SENTS-h1^m_default_model,hsplit,16.525251635302727,36.79424346864303,-5.863636363636362,0.6277408003807068,49.970698127363775,1.8840702927555488,0.6234107318086521,0.5463469081394117,0.9070851930192521,0.7094456596438442,0.4740350265193869,3.087867021560669,25.0
619,619,60,SENTS-h1^m_default_model,hsplit,100.00000000000004,75.90876588762771,-14.514285714285714,0.9402937293052672,75.68190071709293,2.0822649229701886,0.48224558225321207,1.0,0.9003884411816577,0.8252797801586794,0.7904978946087853,-0.1319038867950439,25.0
620,620,61,SENTS-h1^m_default_model,hsplit,5.968189585292742,43.67186819265928,-1.2733333333333334,0.1164858862757682,439.4278489535981,0.4709374213386868,0.6606517581509489,0.30092666727288303,0.4849081095250325,0.504034879516304,0.2301074890863328,3.5157260894775386,50.0
621,621,62,SENTS-h1^m_default_model,hsplit,57.15536560075639,63.55436402379623,-10.208000000000002,0.7719739079475403,92.23702387384692,1.8415564291016564,0.5144370711627072,0.9550095981234564,0.7451459769006126,0.7598094848020693,0.6551821475989814,0.7023361921310425,30.555555555555557
622,622,63,SENTS-h1^m_default_model,hsplit,27.64530466295645,55.50349093406706,-7.368571428571428,0.5394520759582521,2569.886104099062,-1.5773795549710514,0.5782787211102373,0.5536935451141024,0.9133393137486671,0.7012302340004078,0.7909211553633213,3.58121109008789,31.25
623,623,64,SENTS-h1^m_default_model,hsplit,61.02624546684575,61.27529958670309,-5.5238095238095255,0.6811777353286743,60.38846621708233,1.9200546614660523,0.5036571754679857,0.8397896755806794,0.8075014113758818,0.7327973296408617,0.7780949795908398,1.9660552740097048,100.0
624,624,65,SENTS-h1^m_default_model,hsplit,90.36020036098444,71.98684843421687,-4.823333333333334,0.9335945844650269,585.1120010490367,-0.2567893326319849,0.49999999999973754,1.0,0.8539052547867927,0.8122303007054578,0.7032272572870607,2.501507520675659,100.0
625,625,66,SENTS-h1^m_default_model,hsplit,5.879467140281308,39.43389177894586,-6.27555555555556,0.3236634135246277,356.18546517558264,0.4394319150838889,0.6668278002291678,0.4208950383720232,0.836415235168714,0.6636772293082918,0.4741657620126551,1.8986141681671145,14.0625
626,626,67,SENTS-h1^m_default_model,hsplit,1.3123728736940974,30.09652234137955,-2.4833333333333343,0.3069037497043609,301.91642535827606,0.8122602308074764,0.6643890601836985,0.4219132126894027,0.8953201098048084,0.6882397066319663,0.7395364758041171,2.289865493774414,11.979166666666668
627,627,68,SENTS-h1^m_default_model,hsplit,50.30989330530425,65.68127542392249,-6.936363636363637,0.592345118522644,752.9272437056177,-0.5482980400680226,0.4961306474838077,1.0,0.8903446660515828,0.8243905311883858,0.4277726619568452,2.2163000106811523,100.0
628,628,69,SENTS-h1^m_default_model,hsplit,3.5607616687546964,27.830359641505154,-0.5,0.3251562118530273,42.73309377778305,2.383492063566996,0.6456290606683591,0.352105832860684,0.3475189481948795,0.46960437990167103,0.3106966190040111,4.117090702056885,4.166666666666666
629,629,70,SENTS-h1^m_default_model,hsplit,90.36020036098444,31.645396526268787,-5.806666666666668,0.8652358651161194,20.551574093644486,2.241474986259554,0.4999999999997264,1.0,1.0,0.866025403784386,0.4298122028509776,3.631199598312378,50.0
630,630,1,SENTS-h1_w2v_model,hsplit,24.17122830597853,53.54963561327511,-10.47529411764706,0.5588840842247009,40.67080919396111,2.1324566767595208,0.6637951454750249,0.5279688179735174,0.8678552783911704,0.7006063688310715,0.5170955357908391,1.6648393869400024,25.0
631,631,2,SENTS-h1_w2v_model,hsplit,3.6219878517125736,27.633474965321174,-3.7550000000000026,0.4327823221683502,35.260478139576605,2.1851254943177283,0.6692835431999778,0.4697128780808875,0.9261113068040284,0.7132677855297669,0.6274316143474461,3.3762624263763428,13.88888888888889
632,632,3,SENTS-h1_w2v_model,hsplit,93.91044157537527,80.12312608264631,-5.196666666666669,0.9436307549476624,132.09937214206582,0.9041495352609614,0.499999999999693,1.0,1.0,0.8660254037843795,0.9219901274751736,2.3441522121429443,100.0
633,633,4,SENTS-h1_w2v_model,hsplit,66.68478459436132,62.130619778469246,-11.16941176470588,0.7138649821281433,62.6562753323415,2.238672267643389,0.5148344350665612,1.0,0.774043015025999,0.7882886706109727,0.5775050971243116,1.1742619276046753,33.33333333333333
634,634,5,SENTS-h1_w2v_model,hsplit,3.902199950110405,25.43862624757833,-3.6500000000000017,0.2316551804542541,526.0461600343914,-0.0611955720625042,0.647251217344265,0.44180320687729013,0.5134760685276601,0.5409195519086958,0.3932761549949646,3.6365911960601807,6.25
635,635,6,SENTS-h1_w2v_model,hsplit,64.07117598241615,58.51535078727125,0.0,0.8027830719947815,102.1648199382557,1.9473960080383097,0.505085133466192,1.0,0.5969046391882583,0.7328952040442129,0.7459950278202694,3.819014310836792,100.0
636,636,7,SENTS-h1_w2v_model,hsplit,91.21679090703871,74.93814664867297,-6.726153846153847,0.927379310131073,41.11563504873945,2.3030357194818496,0.499999999999719,1.0,1.0,0.8660254037843845,0.6645540992418925,0.6918298006057739,100.0
637,637,8,SENTS-h1_w2v_model,hsplit,63.43130902637188,62.03682272331027,-9.503333333333334,0.7388925552368164,154.27773670675026,0.8297968054372722,0.5083703163968728,0.971806486077926,0.8050754696418663,0.785492358714298,0.4135328382253647,0.6877599954605103,100.0
638,638,9,SENTS-h1_w2v_model,hsplit,0.2335573049550149,15.594896915351214,-0.6257142857142846,0.1310421526432037,78.89349164629395,1.6344519142350045,0.6695813352475509,0.16144292626874365,0.8251880761095032,0.6205745574082702,0.1716833325723807,4.18224573135376,3.0
639,639,10,SENTS-h1_w2v_model,hsplit,0.7275179482171898,43.89892626811021,-5.230000000000004,0.1980023682117462,73.15110247575872,1.5563998553471932,0.7594372659464296,0.2687871517111185,0.9261113068040284,0.7086780290144529,0.5000829100608826,2.632366895675659,11.11111111111111
640,640,11,SENTS-h1_w2v_model,hsplit,35.60169245739047,65.86564293861801,-6.727142857142859,0.3923198580741882,53.46984607988455,2.7046784132277457,0.49944502115271566,0.8995771686155584,0.5706530555743562,0.6792960378914263,0.5299310803413392,2.4678714275360107,25.0
641,641,12,SENTS-h1_w2v_model,hsplit,93.91044157537527,32.065362963950896,-9.130000000000004,0.953506588935852,63.88672828521814,1.6703537469215142,0.49999999999962297,1.0,0.8629841436202931,0.8154225146388167,0.4648807247479757,1.275882601737976,33.33333333333333
642,642,13,SENTS-h1_w2v_model,hsplit,27.299909600490984,45.22049836872768,-5.230000000000004,0.4961282908916474,57.95465599285343,1.6334588465926083,0.6019189803358241,0.5402991479231556,1.0,0.7425697785696656,0.3409839232486707,3.7141172885894775,25.0
643,643,14,SENTS-h1_w2v_model,hsplit,60.01945176802192,65.76675515491718,-13.030000000000005,0.6720315217971802,88.44529319292192,1.6031536715209134,0.5102969072577475,0.9813418031761686,0.7963748994958781,0.7869027150300402,0.4458230402734544,0.1641728430986404,100.0
644,644,15,SENTS-h1_w2v_model,hsplit,50.42416758025262,56.951686572143394,-7.773333333333331,0.7368279695510864,22.802265688719928,2.6313771867852296,0.5508349308341697,0.8708538798147628,0.9820089319021,0.821816513047167,0.6721644321525537,1.9998211860656736,75.0
645,645,16,SENTS-h1_w2v_model,hsplit,91.93227152249176,81.37673229387333,-3.355714285714285,0.940155267715454,12.905608833834073,3.609547658136389,0.499999999999697,1.0,0.9491812537948106,0.846747709878841,0.874327152147495,2.6130220890045166,100.0
646,646,17,SENTS-h1_w2v_model,hsplit,64.07117598241615,24.49198795803011,-5.863636363636362,0.8936237096786499,45.55343541649584,2.849733040498297,0.5035556702444813,1.0,0.8021237955268995,0.7951877967679182,0.6651233662333753,1.572362184524536,50.0
647,647,18,SENTS-h1_w2v_model,hsplit,44.82700320176826,56.435185185185176,-12.320000000000006,0.5839645862579346,162.79979439591878,1.1063114901751685,0.5128171527117843,0.7890250829371107,0.8683473963988525,0.7392719874876909,0.5432042015923394,1.2653144598007202,75.0
648,648,19,SENTS-h1_w2v_model,hsplit,47.79995354275012,43.18690180917793,-10.208888888888891,0.6875936388969421,80.21356730164415,1.5384081809079204,0.5369019465276517,0.7938742178799196,0.8502019303112314,0.7396718408196479,0.2049524726139174,1.7392013072967532,75.0
649,649,20,SENTS-h1_w2v_model,hsplit,23.220436571891646,40.60097650171179,0.0,0.5724737644195557,85.37439913425371,0.2156579314355488,0.6143591059185031,0.4807658996815762,0.8707199669098674,0.6749632637156727,0.2519022126992543,4.412487506866455,6.25
650,650,21,SENTS-h1_w2v_model,hsplit,32.39328619039837,59.70308241201732,-4.003076923076924,0.6980454325675964,31.01791892383069,2.3162929849467813,0.5032101834766243,1.0,0.3663069611420535,0.6800493311850505,0.834625860622951,3.5172111988067627,100.0
651,651,22,SENTS-h1_w2v_model,hsplit,54.851137407729766,57.79843860219114,-7.163333333333334,0.8051806688308716,49.02514202743743,2.130073182453033,0.507363585954818,0.9287273087371118,0.8796854552149764,0.7945226496590665,0.5930462951792611,1.5071423053741455,25.0
652,652,23,SENTS-h1_w2v_model,hsplit,10.170139230422688,35.16862903111391,-2.3114285714285714,0.2503282725811005,44.52297058997014,2.5577673314228053,0.6328498878713417,0.5240721084388481,0.9133393137486671,0.7093046495127453,0.6982204483615028,4.09852933883667,11.11111111111111
653,653,24,SENTS-h1_w2v_model,hsplit,26.0896969591056,34.450198726514515,-6.0100000000000025,0.6251047849655151,51.354712500759256,2.0694206428533177,0.5854865978675099,0.6814086552858071,1.0,0.7761254863703598,0.2889761024465164,2.8695056438446045,25.0
654,654,25,SENTS-h1_w2v_model,hsplit,59.01768717701506,67.65736205640022,-16.35481481481482,0.5361217856407166,224.43553660205643,1.327797703561124,0.5075707083816721,0.9412938787556087,0.6503013577059755,0.7226234718081255,0.4222640174014285,-0.8253580927848816,100.0
655,655,26,SENTS-h1_w2v_model,hsplit,16.37071864414226,46.33830723671532,-6.726153846153847,0.3258127570152283,494.8445436311074,-0.6216974209215402,0.6336705958252122,0.5413049899922321,0.6411659801686586,0.6070813592728206,0.1695245069084745,0.9946455955505372,31.25
656,656,27,SENTS-h1_w2v_model,hsplit,30.903783060022363,47.35238185357053,-5.400000000000002,0.5292425155639648,121.7574608529664,1.7856090232085524,0.5718844815932215,0.6572166418255967,0.634980253606862,0.6224107692540614,0.7368369601657199,3.5983707904815674,28.125
657,657,28,SENTS-h1_w2v_model,hsplit,51.78621394803704,69.02673668209162,-8.32,0.5734156370162964,238.61243886622267,1.1875885783484554,0.5385477150335966,0.7997300777331015,0.5823558391833284,0.6503179125191563,0.7548521614500454,1.9836187362670896,28.75
658,658,29,SENTS-h1_w2v_model,hsplit,31.76050446027025,44.40890087819913,-3.653333333333337,0.6015453934669495,50.7330256090804,1.9727063514020515,0.5721243900396901,0.6951969153524136,0.9356149858559684,0.7496666971732754,0.5645229890942574,4.031923770904541,25.0
659,659,30,SENTS-h1_w2v_model,hsplit,66.45926962686308,73.71104388073296,-7.698823529411764,0.8127965927124023,58.84951526016491,1.7396905147408404,0.502969334331966,1.0,0.7679209497713072,0.7837262992431323,0.833978403781457,1.428006649017334,50.0
660,660,31,SENTS-h1_w2v_model,hsplit,82.30724650381231,78.88562606645199,-6.137499999999998,0.9050537943840028,43.70647838413515,2.8631020380449894,0.5128928413167837,0.9608713017261215,0.8091515594528716,0.7833813399445314,0.6865529790466085,2.5386288166046143,100.0
661,661,32,SENTS-h1_w2v_model,hsplit,11.684036632167324,55.23262499750498,-4.964444444444447,0.4644803702831268,72.34449084945665,1.789965062457297,0.6359222507168878,0.5147488244466144,0.806823327275648,0.6634072009111124,0.6428634247846073,3.1821846961975098,18.75
662,662,33,SENTS-h1_w2v_model,hsplit,73.6320340708237,70.46585598302252,-13.251764705882357,0.8029289245605469,118.00558170885608,1.643443975569193,0.5005380458847684,0.9876782917222557,0.7007244876314641,0.75654071291282,0.675314344258772,-0.008969509974122,100.0
663,663,34,SENTS-h1_w2v_model,hsplit,34.33629176453737,33.64834036551561,-7.368571428571428,0.7493373155593872,224.4811314134761,0.2518099041886899,0.5400803672809903,0.7086204378409805,0.6136720930079295,0.6246127242233236,0.6279520513834776,1.0010579824447632,29.166666666666668
664,664,35,SENTS-h1_w2v_model,hsplit,12.7704545641638,39.54637078720341,-10.723333333333333,0.3421051800251007,356.4792438840808,0.5918437409179388,0.6474912743501312,0.5011815582960546,0.6597406630621127,0.6070929767433361,0.2840292320483261,2.564622163772583,66.66666666666666
665,665,36,SENTS-h1_w2v_model,hsplit,42.07547719874773,36.930014524987655,-12.935789473684212,0.7450629472732544,92.3653206658044,1.899940016872237,0.5875779877274377,0.8401762847307239,0.8139617010871483,0.7557948866199152,0.7078064430040943,0.456806629896164,25.0
666,666,37,SENTS-h1_w2v_model,hsplit,51.89028619179192,71.20724938517277,-13.470000000000002,0.7942782044410706,38.542215260683285,2.7176108016085547,0.5462567459038793,0.821395304433153,0.7959149149652407,0.7317939670094887,0.7178148522973059,0.5041946768760681,43.75
667,667,38,SENTS-h1_w2v_model,hsplit,6.09143320119521,39.19809862758106,-3.7550000000000026,0.39617919921875,231.3123538041901,0.7833130192043314,0.5968993068634054,0.4319899804888301,0.9261113068040284,0.683273073367454,0.5016830050283008,2.7907514572143555,6.944444444444445
668,668,39,SENTS-h1_w2v_model,hsplit,84.08964152537146,30.45325045325045,-0.8049999999999997,0.8886639475822449,92.37606783595314,1.310940832565472,0.4999999999997667,1.0,1.0,0.8660254037843937,0.3557531138261159,3.5393369197845463,100.0
669,669,40,SENTS-h1_w2v_model,hsplit,33.241660012938524,29.16666666666666,-11.706666666666669,0.6432085633277893,144.88291339493705,1.3204641047958756,0.6161461659195746,0.6657069683177606,0.8198872137186277,0.7059312782095035,0.4663054714600246,-0.1027047187089919,20.37037037037037
670,670,41,SENTS-h1_w2v_model,hsplit,23.876296753346143,27.21429857325345,-8.73,0.4162208139896393,114.42953743254652,1.2213976417605583,0.6120241982200233,0.6267852161330597,0.565622704325208,0.6020416292411432,0.4108610811469319,0.973260760307312,10.0
671,671,42,SENTS-h1_w2v_model,hsplit,76.13003866968741,66.81724391998414,-8.009090909090911,0.7224835753440857,77.37906446058753,1.8792448620191435,0.4919531814765102,0.8892451064639094,1.0,0.8231595212219135,0.2466013338830736,1.8081821203231807,43.75
672,672,43,SENTS-h1_w2v_model,hsplit,11.97040810769604,46.162706029961846,-7.570000000000004,0.5646752715110779,70.45622051838916,1.5450956999035732,0.6368617545444399,0.5691056173505713,0.5702298524124478,0.5929126362525143,0.6223066548900629,1.8178598880767824,83.33333333333333
673,673,44,SENTS-h1_w2v_model,hsplit,81.49492131269727,76.18466658327341,-5.818461538461541,0.8898745775222778,143.1155196614881,1.5213084522252514,0.5033149220527962,1.0,0.6661746120248919,0.752133526369604,0.6295759316001619,3.4607512950897217,100.0
674,674,45,SENTS-h1_w2v_model,hsplit,12.895564188125258,40.49725042444296,-0.8049999999999997,0.2376659959554672,58.13586460841786,0.9800670450487874,0.6718201467887659,0.379369214869626,0.8735541426926171,0.6728942836824392,0.2295890368876003,3.784273862838745,0.0
675,675,46,SENTS-h1_w2v_model,hsplit,44.57326615161554,45.900985892762215,-7.773333333333331,0.7743266820907593,110.27199557340356,1.7442034773595578,0.5231135275082455,0.8250084043215548,0.5263116621790119,0.6406482642888509,0.6765240124530263,1.180029273033142,37.5
676,676,47,SENTS-h1_w2v_model,hsplit,79.66921893892716,50.34626724861128,-6.935454545454547,0.7540597915649414,39.22103833244538,2.28013940902344,0.5249835326865003,0.9812147976959581,0.7419355952977829,0.7721957041189738,0.7112645214157445,1.3117860555648804,50.0
677,677,48,SENTS-h1_w2v_model,hsplit,63.55426244976668,46.39909791435954,-10.500000000000004,0.7200908660888672,116.6682648235368,1.8638462136692115,0.520255643500186,0.929309133816164,0.7303377839098926,0.7455813569276784,0.5120831126258487,0.7176631689071655,50.0
678,678,49,SENTS-h1_w2v_model,hsplit,14.249735882716813,43.72309263950132,-5.682857142857145,0.5332621932029724,539.54062259649,-0.1764183321579523,0.5455734752393829,0.6818847599259659,0.517093923463057,0.5859474858115096,0.2623889984356033,3.1390569210052486,25.0
679,679,50,SENTS-h1_w2v_model,hsplit,20.28157913162365,41.5529522140256,0.0,0.3109559416770935,27.44911866913163,2.505610766818859,0.5544076389589722,0.5960115691945962,0.2851934105810863,0.4979735274720063,0.4066274095740584,3.694545030593872,31.25
680,680,51,SENTS-h1_w2v_model,hsplit,2.7373894309204503,20.228354988636287,0.0,0.000295949721476,61.48155559240446,1.913756652053593,0.5801645212127955,0.3514774703553114,0.8214672485776316,0.6150706529408215,0.4656347483396529,4.339441776275635,50.0
681,681,52,SENTS-h1_w2v_model,hsplit,31.55145476446261,62.12058167717577,-11.863529411764706,0.5975613594055176,37.47574572375695,2.664192325021848,0.6402118581443925,0.6695450611055531,0.8253969566085892,0.7163430156329336,0.4368054384489855,0.7931851148605347,11.11111111111111
682,682,53,SENTS-h1_w2v_model,hsplit,50.30130605717172,51.44935366491094,-8.588421052631581,0.6128515005111694,257.0828540506797,0.4811208509533794,0.5439948663169181,0.9471210059801201,0.9185715557422748,0.8239624420175836,0.6090514936932812,0.6459698677062988,37.5
683,683,54,SENTS-h1_w2v_model,hsplit,8.134362321412576,39.98376623376624,-10.208888888888891,0.3144988417625427,1554.7077929538402,-1.2430522409596878,0.6177293202867038,0.5098330789405785,0.5579766862454645,0.5635770470596345,0.4487443897459242,2.8350961208343506,25.0
684,684,55,SENTS-h1_w2v_model,hsplit,12.043291111849904,38.415006325108905,-17.663636363636368,0.4253578186035156,31.526848606106768,3.254237993732521,0.633039288132488,0.6871467491429306,0.7074834354506544,0.6766195894824124,0.638602183924781,-0.0628071874380111,7.8125
685,685,56,SENTS-h1_w2v_model,hsplit,0.3147550935192578,45.33478158955008,-8.89777777777778,0.1688467413187027,861.0585448642706,0.0410225214664109,0.6932717725607807,0.30373002906314145,0.5579766862454645,0.5428982911429275,0.5125946870556584,3.239065408706665,16.666666666666664
686,686,57,SENTS-h1_w2v_model,hsplit,31.072274116055564,62.96728972836462,-4.003076923076924,0.4749604761600494,25.944873946960755,2.1331161696835568,0.6035738678255578,0.7335537868663323,0.8922266827530131,0.7524340559287762,0.4972940345605215,3.9249727725982666,25.0
687,687,58,SENTS-h1_w2v_model,hsplit,25.014274259960786,47.54533653104572,-13.372727272727271,0.5622652769088745,196.461327018705,0.8166426438261567,0.6103300606298317,0.6756081313500917,1.0,0.7808006852060638,0.6102041254440944,1.887276291847229,6.25
688,688,59,SENTS-h1_w2v_model,hsplit,17.460878649879533,42.0168274201313,-4.830000000000002,0.5735946893692017,85.12042353684595,0.919971844233963,0.6399034226129778,0.5806789492726244,0.9099132316617528,0.7244783230144057,0.4172360913621055,3.108292818069458,25.0
689,689,60,SENTS-h1_w2v_model,hsplit,100.00000000000004,75.90876588762771,-14.514285714285714,0.9402937293052672,75.68190071709293,2.0822649229701886,0.48224558225321207,1.0,0.9003884411816577,0.8252797801586794,0.7904978946087853,-0.1319038867950439,25.0
690,690,61,SENTS-h1_w2v_model,hsplit,0.7361936175308524,36.593592199375614,-1.0311111111111124,-0.0407209880650043,2095.2387559723047,-0.8776378854720591,0.6932997996392065,0.2722754925689465,0.3100534685127864,0.46580815413294907,0.2325382667874533,2.0901937484741206,0.0
691,691,62,SENTS-h1_w2v_model,hsplit,31.881961760235782,53.680855361341855,-5.993333333333336,0.6298682689666748,153.89156131684726,0.7538361531268818,0.6121756567590078,0.7129473938947815,0.8302885616634023,0.7239779271079942,0.5231300375816894,2.9379084110260014,9.72222222222222
692,692,63,SENTS-h1_w2v_model,hsplit,27.64530466295645,55.50349093406706,-7.368571428571428,0.5394520759582521,2569.886104099062,-1.5773795549710514,0.5782787211102373,0.5536935451141024,0.9133393137486671,0.7012302340004078,0.7909211553633213,3.5812108516693115,31.25
693,693,64,SENTS-h1_w2v_model,hsplit,52.832145302942,58.79907140007607,-6.085714285714285,0.6818636059761047,37.85345682478038,2.214928175862479,0.4982323548032141,0.8463423012612149,0.9683745714613768,0.7962997929862616,0.6009485213403349,1.8184373378753664,100.0
694,694,65,SENTS-h1_w2v_model,hsplit,90.36020036098444,71.98684843421687,-4.823333333333334,0.9335945844650269,585.1120010490367,-0.2567893326319849,0.49999999999973754,1.0,0.8539052547867927,0.8122303007054578,0.7032272572870607,2.501507043838501,100.0
695,695,66,SENTS-h1_w2v_model,hsplit,57.3753420737433,69.88527462205444,-11.096666666666668,0.656175971031189,86.37623480267685,2.106158131929684,0.5847092563165026,0.8318982932562844,0.8949377956536743,0.7820599599421973,0.5969599478707703,-0.1912438422441482,17.1875
696,696,67,SENTS-h1_w2v_model,hsplit,1.3123728736940974,30.09652234137955,-2.4833333333333343,0.3069037497043609,301.91642535827606,0.8122602308074764,0.6643890601836985,0.4219132126894027,0.8953201098048084,0.6882397066319663,0.7395364758041171,2.289865016937256,11.979166666666668
697,697,68,SENTS-h1_w2v_model,hsplit,67.61304462994481,72.05988455988455,-5.806666666666668,0.6401646733283997,774.4381172044318,-0.6121365900297939,0.5088740988658121,1.0,0.6832399687986633,0.7584567013483127,0.4850225624584016,2.578356504440308,100.0
698,698,69,SENTS-h1_w2v_model,hsplit,21.955763983801603,42.11445197484957,-7.773333333333331,0.5560969710350037,153.12188900242995,1.7915342825860432,0.6086012900231242,0.6875360943771156,0.6075260755938092,0.6356595901936727,0.5748726739927574,1.6196643114089966,16.666666666666664
699,699,70,SENTS-h1_w2v_model,hsplit,81.55395405382076,29.774831649831647,-6.936363636363637,0.8782901167869568,22.343979080487696,2.3718296853890597,0.4999999999997264,1.0,1.0,0.866025403784386,0.5024394359853532,3.5578670501708984,50.0
700,700,1,SENTS-h1^m_w2v_model,hsplit,27.16211900061709,53.40833781632833,-11.693684210526314,0.4915816783905029,51.55172676049632,1.8895019914161064,0.6632352897407725,0.5825423484010828,0.7695016704893196,0.6761088319997081,0.7860006169582845,1.366713285446167,25.0
701,701,2,SENTS-h1^m_w2v_model,hsplit,3.6219878517125736,27.633474965321174,-3.7550000000000026,0.4327823221683502,35.260478139576605,2.1851254943177283,0.6692835431999778,0.4697128780808875,0.9261113068040284,0.7132677855297669,0.6274316143474461,3.37626051902771,13.88888888888889
702,702,3,SENTS-h1^m_w2v_model,hsplit,93.91044157537527,80.12312608264631,-5.196666666666669,0.9436307549476624,132.09937214206582,0.9041495352609614,0.499999999999693,1.0,1.0,0.8660254037843795,0.9219901274751736,2.3441522121429443,100.0
703,703,4,SENTS-h1^m_w2v_model,hsplit,66.68478459436132,62.130619778469246,-11.16941176470588,0.7138649821281433,62.6562753323415,2.238672267643389,0.5148344350665612,1.0,0.774043015025999,0.7882886706109727,0.5775050971243116,1.1742610931396484,33.33333333333333
704,704,5,SENTS-h1^m_w2v_model,hsplit,3.902199950110405,25.43862624757833,-3.6500000000000017,0.2316551804542541,526.0461600343914,-0.0611955720625042,0.647251217344265,0.44180320687729013,0.5134760685276601,0.5409195519086958,0.3932761549949646,3.636591672897339,6.25
705,705,6,SENTS-h1^m_w2v_model,hsplit,64.07117598241615,58.51535078727125,0.0,0.8027830719947815,102.1648199382557,1.9473960080383097,0.505085133466192,1.0,0.5969046391882583,0.7328952040442129,0.7459950278202694,3.8190159797668457,100.0
706,706,7,SENTS-h1^m_w2v_model,hsplit,58.27355625822051,49.05473097097918,-3.718181818181818,0.6011777520179749,40.65390170540461,2.2943475666657216,0.4978946064796421,0.7694122776297371,0.8832464748660968,0.7348511476238535,0.3268691988454925,3.2591865062713623,50.0
707,707,8,SENTS-h1^m_w2v_model,hsplit,63.43130902637188,62.03682272331027,-9.503333333333334,0.7391044497489929,144.2769222140459,0.9447602993787242,0.5000979562438722,1.0,0.8050754696418663,0.7954546870937756,0.5239666563769181,0.568825364112854,100.0
708,708,9,SENTS-h1^m_w2v_model,hsplit,34.98370304610411,35.85372711984879,-13.37181818181818,0.5304824709892273,157.6078667592468,1.3727736291454342,0.548152069720969,0.9009604940193187,0.3187468215492304,0.6360817661199053,0.521417111903429,0.0313246324658393,15.0
709,709,10,SENTS-h1^m_w2v_model,hsplit,10.532797998931873,51.010201030088176,-9.087500000000002,0.4231964647769928,32.45921966381908,2.511836075690251,0.7125282479345695,0.5445042780663075,0.5931918495497367,0.6207677996667931,0.5197676850968048,2.073505401611328,16.666666666666664
710,710,11,SENTS-h1^m_w2v_model,hsplit,7.133302367316391,56.97861474963489,-5.682857142857145,0.1665483564138412,181.0561564059031,1.1262700048097685,0.5783262043675105,0.4379232116545896,1.0,0.7132643123845003,0.3907280080020428,3.0872395038604736,25.0
711,711,12,SENTS-h1^m_w2v_model,hsplit,44.57326615161554,20.882278640899333,-6.790000000000003,0.6917669177055359,174.81040928056342,0.4120637199631344,0.5470251954781741,0.7348533565647458,0.6326754412733357,0.6427867023445175,0.4780900420414077,3.1307902336120605,16.666666666666664
712,712,13,SENTS-h1^m_w2v_model,hsplit,27.299909600490984,45.22049836872768,-5.230000000000004,0.4961282908916474,57.95465599285343,1.6334588465926083,0.6019189803358241,0.5402991479231556,1.0,0.7425697785696656,0.3409839232486707,3.7141172885894775,25.0
713,713,14,SENTS-h1^m_w2v_model,hsplit,25.55403946604669,49.62818940515989,-3.187500000000004,0.2213396728038788,166.42898639920304,1.0252514192596371,0.6462982800384677,0.3807239405444917,0.737174157222606,0.6072006597935773,0.4107932805111913,1.9083935022354128,0.0
714,714,15,SENTS-h1^m_w2v_model,hsplit,50.42416758025262,56.951686572143394,-7.773333333333331,0.7368279695510864,22.802265688719928,2.6313771867852296,0.5508349308341697,0.8708538798147628,0.9820089319021,0.821816513047167,0.6721644321525537,1.9998227357864384,75.0
715,715,16,SENTS-h1^m_w2v_model,hsplit,91.93227152249176,81.37673229387333,-3.355714285714285,0.940155267715454,12.905608833834073,3.609547658136389,0.499999999999697,1.0,0.9491812537948106,0.846747709878841,0.874327152147495,2.613023042678833,100.0
716,716,17,SENTS-h1^m_w2v_model,hsplit,39.60914423407549,17.81564888077365,-7.368571428571428,0.6197289824485779,45.962913570681856,3.0217361378043552,0.5388668689134237,0.8108265304710991,1.0,0.8057744028631416,0.7454219030009376,2.620213270187378,25.0
717,717,18,SENTS-h1^m_w2v_model,hsplit,80.91067115702207,72.66414141414141,-10.740000000000002,0.9207056164741516,61.81988890424019,2.368450692441,0.4999999999997364,1.0,1.0,0.8660254037843879,0.4803538786040412,1.4710445404052734,100.0
718,718,19,SENTS-h1^m_w2v_model,hsplit,59.54165059120785,51.34124746352358,-9.55,0.8557245135307312,115.21725224898466,1.6726574167576962,0.5122034140741079,1.0,0.8946774245843339,0.8292165039863489,0.4565182626247406,1.1496713161468506,100.0
719,719,20,SENTS-h1^m_w2v_model,hsplit,35.16189165600835,47.58530917683394,-0.1100000000000012,0.6105018854141235,44.77829252879211,1.100093573945678,0.5947671134997738,0.5634981806821988,0.8826654791829875,0.6953120323697205,0.4619261833528678,4.358798503875732,16.666666666666664
720,720,21,SENTS-h1^m_w2v_model,hsplit,39.491934230793206,64.32207924371237,-4.003076923076924,0.7090047597885132,20.217347312554026,2.759410545178488,0.5032101834766243,1.0,0.3900637472228951,0.6844389954924506,0.8415719815662929,3.588474988937378,100.0
721,721,22,SENTS-h1^m_w2v_model,hsplit,9.697196786440507,36.87734779840043,-0.5166666666666693,0.5568781495094299,275.2130719379976,-0.0505253994598677,0.6187255995173038,0.44111033662753774,0.8953201098048084,0.6779866752866167,0.8286763025654686,4.197317600250243,15.74074074074074
722,722,23,SENTS-h1^m_w2v_model,hsplit,15.843574395687812,35.34461283383697,-3.653333333333337,0.4832424521446228,61.22010980208853,2.418567051069052,0.5920660629815493,0.5961877831408987,0.6863892784153741,0.626395066291902,0.6410428510771857,4.104762077331543,11.11111111111111
723,723,24,SENTS-h1^m_w2v_model,hsplit,19.39032620198004,41.21451993603791,-0.6257142857142846,0.5530180931091309,181.40415865854447,1.132095485023074,0.615840610443599,0.6093298922334804,0.680008682615998,0.6358601480079181,0.3995412430829473,1.8045830726623533,25.0
724,724,25,SENTS-h1^m_w2v_model,hsplit,54.50125608645581,65.37158717908765,-17.665925925925922,0.7017744779586792,187.6685387048115,1.3990662668058589,0.506633377130807,1.0,0.643191295268374,0.746184164294574,0.4830435163353971,-0.6723019480705261,100.0
725,725,26,SENTS-h1^m_w2v_model,hsplit,60.175167688610784,72.84983281792401,-7.536666666666665,0.6884486079216003,43.65102476873118,1.996175319691044,0.539087370866916,0.9061455422165352,0.8857757985715848,0.7950500408658211,0.5937577480017536,1.4122121334075928,50.0
726,726,27,SENTS-h1^m_w2v_model,hsplit,13.89602486129165,41.0502175346094,0.0,0.3875232040882111,635.2009116917285,-0.3606034280731789,0.6136097179171841,0.3943899079043259,0.5543183223187323,0.5289389025326847,0.5965699720864344,4.409663677215576,18.75
727,727,28,SENTS-h1^m_w2v_model,hsplit,0.8339907513767003,31.982903643421828,-7.190000000000001,0.2862642705440521,542.7361172958292,0.5550384711747507,0.6307702911806348,0.5387316353812053,0.6713475292302082,0.6161196962171436,0.6207923895073315,2.997215032577514,17.5
728,728,29,SENTS-h1^m_w2v_model,hsplit,31.76050446027025,44.40890087819913,-3.653333333333337,0.6015453934669495,50.7330256090804,1.9727063514020515,0.5721243900396901,0.6951969153524136,0.9356149858559684,0.7496666971732754,0.5645229890942574,4.0319247245788565,25.0
729,729,30,SENTS-h1^m_w2v_model,hsplit,38.78067693076935,51.82999149384366,-4.910769230769231,0.6992437243461609,88.23450606446931,1.4638911357841693,0.5445002643782312,0.9089761009598355,0.6884071969896579,0.7295255441932257,0.8623788607782787,2.232480764389038,25.0
730,730,31,SENTS-h1^m_w2v_model,hsplit,93.51334836242394,82.60140043545216,-8.39294117647059,0.9556393027305604,41.55333675949723,2.910632689448214,0.4999999999996282,1.0,0.8310796714321521,0.8042995752552656,0.6898110787073771,2.098032236099243,100.0
731,731,32,SENTS-h1^m_w2v_model,hsplit,11.684036632167324,55.23262499750498,-4.964444444444447,0.4644803702831268,72.34449084945665,1.789965062457297,0.6359222507168878,0.5147488244466144,0.806823327275648,0.6634072009111124,0.6428634247846073,3.1821839809417725,18.75
732,732,33,SENTS-h1^m_w2v_model,hsplit,38.998956944242096,56.89878659249894,-9.081818181818182,0.656564474105835,132.35270812664885,1.267918267490644,0.57942750325811,0.7114741906836579,0.7074834354506544,0.6689455799933587,0.3691205271968136,1.0603413581848145,83.33333333333333
733,733,34,SENTS-h1^m_w2v_model,hsplit,91.21679090703871,64.79046416546417,-5.818461538461541,0.9256110191345216,75.42646922656081,1.3641410493024488,0.49999999999971406,1.0,0.8987464483806931,0.8281998910240256,0.6382051706314087,1.1043875217437744,50.0
734,734,35,SENTS-h1^m_w2v_model,hsplit,40.64622617944091,56.82688560675816,-12.314736842105264,0.5949698686599731,305.5713269726033,0.8192183813796893,0.5798821622939848,0.7695085930913923,0.6992019357484541,0.687335469753217,0.4628616701515894,1.6766633987426758,66.66666666666666
735,735,36,SENTS-h1^m_w2v_model,hsplit,39.277824852471255,38.00182784540766,-12.407777777777778,0.6213793158531189,107.74970604117364,1.6202959250572266,0.5944289752897385,0.7934928756539207,0.6978761276118927,0.7000018666327749,0.7221686070164044,0.810725212097168,25.0
736,736,37,SENTS-h1^m_w2v_model,hsplit,81.60528832434373,78.16843071296216,-14.630000000000004,0.8792984485626221,60.91366250536876,2.350110275716431,0.4969684014055474,1.0,0.6727590740314676,0.7526801807955494,0.8059259116097733,-0.0260752737522125,50.0
737,737,38,SENTS-h1^m_w2v_model,hsplit,1.6440846416343733,28.834124214391213,-6.416666666666668,0.202170044183731,710.5288283743361,-0.7752149554801581,0.6960396929720477,0.2504303687486287,0.823523308636015,0.6391080408535544,0.3815123976932632,3.875144243240357,1.3888888888888888
738,738,39,SENTS-h1^m_w2v_model,hsplit,84.08964152537146,30.45325045325045,-0.8049999999999997,0.8886639475822449,92.37606783595314,1.310940832565472,0.4999999999997667,1.0,1.0,0.8660254037843937,0.3557531138261159,3.5393383502960205,100.0
739,739,40,SENTS-h1^m_w2v_model,hsplit,33.241660012938524,29.16666666666666,-11.706666666666669,0.6432085633277893,144.88291339493705,1.3204641047958756,0.6161461659195746,0.6657069683177606,0.8198872137186277,0.7059312782095035,0.4663054714600246,-0.1027044057846069,20.37037037037037
740,740,41,SENTS-h1^m_w2v_model,hsplit,41.62552712682994,34.643777357468984,-12.858518518518524,0.4986138343811035,155.43319280630638,1.1132049715946697,0.5526178700298107,0.7940320482503844,0.7012040967020302,0.6898213752261512,0.3883045731098968,-0.0495709255337715,14.000000000000002
741,741,42,SENTS-h1^m_w2v_model,hsplit,80.91067115702207,69.78299720694486,-8.412857142857145,0.9252119660377502,125.00585266874204,1.5279086461170608,0.49999999999971995,1.0,0.7761308453010424,0.7857860372534478,0.7903506843249004,1.818069696426392,50.0
742,742,43,SENTS-h1^m_w2v_model,hsplit,3.079878617878622,40.30649267206908,-2.342222222222226,0.5288755893707275,66.57324338315385,1.4368380454549352,0.7146030174386718,0.4331249350261576,1.0,0.7523861335497591,0.5109943364347731,3.001664400100708,33.33333333333333
743,743,44,SENTS-h1^m_w2v_model,hsplit,81.49492131269727,76.18466658327341,-5.818461538461541,0.8898745775222778,143.1155196614881,1.5213084522252514,0.5033149220527962,1.0,0.6661746120248919,0.752133526369604,0.6295759316001619,3.460754156112672,100.0
744,744,45,SENTS-h1^m_w2v_model,hsplit,5.605970908084418,31.41596134315388,-8.180000000000003,0.3225375115871429,1615.4582220798786,-0.6717319989354522,0.573423566398836,0.5786526935602232,0.5371021284152345,0.563362589757324,0.2843976567188898,1.9324634075164795,18.75
745,745,46,SENTS-h1^m_w2v_model,hsplit,44.57326615161554,45.900985892762215,-7.773333333333331,0.7743266820907593,110.27199557340356,1.7442034773595578,0.5231135275082455,0.8250084043215548,0.5263116621790119,0.6406482642888509,0.6765240124530263,1.1800289154052734,37.5
746,746,47,SENTS-h1^m_w2v_model,hsplit,67.35797021228001,46.3551095369277,-7.771428571428572,0.7755337953567505,46.231386719206775,2.0523100903403826,0.5016646209892239,1.0,0.8702998340860805,0.8183498015646122,0.6235599167024095,1.2206881046295166,50.0
747,747,48,SENTS-h1^m_w2v_model,hsplit,5.36051475367845,21.222966822056453,-5.682857142857145,0.5021595954895021,713.5451701758191,-0.1293072853939005,0.6078243150531671,0.4661994123664759,0.9336156449366961,0.6972399067110406,0.5844984134590184,2.5549216270446777,25.0
748,748,49,SENTS-h1^m_w2v_model,hsplit,57.95782787848098,69.28247814277225,-6.936363636363637,0.7622866630554199,146.56265025823882,1.1044761482860312,0.5475303984928479,0.8810342546564447,0.9487973710052128,0.8116295021700023,0.7626761025852626,2.883143663406372,37.5
749,749,50,SENTS-h1^m_w2v_model,hsplit,12.895564188125258,50.76681559900575,-5.230000000000004,0.321032702922821,77.98718315240487,1.4033073550020614,0.6123235333546294,0.326906609463604,0.8735541426926171,0.6441803269857286,0.1700651745001475,3.6493380069732666,18.75
750,750,51,SENTS-h1^m_w2v_model,hsplit,53.99692367877103,46.65107611044469,-7.004705882352943,0.7855032086372375,206.51268583085675,1.0636749237907264,0.47126396498665085,1.0,0.5522739368969686,0.7134648382063912,0.7015750128913809,0.3654038608074188,100.0
751,751,52,SENTS-h1^m_w2v_model,hsplit,37.176234686556846,58.93013517693825,-9.503333333333334,0.0445870496332645,75.26956849668089,2.1213933228695727,0.6096934060619181,0.4495796509959502,0.673434205572831,0.5851955631013542,0.3575026954765673,2.1596755981445312,11.11111111111111
752,752,53,SENTS-h1^m_w2v_model,hsplit,10.843833698468714,31.04754273504273,-3.7550000000000026,0.4299037158489227,584.4737112565742,-0.3757596750679415,0.5881251995141012,0.6468912686573018,0.8735541426926171,0.7135489714527864,0.268484299381574,3.3616063594818115,20.83333333333333
753,753,54,SENTS-h1^m_w2v_model,hsplit,15.71230230256651,49.313304903241786,-10.154545454545458,0.4730223119258881,218.75863899988343,0.9793992352191002,0.5840316546356809,0.6471817818708077,0.9487973710052128,0.7438982196574045,0.6383473205897543,1.978618860244751,25.0
754,754,55,SENTS-h1^m_w2v_model,hsplit,0.9514053910211934,20.754955572233857,0.0,-0.3190599381923675,104.3303705114196,1.5766239414366452,0.6705258954131724,0.133923403941552,0.0,0.39477438896283057,0.2123073814091859,1.702401876449585,3.125
755,755,56,SENTS-h1^m_w2v_model,hsplit,14.394336390575797,56.0798299316268,-15.426923076923076,0.4262428283691406,239.7863333386972,1.2104436275792954,0.5721475673073182,0.8218030052034674,0.5331136336287807,0.6549613638727133,0.4898596323198742,-0.2248303145170212,20.83333333333333
756,756,57,SENTS-h1^m_w2v_model,hsplit,31.072274116055564,62.96728972836462,-4.003076923076924,0.4749604761600494,25.944873946960755,2.1331161696835568,0.6035738678255578,0.7335537868663323,0.8922266827530131,0.7524340559287762,0.4972940345605215,3.924972295761109,25.0
757,757,58,SENTS-h1^m_w2v_model,hsplit,25.014274259960786,47.54533653104572,-13.372727272727271,0.5622652769088745,196.461327018705,0.8166426438261567,0.6103300606298317,0.6756081313500917,1.0,0.7808006852060638,0.6102041254440944,1.8872778415679927,6.25
758,758,59,SENTS-h1^m_w2v_model,hsplit,17.460878649879533,42.0168274201313,-4.830000000000002,0.5735946893692017,85.12042353684595,0.919971844233963,0.6399034226129778,0.5806789492726244,0.9099132316617528,0.7244783230144057,0.4172360913621055,3.108292579650879,25.0
759,759,60,SENTS-h1^m_w2v_model,hsplit,100.00000000000004,75.90876588762771,-14.514285714285714,0.9402937293052672,75.68190071709293,2.0822649229701886,0.48224558225321207,1.0,0.9003884411816577,0.8252797801586794,0.7904978946087853,-0.1319039314985275,25.0
760,760,61,SENTS-h1^m_w2v_model,hsplit,21.413185076106,58.67047785771524,-14.590000000000003,0.3722450733184815,1050.8038026033794,0.113291770342432,0.5743963536921219,0.9357617624894636,0.354127323045076,0.6660799271857355,0.2187547172388817,0.6866003274917603,100.0
761,761,62,SENTS-h1^m_w2v_model,hsplit,51.79280121009396,58.745206507979816,-8.792000000000002,0.7472868561744691,99.81568816184358,1.824591799608123,0.5168676656658473,0.9545234980580319,0.7451459769006126,0.7601556461337314,0.5981671960475794,1.4170182943344116,25.0
762,762,63,SENTS-h1^m_w2v_model,hsplit,27.64530466295645,55.50349093406706,-7.368571428571428,0.5394520759582521,2569.886104099062,-1.5773795549710514,0.5782787211102373,0.5536935451141024,0.9133393137486671,0.7012302340004078,0.7909211553633213,3.5812108516693115,31.25
763,763,64,SENTS-h1^m_w2v_model,hsplit,65.43768082152225,68.05935132279572,-5.862727272727272,0.6606283187866211,49.8191210244969,2.104440967518185,0.500643188860407,0.7640692639147183,0.9683745714613768,0.7685906481486101,0.5881457314226363,1.7475683689117432,100.0
764,764,65,SENTS-h1^m_w2v_model,hsplit,90.36020036098444,71.98684843421687,-4.823333333333334,0.9335945844650269,585.1120010490367,-0.2567893326319849,0.49999999999973754,1.0,0.8539052547867927,0.8122303007054578,0.7032272572870607,2.501507043838501,100.0
765,765,66,SENTS-h1^m_w2v_model,hsplit,1.9422565110272496,30.821547935651044,-2.4833333333333343,0.2635199129581451,1208.3707642638035,-0.5876559437877269,0.6087934049687516,0.3561199200783308,1.0,0.7065056752331725,0.2921935563737696,2.252649068832397,0.0
766,766,67,SENTS-h1^m_w2v_model,hsplit,0.1510209858506744,23.876196824075127,-0.5199999999999996,0.2008975893259048,2561.312713174403,-1.6154297265172368,0.697170593777209,0.3174730771728609,0.848440065358924,0.6599713468688184,0.7136479599608315,4.0856003761291495,8.854166666666668
767,767,68,SENTS-h1^m_w2v_model,hsplit,50.30989330530425,65.68127542392249,-6.936363636363637,0.592345118522644,752.9272437056177,-0.5482980400680226,0.4961306474838077,1.0,0.8903446660515828,0.8243905311883858,0.4277726619568452,2.216301679611206,100.0
768,768,69,SENTS-h1^m_w2v_model,hsplit,4.56389468856566,23.7177641524446,-2.846666666666668,0.1597867161035537,32.94909795354629,2.4940562336671586,0.5838083641756944,0.29402059436349964,0.5389703776262283,0.4891384888931167,0.1682335078716278,3.9693171977996826,10.416666666666666
769,769,70,SENTS-h1^m_w2v_model,hsplit,90.36020036098444,31.645396526268787,-5.806666666666668,0.8652358651161194,20.551574093644486,2.241474986259554,0.4999999999997264,1.0,1.0,0.866025403784386,0.4298122028509776,3.6311986446380615,50.0
770,770,1,SENTS-h4_default_model,hsplit,65.80674799260453,67.43933377026148,-17.951428571428572,0.8087239265441895,67.92912290547063,1.932114509475464,0.5191967910508967,0.9608891151127793,0.8030800403321691,0.7826899664106444,0.8060391757014459,-0.7959239482879639,50.0
771,771,2,SENTS-h4_default_model,hsplit,1.890363018174932,26.225661433404337,-3.653333333333337,0.3990797400474548,52.8629327323365,1.5276523245552005,0.6664037474834106,0.46845817988472715,0.8527689038761056,0.6808724365055222,0.6220551879133707,3.298621416091919,13.88888888888889
772,772,3,SENTS-h4_default_model,hsplit,77.7811122305422,64.4250037137151,-3.2300000000000004,0.904464066028595,105.70847425924354,1.0825312734852437,0.5085365106526953,0.9814308015060546,1.0,0.8605842590573057,0.9170458642420948,3.117743730545044,50.0
773,773,4,SENTS-h4_default_model,hsplit,22.028840349194912,32.079506530816495,-8.370000000000001,0.5240916609764099,310.252864576546,1.0838133988450809,0.5149400017643867,0.7825615009464716,0.4915599754715653,0.6107909947126777,0.531017208761639,1.887059450149536,20.37037037037037
774,774,5,SENTS-h4_default_model,hsplit,2.7841672053961704,19.53748050775727,-3.5341176470588245,0.1334673166275024,51.907677364092166,1.8694067323857784,0.6250443181137895,0.2290015414886807,0.8211397696842206,0.610298458943813,0.2348689712584019,2.679483652114868,1.5625
775,775,6,SENTS-h4_default_model,hsplit,73.48889200874659,64.45580247979,0.0,0.6997331976890564,122.47741612380128,2.1637626833998995,0.49486572982572197,0.9755766162614552,0.440900422400137,0.6809393040070248,0.7276910734673342,3.649076461791992,100.0
776,776,7,SENTS-h4_default_model,hsplit,75.39221180326287,65.9851551956815,-7.633846153846158,0.7959246635437012,269.94737270121425,0.6123438233177263,0.50521145066995,0.8765376563798276,0.9213579870578793,0.7900332088495232,0.6779474313060443,0.6922266483306885,100.0
777,777,8,SENTS-h4_default_model,hsplit,63.43130902637188,62.03682272331027,-9.503333333333334,0.7391044497489929,144.2769222140459,0.9447602993787242,0.5000979562438722,1.0,0.8050754696418663,0.7954546870937756,0.5239666563769181,0.5688257217407227,100.0
778,778,9,SENTS-h4_default_model,hsplit,0.5035116991987209,15.181478569675107,-3.84,0.1255564987659454,543.77929304394,0.7887236523312323,0.5881660435157242,0.42432655202415615,0.04433395441957723,0.41950678064131725,0.3329007215797901,3.8540120124816895,3.0
779,779,10,SENTS-h4_default_model,hsplit,1.105390360859316,33.283783995696005,-14.270000000000008,0.2741384506225586,50.87912175099339,2.0266594204194264,0.7547267619760213,0.3463157568093617,0.8824845512211404,0.6996013321412008,0.3135080790987202,2.323484182357788,13.88888888888889
780,780,11,SENTS-h4_default_model,hsplit,31.1119726480467,51.10988915597287,-6.875000000000004,0.3007071614265442,92.92118239484437,2.3604118705726527,0.5664593255351636,0.7392039219436751,0.44698544587213934,0.5964043914784047,0.4717447379728159,2.911283254623413,37.5
781,781,12,SENTS-h4_default_model,hsplit,75.50864799849171,33.0563277330694,-3.0202631578947354,0.7632515430450441,131.1847276182933,0.9610776648556846,0.50356808915463,0.938204498624442,0.7077821732133506,0.7381878953158649,0.4234769207735857,2.08566689491272,27.77777777777778
782,782,13,SENTS-h4_default_model,hsplit,2.608350185561992,31.610081095375207,-0.8049999999999997,0.621724009513855,32.937685631550586,2.6654681116184435,0.5636469449194603,0.6148617695850934,0.8376166087964344,0.6824842995864429,0.5705895988201654,4.0990352630615225,22.916666666666664
783,783,14,SENTS-h4_default_model,hsplit,26.595098615028576,44.856371649450296,-9.910000000000004,0.4482169151306152,172.65628295963504,1.0734136750967136,0.5729905708675251,0.8130685092291094,0.911763738063977,0.7790403731625072,0.2662702263338129,0.7819064259529114,33.33333333333333
784,784,15,SENTS-h4_default_model,hsplit,22.67742266683439,34.35744448110105,-2.8566666666666656,0.6693634390830994,29.94401357368688,2.8452212685371787,0.5603140062980946,0.5965168040122741,0.9820089319021,0.7380437262245696,0.4720586447252168,3.335438966751098,25.0
785,785,16,SENTS-h4_default_model,hsplit,84.64817248906144,79.5897476831385,-3.84,0.7858725786209106,11.190829116894996,3.8641263518421054,0.5028150465403793,0.9298457414034998,1.0,0.8401261956463502,0.7368291010143897,2.6418402194976807,100.0
786,786,17,SENTS-h4_default_model,hsplit,44.12739850976206,19.523106450741054,-5.863636363636362,0.8274496793746948,70.85100204254724,2.526609971285728,0.49366815054630236,1.0,0.8723706499266152,0.8174633108417755,0.8046303921275668,2.528287649154663,37.5
787,787,18,SENTS-h4_default_model,hsplit,8.428828344718168,26.14766081871345,-9.96,0.5121925473213196,588.9839273588174,0.186637878777141,0.5151465541134845,0.556886224497521,0.8683473963988525,0.6657140126918281,0.5671803487671746,1.0411313772201538,75.0
788,788,19,SENTS-h4_default_model,hsplit,60.34148992419807,52.00452979934112,-8.009090909090911,0.7493150234222412,81.78323607916056,1.8053363515348573,0.5077537213594127,1.0,0.8487644472709128,0.8120375460337267,0.4748338816894425,1.1305501461029053,100.0
789,789,20,SENTS-h4_default_model,hsplit,35.16189165600835,49.53815489423553,-2.4700000000000024,0.6400665044784546,52.46236843337709,1.0333500063497596,0.5976039995332241,0.630697172267048,0.9584184611296489,0.7468769220333161,0.2807837724685669,4.1798200607299805,18.75
790,790,21,SENTS-h4_default_model,hsplit,20.2729888749058,53.5311792433553,-1.2800000000000011,0.5722989439964294,173.4640019993839,0.7922893866027891,0.47311342912006216,0.8009705668181081,0.3506116056312751,0.5739682522364241,0.6791312418665205,4.149035453796387,83.33333333333333
791,791,22,SENTS-h4_default_model,hsplit,34.8007986647201,40.06687098018367,-2.342222222222226,0.6224645376205444,86.0433423844957,1.5238406568872849,0.5251410489000543,0.8081684864114538,0.8342690860571067,0.7359606718702183,0.1897434753676256,1.3822429180145264,22.22222222222222
792,792,23,SENTS-h4_default_model,hsplit,6.544066440967368,30.997553193371395,0.0,0.0166752487421035,203.8722227887166,1.135576744500952,0.6394948179177126,0.3718940836928648,0.680008682615998,0.5801352256335037,0.5397841808972534,4.288207530975342,5.555555555555555
793,793,24,SENTS-h4_default_model,hsplit,25.83029484536828,36.654336042923,-4.823333333333334,0.7067710161209106,39.31693792520157,2.3159487630604403,0.56257029487836,0.7729180452401926,0.9014544489868233,0.7586188689400368,0.5113983930812942,1.957298994064331,25.0
794,794,25,SENTS-h4_default_model,hsplit,49.65443441924225,62.27165866333233,-12.945,0.4872444868087769,157.866154557924,1.5250306544252992,0.5640946777889905,0.8879675416134019,0.6295191250655298,0.7078096470313855,0.3711455434071596,-0.4582782089710236,100.0
795,795,26,SENTS-h4_default_model,hsplit,41.93865323529592,54.679805952320784,-10.451578947368422,0.6611647605895996,65.80448165824734,1.836222519994496,0.5627679329680898,0.8421016735913316,0.8889358890968624,0.7780424131470227,0.3245151343444983,1.1076717376708984,31.25
796,796,27,SENTS-h4_default_model,hsplit,29.923150857889887,46.34702448834443,-2.846666666666668,0.505526602268219,125.65402958276545,1.4860367350095922,0.6046516652710325,0.669823268377226,0.7705102689843685,0.6850676175349277,0.7434618421242439,3.7170722484588623,12.5
797,797,28,SENTS-h4_default_model,hsplit,23.965103644177603,49.75236332252384,-5.041428571428573,0.3836797475814819,182.71127960228057,1.8800120166010856,0.6127479610581194,0.5979577838913143,0.7473986515193571,0.6561550424988614,0.6549469491555577,3.156400203704834,20.0
798,798,29,SENTS-h4_default_model,hsplit,65.72677895577044,67.98220298220298,-6.137499999999998,0.7088533043861389,33.00077379992261,2.4092461946738304,0.5270461419654765,0.9445605159059746,0.8003879621682681,0.7768725965804876,0.7508141864978132,2.508984565734864,50.0
799,799,30,SENTS-h4_default_model,hsplit,3.978630928019217,28.982875015483717,-0.8049999999999997,0.4244279265403748,81.21469121324793,1.937219640148679,0.6108896633237688,0.6892414204983944,0.5731612119655778,0.6262996331331945,0.5565594144993359,4.212475299835205,6.25
800,800,31,SENTS-h4_default_model,hsplit,80.98776716222615,78.50035018333128,-6.780000000000001,0.8228352665901184,58.87559029460971,2.520770061884824,0.5127568366047486,0.9157854276554174,0.7611755652712047,0.7485476524926703,0.6496885041395823,2.521058797836304,75.0
801,801,32,SENTS-h4_default_model,hsplit,35.48310089522656,61.8255758654999,-11.704761904761904,0.6651268601417542,156.54198089912364,1.5989515236508542,0.4978230245546945,0.9339645026381042,0.7944756356755678,0.7640482078261212,0.6832610232633679,1.969001293182373,31.25
802,802,33,SENTS-h4_default_model,hsplit,73.6320340708237,70.46585598302252,-13.251764705882357,0.8029289245605469,118.00558170885608,1.643443975569193,0.5005380458847684,0.9876782917222557,0.7007244876314641,0.75654071291282,0.675314344258772,-0.0089695286005735,100.0
803,803,34,SENTS-h4_default_model,hsplit,38.27521065936582,36.52374613771672,-6.27555555555556,0.7900152206420898,112.86317698158165,1.0495038625705588,0.5331699254669002,0.8478345577098577,0.612942441016758,0.677936094006171,0.5638611566689279,0.9594999551773072,33.33333333333333
804,804,35,SENTS-h4_default_model,hsplit,11.01807828276996,34.11151937585094,-10.723333333333333,0.317905455827713,626.1320973907094,-0.0535127267560255,0.6428495469989193,0.4706643060282875,0.6368432017328703,0.5888830366717369,0.2885885507696205,2.428793668746948,66.66666666666666
805,805,36,SENTS-h4_default_model,hsplit,40.8280519867046,35.04434073139226,-14.630000000000004,0.7111300826072693,116.40708830862243,1.7578490108816671,0.5763263483141162,0.826328996060251,0.5967840800714366,0.6760480524631706,0.6601260121852632,1.091380596160889,25.0
806,806,37,SENTS-h4_default_model,hsplit,52.75568628444888,71.2590716491661,-13.251764705882357,0.746850311756134,80.38591007178647,2.0250799623915063,0.524668474185304,0.8519268643196303,0.5771119693519043,0.6668619585098169,0.7238429350985423,0.3049269914627075,50.0
807,807,38,SENTS-h4_default_model,hsplit,43.97590189975809,58.27624870057616,-7.346315789473689,0.6045656204223633,159.8474911748371,1.3122199420914946,0.5630217660190149,0.7009028973799295,0.8351244554152912,0.7084469485194209,0.3888884084644141,2.426893472671509,11.11111111111111
808,808,39,SENTS-h4_default_model,hsplit,42.38365628278778,20.147907647907648,0.0,0.7739551663398743,68.5118629640908,1.4051921452026992,0.5219525835238894,0.9033469826373158,0.9040514976146721,0.7970318648641632,0.3385620291034381,4.291904926300049,50.0
809,809,40,SENTS-h4_default_model,hsplit,24.66347222710112,23.82554945054945,-12.69,0.5802987813949585,171.4483172706271,1.3292300918516298,0.6168920794488438,0.5847710700479699,0.8198872137186277,0.6818426224261873,0.2781266328361299,-0.0524047017097473,20.37037037037037
810,810,41,SENTS-h4_default_model,hsplit,16.40451917682824,22.730538439567795,-7.818888888888888,0.3860703110694885,143.32230810405056,1.0096080213927705,0.6190003989761359,0.6127834689890961,0.4670432328724412,0.5706120851538481,0.3953710574115443,1.239698052406311,9.0
811,811,42,SENTS-h4_default_model,hsplit,1.6267392600305728,16.81949132929525,0.0,-0.0359730795025825,305.60586166383035,1.983397508461432,0.4378351238627655,0.14607140620984146,0.23162618836383075,0.29815384313918686,0.2221625184019406,3.205982208251953,0.0
812,812,43,SENTS-h4_default_model,hsplit,11.97040810769604,44.80873074857876,-6.727142857142859,0.5164573192596436,54.53961698847797,1.7775707219214487,0.670905278313408,0.636539610009807,0.9050755777195135,0.7470962385495236,0.5425202624192313,2.0109877586364746,33.33333333333333
813,813,44,SENTS-h4_default_model,hsplit,47.39878501170796,48.52013240171135,-3.6500000000000017,0.5543961524963379,597.3765236209504,0.08824645523809,0.5307080393583686,0.8497593524649414,0.5065550626899346,0.6481615055107905,0.5001596135752542,4.276564121246338,75.0
814,814,45,SENTS-h4_default_model,hsplit,26.79929120928386,43.99401691626139,-8.541538461538464,0.522491455078125,507.74968241323626,0.2567500851186608,0.5758081268438325,0.7283590571552543,0.5876655098689934,0.6344059338123811,0.5505040020105385,2.589458703994751,25.0
815,815,46,SENTS-h4_default_model,hsplit,44.57326615161554,45.900985892762215,-7.773333333333331,0.7711323499679565,121.87770124197748,1.80409242577228,0.5034900636891741,0.786863118389041,0.440900422400137,0.5963916481047427,0.6485364649582792,1.3570536375045776,37.5
816,816,47,SENTS-h4_default_model,hsplit,5.3814094663738095,16.54652993946016,-0.8049999999999997,0.1993341445922852,260.757413931905,-0.1995593457576853,0.6258965488527182,0.4681341119671554,0.8735541426926171,0.6767552183934881,0.4093017751971879,2.0311453342437744,37.5
817,817,48,SENTS-h4_default_model,hsplit,2.8801239866996737,15.03707197393716,-5.682857142857145,0.4879886209964752,528.0390737440306,0.2536747417294488,0.6191440766562654,0.42782919776564643,0.8329007871712839,0.6481000260736199,0.4316847085676811,2.204780578613281,25.0
818,818,49,SENTS-h4_default_model,hsplit,30.26901832910048,47.5878945854436,-3.466666666666669,0.4849877953529358,397.62046767271926,0.2520777454304823,0.5425994963261643,0.8520122177216721,0.6474358422479227,0.6927029672203631,0.5299091384642654,3.518120288848877,18.75
819,819,50,SENTS-h4_default_model,hsplit,41.91453746326013,50.58163560333925,-2.512857142857144,0.2826203405857086,113.35446546840502,1.2987632552209871,0.5966399053126052,0.6283493314311117,0.7867363342543404,0.6757110128245942,0.4892568337538886,1.4801298379898071,18.75
820,820,51,SENTS-h4_default_model,hsplit,5.3871541262825975,24.88659450749614,-0.8049999999999997,0.4194698929786682,145.57430806301457,1.0790405199803423,0.5798842502950833,0.4381038220091347,0.5331627427163509,0.5204047184067814,0.5573684799450416,4.2577104568481445,50.0
821,821,52,SENTS-h4_default_model,hsplit,10.298383919234698,46.44485936755124,-8.756666666666668,0.5831865668296814,92.70410427745809,1.98916949606406,0.658870078040335,0.5530809223447988,0.6709307588437535,0.6298561660044049,0.2711058611339993,1.7826901674270632,8.333333333333332
822,822,53,SENTS-h4_default_model,hsplit,50.30130605717172,51.44935366491094,-8.588421052631581,0.6118926405906677,272.88846224592504,0.3261872506358752,0.5473192729184286,0.9287705960533525,0.9185715557422748,0.8177095877347573,0.5654411753334065,0.6342647075653076,37.5
823,823,54,SENTS-h4_default_model,hsplit,39.28028992595291,55.66350351685666,-9.284347826086956,0.5154561400413513,128.01556661789814,1.5367390806535408,0.4940557554610008,0.8903545773526516,0.5148768628270242,0.6587666624816298,0.6504685153563817,1.048042058944702,37.5
824,824,55,SENTS-h4_default_model,hsplit,37.606592757972216,53.48931322130206,-9.655,0.5495327115058899,36.47623134468734,3.1389821532661872,0.5933025296468997,0.842167930203503,0.4528101025271123,0.6496901064608358,0.5231597890824446,0.214910700917244,17.1875
825,825,56,SENTS-h4_default_model,hsplit,2.3530267193284806,48.43667763710246,-7.566666666666666,0.1862378418445587,420.4963160675161,0.6210223795597685,0.6680126432513125,0.4692227990639679,0.3000784231253934,0.5021480481327038,0.425554355316692,2.2823421955108643,33.33333333333333
826,826,57,SENTS-h4_default_model,hsplit,28.07696914798213,58.23719226314804,-4.003076923076924,0.4399144351482392,22.502978975467503,2.2530376503539014,0.6077732701157462,0.7335537868663323,0.8913836951217129,0.7532273667408276,0.465439034146922,3.8342344760894775,25.0
827,827,58,SENTS-h4_default_model,hsplit,45.46254772729186,52.6739822634181,-17.861666666666668,0.4844534695148468,25.224503078213143,2.860691242276993,0.5115151888681033,0.5660261611891643,0.7852304885366606,0.6320918508468095,0.6355368077134093,0.8445032835006714,6.25
828,828,59,SENTS-h4_default_model,hsplit,49.532408019558055,46.05413851745245,-9.130000000000004,0.7202798128128052,20.15978474732564,2.4159440715519427,0.5842314734468979,0.8618330249831102,0.808693888078942,0.7611544701162194,0.4751155522134569,2.2216737270355225,31.25
829,829,60,SENTS-h4_default_model,hsplit,94.85438370694511,73.77317090889545,-13.390476190476187,0.7955873608589172,60.242218655616426,2.1897611051157595,0.4943415026654557,0.8865408671518115,0.8782786089111504,0.7749626970073532,0.6040334191587238,0.2482156604528427,20.3125
830,830,61,SENTS-h4_default_model,hsplit,18.53968078490081,57.65669482125799,-13.623448275862067,0.3157878816127777,729.4441254318573,0.4987409050445129,0.51608107107867,0.7600591719583774,0.38226358681642936,0.5745012522787406,0.2888166955696842,1.0018900632858276,75.0
831,831,62,SENTS-h4_default_model,hsplit,26.896050220204028,48.417474911282966,-3.633333333333333,0.5774194598197937,173.13114943533782,0.7290336543058934,0.6148837638085985,0.7129473938947815,0.8302885616634023,0.7247425117667355,0.4545634759061129,3.7432665824890137,4.166666666666666
832,832,63,SENTS-h4_default_model,hsplit,30.45961744286076,51.30744141193058,-5.863636363636362,0.3260394930839538,527.7166309702858,-0.1584293523073055,0.5722956151531601,0.5212137913869122,0.8487644472709128,0.6632212236266648,0.4998317402270106,3.552796125411988,31.25
833,833,64,SENTS-h4_default_model,hsplit,47.21572522262779,51.143356322305976,-5.780000000000001,0.7202533483505249,47.29504327173613,1.9924491221087928,0.5011502193632663,0.922182649431038,0.8075014113758818,0.764554534931625,0.7760622874233458,1.9898514747619631,100.0
834,834,65,SENTS-h4_default_model,hsplit,67.74702029865007,49.005905022763,-4.790909090909089,0.9252126812934875,1458.893123215422,-1.016954865930902,0.4777914822460701,0.9932508650445854,0.6609544990140056,0.7420001866993405,0.6919828311160758,2.856407880783081,100.0
835,835,66,SENTS-h4_default_model,hsplit,1.965918324245286,28.258854114241448,-3.2094444444444434,0.3341442048549652,107.31898509433098,1.4056911539715753,0.6409572479459643,0.36930416998835636,0.8249057958260311,0.6397086148272588,0.292001628333872,1.7767257690429688,12.5
836,836,67,SENTS-h4_default_model,hsplit,24.65670623763103,46.292909314358,0.0,0.2594476044178009,313.97334987081337,0.6819145643597736,0.6074264900866918,0.4781101489436804,0.6936178971621407,0.5996282300018949,0.3823097390393732,2.1407148838043213,8.854166666666666
837,837,68,SENTS-h4_default_model,hsplit,50.30989330530425,53.473686114939966,-3.718181818181818,0.3667742311954498,790.5037214696064,-0.7637898030926458,0.5184155951421443,0.895787005601046,0.5008011288994368,0.6638249918457982,0.5191965953225182,3.9975333213806152,50.0
838,838,69,SENTS-h4_default_model,hsplit,2.979069743898399,24.829456522005486,-3.653333333333337,0.4517061710357666,84.73776474390603,2.207760755705625,0.6154260147179165,0.4817200977779594,0.8279145960645329,0.657329448240247,0.6415853373330049,2.8431527614593506,10.416666666666666
839,839,70,SENTS-h4_default_model,hsplit,53.107253497886994,23.346560846560845,-6.790000000000003,0.8196578621864319,26.468231078961026,1.9678082368807377,0.48687843444658796,0.9603875473570103,0.8577092518713801,0.7947871857282167,0.4477822495831384,3.777827501296997,37.5
840,840,1,SENTS-h4^m_default_model,hsplit,26.31885223685301,52.50716617445237,-11.693684210526314,0.4903455972671509,55.23167428375037,1.978099213570704,0.657552962385562,0.5825423484010828,0.8680879923668949,0.713047041111656,0.5223566078477435,1.4227133989334106,25.0
841,841,2,SENTS-h4^m_default_model,hsplit,14.713756232236827,28.83393128761727,-6.137499999999998,0.3050888478755951,14.63796921297755,2.796260782554456,0.6160982168022336,0.43712487806346706,0.8867888560692814,0.672569611519273,0.6246369951511397,2.225238084793091,13.88888888888889
842,842,3,SENTS-h4^m_default_model,hsplit,77.7811122305422,64.4250037137151,-3.2300000000000004,0.904464066028595,105.70847425924354,1.0825312734852437,0.5085365106526953,0.9814308015060546,1.0,0.8605842590573057,0.9170458642420948,3.117743015289306,50.0
843,843,4,SENTS-h4^m_default_model,hsplit,64.31748370927762,58.96520146520147,-11.16941176470588,0.672385036945343,81.17338088638736,1.9816357534610325,0.5135046509073259,1.0,0.751690883786719,0.7807531003826824,0.5945511912757699,1.2181739807128906,33.33333333333333
844,844,5,SENTS-h4^m_default_model,hsplit,7.377114893893967,20.917065315079967,-2.45,0.1840203404426574,43.88856821624903,2.961790721785676,0.6100523502136311,0.2708005341627075,0.4581736984262372,0.4674112882795904,0.2281173706054687,3.4409558773040767,3.125
845,845,6,SENTS-h4^m_default_model,hsplit,44.12739850976206,51.83370651405549,0.0,0.7048445343971252,108.58599487051994,2.3614779217163644,0.505085133466192,0.7382608651008642,0.5969046391882583,0.6208690804757747,0.7308630596432422,3.859977960586548,100.0
846,846,7,SENTS-h4^m_default_model,hsplit,67.0342089635179,60.007948797672434,-8.541538461538464,0.8923064470291138,41.65881246044698,2.435843559186348,0.49929500375714153,0.923992647472233,1.0,0.8372689558637635,0.7301411351395979,0.5651586651802063,75.0
847,847,8,SENTS-h4^m_default_model,hsplit,29.981556029966587,36.80473640637141,-6.104210526315793,0.5400972962379456,153.18871157778088,0.8446982881004139,0.5494990866138572,0.7493724016669051,0.870174897170601,0.7350085247204857,0.4146896646254593,2.949986696243286,33.33333333333333
848,848,9,SENTS-h4^m_default_model,hsplit,0.5035116991987209,14.680067870800428,-5.806666666666668,0.0012173493159934,177.61704547102403,2.571008959758247,0.579717708495581,0.23606552959455318,0.09395894157782972,0.3654348270706877,0.201389813174804,3.203575134277344,3.0
849,849,10,SENTS-h4^m_default_model,hsplit,3.8191642487495936,39.000948848328704,-13.673333333333336,0.3857393860816956,36.10891346794348,2.367363681536611,0.7198431012549311,0.42609886939933445,0.5814154683350883,0.5881548219494076,0.3847339213673585,0.4897971153259277,16.666666666666664
850,850,11,SENTS-h4^m_default_model,hsplit,11.705471450324662,44.51291125769304,-8.009090909090911,0.1115342006087303,75.69994683950554,1.8811019995212104,0.578639727233842,0.393751968869195,0.8336482286731876,0.6284462098677887,0.3688362091779709,2.788501977920532,25.0
851,851,12,SENTS-h4^m_default_model,hsplit,35.38557820060637,23.22938093771427,-10.68,0.5570028424263,51.49202763159265,1.8757677086882976,0.47168032771223767,0.6764051262763265,0.5159277408342406,0.561601181197102,0.3201256013578839,1.4007872343063354,22.22222222222222
852,852,13,SENTS-h4^m_default_model,hsplit,2.85160602623509,31.05925261351225,-2.342222222222226,0.5354355573654175,84.02133919324541,2.114767004865179,0.5441307646743316,0.6687255106012568,0.6171854735320013,0.6121519436471377,0.5376562023604358,4.065210819244385,25.0
853,853,14,SENTS-h4^m_default_model,hsplit,22.30530251321889,45.28194231686535,-5.483157894736844,0.2428680658340454,385.45221472245146,0.1949980453033998,0.6057061178846596,0.39899702093239253,0.588775478032798,0.5393623047910618,0.3411264269640951,1.569475769996643,16.666666666666664
854,854,15,SENTS-h4^m_default_model,hsplit,31.845647115720443,39.53884747313917,-5.806666666666668,0.51777184009552,49.41986545259636,2.332253101479084,0.5442645372592434,0.689862726954143,0.9820089319021,0.7608057156493432,0.3792658835925437,3.5734591484069824,25.0
855,855,16,SENTS-h4^m_default_model,hsplit,86.4845415092643,83.76324392453425,-3.355714285714285,0.8207476735115051,9.045924970755452,4.0229772584353,0.488762052910362,1.0,0.8475289894555146,0.8077115269559707,0.8882701219042775,2.3733062744140625,100.0
856,856,17,SENTS-h4^m_default_model,hsplit,44.12739850976206,19.523106450741054,-5.863636363636362,0.8274496793746948,70.85100204254724,2.526609971285728,0.49366815054630236,1.0,0.8723706499266152,0.8174633108417755,0.8046303921275668,2.528287649154663,37.5
857,857,18,SENTS-h4^m_default_model,hsplit,8.307018474412793,27.953216374269005,-12.425714285714289,0.4574835300445557,94.1726028610436,2.519054177506536,0.5065587040919556,0.5026826839490021,0.8335400927233533,0.6335299749842808,0.3278272681766085,3.0445482730865483,75.0
858,858,19,SENTS-h4^m_default_model,hsplit,3.95671672945243,22.12651550804536,-8.474444444444442,0.3682303130626679,36.10804396579242,2.207123084094992,0.49712567087644105,0.5271403043067604,0.8197684686283948,0.6316726935226078,0.1792757966452174,1.2143466472625732,25.0
859,859,20,SENTS-h4^m_default_model,hsplit,9.03124730600574,26.415235359017757,0.0,0.4798344373703003,60.58647098791018,0.7874156142383241,0.5994688371608395,0.4011962353721257,0.8408516048696874,0.639622995056636,0.4979679013291994,4.404795169830322,16.666666666666664
860,860,21,SENTS-h4^m_default_model,hsplit,32.39328619039837,54.200030845952185,-4.910769230769231,0.604945957660675,27.42073075003564,2.643156328489735,0.4995099334975834,0.870262687035713,0.3900637472228951,0.6215617547776852,0.4319511060676878,3.491879940032959,100.0
861,861,22,SENTS-h4^m_default_model,hsplit,58.37979488764489,59.53800964830376,-6.310588235294119,0.7811310291290283,68.63945607429389,1.9199738246544853,0.509367472236212,0.9240821650104687,0.8741515912842653,0.7911013576037642,0.8120479003588359,1.5466614961624146,19.444444444444443
862,862,23,SENTS-h4^m_default_model,hsplit,25.96367075591607,40.835595321701724,-5.806666666666668,0.5030707716941833,80.10841381091102,2.2903296528067227,0.5653972853746976,0.7448455985822261,0.7602459442942244,0.6958071935654323,0.5288255843851302,2.3737568855285645,25.0
863,863,24,SENTS-h4^m_default_model,hsplit,19.39032620198004,41.21451993603791,-0.6257142857142846,0.5530180931091309,181.40415865854447,1.132095485023074,0.615840610443599,0.6093298922334804,0.680008682615998,0.6358601480079181,0.3995412430829473,1.8045830726623533,25.0
864,864,25,SENTS-h4^m_default_model,hsplit,48.64454668691597,60.620755690440376,-17.228888888888893,0.6326165795326233,211.4471945215815,1.265118050858616,0.510326125785162,0.9146549577863322,0.643191295268374,0.7096293607160992,0.4554115503612491,-0.4770462214946747,50.0
865,865,26,SENTS-h4^m_default_model,hsplit,55.42375258681604,61.102016854689744,-11.624000000000002,0.7783492207527161,69.65514030781078,1.9772284378998544,0.5044302162194172,0.9480943163929074,0.7948819371683629,0.7713991551823719,0.5321893807914522,1.2896966934204102,43.75
866,866,27,SENTS-h4^m_default_model,hsplit,5.1565020483840325,38.86496583701553,-0.8900000000000006,0.3784882724285126,375.6865993114617,0.4493518406987143,0.5951658991824966,0.36926888433991867,0.5619204434558576,0.5184388556892013,0.5724279598395029,4.373303890228272,18.75
867,867,28,SENTS-h4^m_default_model,hsplit,0.6194281318861486,27.59972347076797,-1.5727272727272743,-0.0563816018402576,64.6232243572082,1.5588465581866573,0.6484757339722583,0.13290125796626065,0.4610006210862439,0.4657270640485249,0.3975561900933584,4.366333484649658,0.0
868,868,29,SENTS-h4^m_default_model,hsplit,9.03124730600574,29.21755021612001,-0.6257142857142846,0.3875013291835785,28.92944166865955,2.156430529630865,0.6048157122392063,0.36302028946335807,0.9336156449366961,0.6755797383985702,0.1697803992364141,4.4208645820617685,6.25
869,869,30,SENTS-h4^m_default_model,hsplit,33.69157283052957,48.23247902536345,-3.0953846153846136,0.5548421740531921,84.76952990256704,1.1214705636372633,0.5608516417537622,0.7907964553162388,0.6248843615718374,0.6659314437026435,0.4317289128071732,3.16766619682312,18.75
870,870,31,SENTS-h4^m_default_model,hsplit,68.65890479690394,72.75438250928447,-7.818888888888888,0.9369016289711,34.45993366322017,2.9608655624597104,0.4967247158087786,1.0,0.6738020352517229,0.7529374976283835,0.6800512540908088,2.3147013187408447,100.0
871,871,32,SENTS-h4^m_default_model,hsplit,36.29282415534298,62.23039834525796,-10.153636363636364,0.6581324934959412,125.27335861894146,1.7173896830066806,0.5331917284255836,0.9543014019900583,0.7437851757860335,0.7633699349639755,0.6772016460184069,2.7925140857696533,31.25
872,872,33,SENTS-h4^m_default_model,hsplit,33.48313657991786,39.96807981336398,-9.255714285714287,0.5930917263031006,196.0061017454136,0.9533438494396989,0.584145682908024,0.7294141112550838,0.5645103707669681,0.6303287722190659,0.4482111601602464,2.5347368717193604,83.33333333333333
873,873,34,SENTS-h4^m_default_model,hsplit,8.723697147876527,21.66493825768019,-2.3114285714285714,0.7040806412696838,91.18064559284656,1.5297670927594262,0.5454683527781187,0.4973692567095356,0.6136720930079295,0.554227792861083,0.6216712622730821,4.276230335235597,10.416666666666666
874,874,35,SENTS-h4^m_default_model,hsplit,52.83488797268305,60.26562159799053,-14.973076923076926,0.6177286505699158,211.97183641154297,1.0029028343564994,0.5431301587411296,0.8895376246304401,0.6782675846993365,0.7179402183611117,0.4089420385131932,0.93975830078125,83.33333333333333
875,875,36,SENTS-h4^m_default_model,hsplit,43.79623017588204,36.56754961482447,-13.450000000000005,0.6693351864814758,222.09469132481277,1.1078833173196163,0.57479314266876,0.826328996060251,0.7141723003512563,0.7125655153920882,0.5818763995612108,0.4516571760177612,25.0
876,876,37,SENTS-h4^m_default_model,hsplit,1.90994357450468,31.66362385112385,-5.863636363636362,0.1439495235681533,52.82461936355772,2.301350408909585,0.6422824415735775,0.3101199087931797,0.8284442228687071,0.6311420661489091,0.1625844461222489,3.705001592636109,6.25
877,877,38,SENTS-h4^m_default_model,hsplit,3.2873996603595,25.395479533362945,-3.633333333333333,0.2537800669670105,22.48977926761853,2.646641028775232,0.6293311897181849,0.21373633849449908,0.7418426338405139,0.575056942724971,0.2573049396828368,3.431569814682007,0.6944444444444444
878,878,39,SENTS-h4^m_default_model,hsplit,61.04735835807847,27.63888888888889,-2.342222222222226,0.8279461860656738,98.32354414591812,1.2462033983803449,0.4830736961769028,0.943840537108961,0.9302775352945344,0.8143732657902886,0.2682319904367129,3.345655679702759,100.0
879,879,40,SENTS-h4^m_default_model,hsplit,9.569649651041097,17.950801855967594,-11.130000000000004,0.5587894320487976,312.3114452001118,0.6216262631010809,0.6263564947466398,0.5090097493965331,0.5731612119655778,0.5715263652109932,0.3974058652917544,0.7131041288375854,18.518518518518515
880,880,41,SENTS-h4^m_default_model,hsplit,17.83704289452817,22.86048494304755,-9.209473684210526,0.3817415833473205,116.89078128058266,0.8105021875824958,0.6121711062299465,0.5495944677348578,0.5126031342288673,0.5596336645487582,0.3981137362300841,1.926717758178711,8.0
881,881,42,SENTS-h4^m_default_model,hsplit,60.60032073808247,55.05953247316175,-10.941428571428574,0.8734204173088074,153.92135697410905,1.479687084320498,0.49871316260330517,0.8741284832971271,0.7761308453010424,0.7337562067637172,0.7532998935949236,1.0994493961334229,31.25
882,882,43,SENTS-h4^m_default_model,hsplit,29.75700450878279,55.14066469493742,-7.550000000000002,0.587710976600647,47.51795253846248,1.6285000525930566,0.6167090063464236,0.7110846086748137,0.8852861804525272,0.7460346150376739,0.6029451205616905,1.3263375759124756,33.33333333333333
883,883,44,SENTS-h4^m_default_model,hsplit,48.871645172969465,65.74743907224725,-2.8566666666666656,0.6500588655471802,200.91898052660733,1.1167302301914757,0.5282164870110373,0.8616437537168644,0.3589607016232773,0.6192187014777696,0.5389485508203506,4.274906635284424,75.0
884,884,45,SENTS-h4^m_default_model,hsplit,40.76379932144842,54.66394333630511,-9.785555555555558,0.5346264839172363,298.14554342627605,0.6411941459798636,0.5393517967545648,0.8525954654349522,0.6330652424941047,0.6876508294177454,0.5571552226467738,0.8696774244308472,18.75
885,885,46,SENTS-h4^m_default_model,hsplit,41.255191635966895,41.075429354357375,-7.566666666666666,0.7225549221038818,93.04208964701344,1.6356414638060874,0.5233235878386854,0.7768954858342352,0.487607084011941,0.6096979694560781,0.7741607423457835,1.0220283269882202,37.5
886,886,47,SENTS-h4^m_default_model,hsplit,54.52758505201963,42.36247872123765,-6.725263157894738,0.6959706544876099,36.29129867973606,2.131703162209813,0.5084822026999948,0.9062079570184581,0.9454271994934471,0.8110897199381887,0.6264133783323425,1.100156307220459,50.0
887,887,48,SENTS-h4^m_default_model,hsplit,9.612773158105531,20.517350700719323,-4.910769230769231,0.5279287695884705,47.07068821750816,2.3687775346938733,0.6213801153110219,0.475401916899036,0.8249352675004545,0.656414103510191,0.331450431380007,2.852498769760132,31.25
888,888,49,SENTS-h4^m_default_model,hsplit,67.84065738153005,69.0997080824667,-8.350000000000005,0.6622613072395325,72.83885188937019,1.918952823608561,0.48347911261100623,0.8330447006032026,0.9348673367775103,0.7749607437170996,0.8204558943472211,2.092647790908813,37.5
889,889,50,SENTS-h4^m_default_model,hsplit,29.0201051998928,43.69083619767964,-4.003076923076924,0.3751763105392456,63.15657800948866,1.5898701592249187,0.6051637995209849,0.4555385101635689,0.8890216628319828,0.6743139910252647,0.6125272986434755,2.3719675540924072,18.75
890,890,51,SENTS-h4^m_default_model,hsplit,31.708476589333067,33.74440814294864,-6.875000000000004,0.5465354323387146,296.74678517388884,0.9605286069901506,0.5006347482217034,0.7954871165468446,0.4497646422376217,0.6015876597598938,0.6755139929276925,0.7514364123344421,50.0
891,891,52,SENTS-h4^m_default_model,hsplit,28.339100202093128,48.73792240812273,-9.503333333333334,0.0385380946099758,85.82280922326451,2.042412167656212,0.6096934060619181,0.4495796509959502,0.563484474434286,0.5450879638228149,0.3590303362519653,2.330193519592285,11.11111111111111
892,892,53,SENTS-h4^m_default_model,hsplit,2.207473251219062,14.898520811833508,-5.3263636363636335,0.1710931956768036,13.284588383572116,2.7676827149787084,0.5446605998924912,0.2535642606980336,0.761436941523758,0.5599810173257791,0.2287669491673273,2.810316562652588,20.83333333333333
893,893,54,SENTS-h4^m_default_model,hsplit,10.5904962435649,42.018838658093046,-11.706666666666669,0.4759712219238281,79.2322266080992,2.2627011457848254,0.5753407039351105,0.617453689938286,0.7313853032342579,0.6447713927199368,0.6147588982124521,1.4933075904846191,25.0
894,894,55,SENTS-h4^m_default_model,hsplit,1.749559744832904,27.018989675516227,0.0,0.0232793763279914,154.8989930513973,1.2935334105267593,0.69632429312724,0.23276863645115495,0.26395730398149503,0.4504524457474802,0.363201731884921,1.1238553524017334,7.8125
895,895,56,SENTS-h4^m_default_model,hsplit,26.40363840428412,61.704286903707406,-17.614285714285714,0.4729227125644684,233.23040882512183,1.2895101298522742,0.5193226893092395,0.9378335455710497,0.5136229789167708,0.6863032321311731,0.3645534887515679,-0.6547362208366394,41.66666666666666
896,896,57,SENTS-h4^m_default_model,hsplit,8.533841199025543,30.63535446443147,-1.8983333333333328,0.2894939184188843,160.21514719438315,0.2500197372716452,0.6053849415976708,0.5671007610512498,0.511542333579852,0.5626632384598691,0.348462193778583,4.281047344207764,25.0
897,897,58,SENTS-h4^m_default_model,hsplit,26.42824257638761,44.76377083652119,-11.264615384615386,0.5623199939727783,126.27353060567488,1.3902015111262898,0.5956209383050283,0.6482467284827034,0.8913836951217129,0.723314826583079,0.5502946029106776,1.739774227142334,6.25
898,898,59,SENTS-h4^m_default_model,hsplit,21.54778348643361,37.749729749178826,-5.884285714285718,0.5946901440620422,42.70067651882861,1.9792516914312912,0.6187038109485138,0.539407923322792,0.8802254253426163,0.6948745960831616,0.4111417444767776,3.2056405544281006,25.0
899,899,60,SENTS-h4^m_default_model,hsplit,94.85438370694511,73.77317090889545,-13.390476190476187,0.7955873608589172,60.242218655616426,2.1897611051157595,0.4943415026654557,0.8865408671518115,0.8782786089111504,0.7749626970073532,0.6040334191587238,0.2482156604528427,20.3125
900,900,61,SENTS-h4^m_default_model,hsplit,8.57934540029668,44.79943053016719,-4.253636363636364,0.1226729303598404,260.0555970496958,0.8348110881428698,0.6333656597146763,0.3950999380885552,0.6023328646812539,0.5537932525947786,0.2326521528145624,2.649556875228882,50.0
901,901,62,SENTS-h4^m_default_model,hsplit,48.01217391992878,54.7578157380746,-10.208000000000002,0.7627641558647156,94.99841312660143,1.8967162952657128,0.5137842833681561,0.9549432410573411,0.7451459769006126,0.7596344318965531,0.6330596212251687,0.7451150417327881,29.166666666666664
902,902,63,SENTS-h4^m_default_model,hsplit,61.88604784965421,65.68268418911441,-7.570000000000004,0.7494164109230042,289.68321279508456,0.7718397469533771,0.514958175388423,0.8079152695716936,0.8663106621449054,0.7457441850376532,0.8736181787200391,2.8559496402740483,43.75
903,903,64,SENTS-h4^m_default_model,hsplit,56.79716239121802,58.45343009816693,-6.647619047619048,0.6643810272216797,57.80859628759859,2.075685551651166,0.5008725998465721,0.7633385886902905,0.8075014113758818,0.703708673537279,0.5870840256743961,1.8376510143280032,100.0
904,904,65,SENTS-h4^m_default_model,hsplit,67.0422683816333,63.84455549896729,-5.806666666666668,0.7244365215301514,352.750932319908,0.4564432091256597,0.4931173613789172,0.8616721398053291,0.7990785106756337,0.7357921071501988,0.4771018881646414,2.231778621673584,100.0
905,905,66,SENTS-h4^m_default_model,hsplit,46.35241428251622,63.35182123495302,-11.693684210526314,0.6143248677253723,135.08733013685796,1.5886737711650096,0.5770537191750259,0.7776552350507098,0.8549801645946883,0.745817167333001,0.4382015255966572,-0.0886973217129707,12.5
906,906,67,SENTS-h4^m_default_model,hsplit,31.64411939507906,51.05870151932076,-6.725263157894738,0.3884195387363434,67.62681098353471,1.9407495987892576,0.5870535799587157,0.6069152154299642,0.856571751858497,0.6944285781716932,0.5652727439171739,2.311362743377685,16.145833333333332
907,907,68,SENTS-h4^m_default_model,hsplit,14.057272542703965,41.05118322223585,-6.936363636363637,0.2758961319923401,598.3070022511662,-0.1952607505081249,0.5066567645370174,0.791390862782416,0.8903446660515828,0.7473763440893573,0.4447463520699077,3.8248560428619385,50.0
908,908,69,SENTS-h4^m_default_model,hsplit,19.253970279941512,35.315797236140924,-3.355714285714285,0.4625517725944519,75.5585084771814,2.2215800210383847,0.607577044248546,0.5114854797865537,0.47755366448002307,0.5350466531648055,0.3141968553974514,3.479297876358032,8.333333333333332
909,909,70,SENTS-h4^m_default_model,hsplit,63.40466277046863,25.971506563611825,-2.8566666666666656,0.7298261523246765,27.32951966451403,2.2114676632583765,0.5037279967148592,0.8621208821668361,1.0,0.8158828163697874,0.1899392430981,4.043702602386476,25.0
910,910,1,SENTS-h4_w2v_model,hsplit,6.287773983326769,30.94788577970373,-4.791363636363638,0.2708614468574524,383.8775347098764,0.0318591818262588,0.6985993187092441,0.45533119286440954,0.9032334424382615,0.7097413037708924,0.4561641016413295,1.942544937133789,8.333333333333332
911,911,2,SENTS-h4_w2v_model,hsplit,3.272835479858,27.30014163198784,-2.2800000000000007,0.2884270250797272,86.61276780354609,0.708597367899614,0.6840979158291881,0.36394766902325687,0.8735541426926171,0.6741772033238577,0.5098789908267833,4.007767200469972,12.037037037037036
912,912,3,SENTS-h4_w2v_model,hsplit,82.05257019731465,73.63204939229426,-5.616470588235295,0.7877058386802673,203.9863838012784,0.5509490086363305,0.5116288888924115,0.8862352543966698,0.9399891278075493,0.8022378297573213,0.4578878909570199,2.314345121383667,83.33333333333333
913,913,4,SENTS-h4_w2v_model,hsplit,51.14981214194015,50.0201280730068,-11.16941176470588,0.6800652742385864,95.33062497220492,1.9208290923012468,0.5148344350665612,1.0,0.774043015025999,0.7882886706109727,0.5730609117935,1.36493980884552,33.33333333333333
914,914,5,SENTS-h4_w2v_model,hsplit,3.902199950110405,25.43862624757833,-3.6500000000000017,0.2792010307312012,1235.2316302274626,-0.9032192862046612,0.6380575327371254,0.4409611335863032,0.5134760685276601,0.5370356317684851,0.2965451168517271,3.7666606903076167,6.25
915,915,6,SENTS-h4_w2v_model,hsplit,41.06517147271933,42.19388807024417,0.0,0.7964681386947632,108.2501664285268,2.0966140472125083,0.502784303603035,0.8938808992008273,0.5969046391882583,0.6851058959971402,0.7281952286760014,3.93051552772522,100.0
916,916,7,SENTS-h4_w2v_model,hsplit,77.4403141014203,66.53965197666639,-7.570000000000004,0.8797868490219116,41.96939332737214,2.4533786994812767,0.4924739913360321,0.966061110626712,0.9252735164738071,0.8229896276980172,0.6472372474769751,1.1621921062469482,100.0
917,917,8,SENTS-h4_w2v_model,hsplit,56.077552120771024,55.30528529732626,-9.011666666666668,0.7265480756759644,159.20016284335668,0.8446956184763825,0.5095533171491275,0.9059760890168758,0.8050754696418663,0.759074824749854,0.4038305059075356,1.44158136844635,100.0
918,918,9,SENTS-h4_w2v_model,hsplit,0.6218519589646733,16.115689187269705,-1.2900000000000027,0.1375110298395156,30.174874309601087,2.28681476589817,0.6775883025850221,0.15563591931021423,0.8245067458308271,0.6226716151927185,0.1687373469273249,4.2613492012023935,3.0
919,919,10,SENTS-h4_w2v_model,hsplit,0.8871136009982646,31.461311146907374,-6.0100000000000025,0.1255639046430587,129.2894118677428,1.110664899813863,0.7301614585867827,0.2562368455755462,0.8230008070028662,0.6522073813758559,0.2874768861368591,2.469489812850952,16.666666666666664
920,920,11,SENTS-h4_w2v_model,hsplit,34.78424287757326,54.6709207131247,-6.137499999999998,0.3355896770954132,62.91152377895597,2.274890066949874,0.5033221026889204,0.9041847166389098,0.42950423406868343,0.6468789242564402,0.3799865849316121,2.8686521053314213,25.0
921,921,12,SENTS-h4_w2v_model,hsplit,77.7811122305422,28.88966106640273,-9.785555555555558,0.9274019002914428,69.3951943420749,1.6847965449283673,0.4995992851020774,0.8969477793426203,0.8629841436202931,0.7743505658899409,0.5133102027078471,1.1029733419418335,25.0
922,922,13,SENTS-h4_w2v_model,hsplit,32.8060571266766,56.38700157233535,-0.1100000000000012,0.6896734237670898,65.69315258252375,2.2495487223724018,0.5626235374291948,0.654783155852709,0.8533975110827685,0.7008503259089484,0.8230033719981158,4.056199550628662,12.5
923,923,14,SENTS-h4_w2v_model,hsplit,60.01945176802192,65.76675515491718,-13.872857142857145,0.6164523363113403,120.8310226553564,1.4812006702173806,0.5053059360673262,0.9156436135499741,0.7963748994958781,0.7589357233667862,0.485183716121346,0.0183311272412538,100.0
924,924,15,SENTS-h4_w2v_model,hsplit,31.845647115720443,39.53884747313917,-5.806666666666668,0.51777184009552,49.41986545259636,2.332253101479084,0.5442645372592434,0.689862726954143,0.9820089319021,0.7608057156493432,0.3792658835925437,3.573458909988404,25.0
925,925,16,SENTS-h4_w2v_model,hsplit,61.62607099729587,49.31963869463869,-1.6700000000000017,0.8605084419250488,26.23521830797323,2.7756552218754718,0.5115579975084423,0.8205967424716626,0.9491812537948106,0.7823076230242253,0.8669632780961889,4.107996463775635,50.0
926,926,17,SENTS-h4_w2v_model,hsplit,24.936514388871338,17.626428511845177,-0.8049999999999997,0.0605291351675987,47.88712383870968,2.0919740536279883,0.5660902313359133,0.3311984070952356,0.8376166087964344,0.6142073803442418,0.3161966709627045,4.145079612731934,6.25
927,927,18,SENTS-h4_w2v_model,hsplit,44.82700320176826,56.435185185185176,-12.320000000000006,0.6009926795959473,114.2204747245824,1.7275533975041213,0.5148233558295435,0.5175404078863262,1.0,0.714817263712141,0.4079651468329959,2.258273363113404,75.0
928,928,19,SENTS-h4_w2v_model,hsplit,33.50704079514751,43.465979670840426,-9.08705882352941,0.6613045930862427,120.29350544077607,1.4605551311918097,0.5001582903310828,0.8707100931127713,0.8253470472847063,0.7504425650012455,0.4365470260381698,1.6243319511413574,100.0
929,929,20,SENTS-h4_w2v_model,hsplit,30.789512797772584,40.04405658615281,-3.885555555555555,0.4370082616806029,23.55273417916045,1.872855441239876,0.5208193945442523,0.47892484312058164,0.8301243229019364,0.6297428677814763,0.1922764976819356,3.73332452774048,6.25
930,930,21,SENTS-h4_w2v_model,hsplit,34.82352832757856,60.59199777890426,-6.507777777777778,0.6069180369377136,30.498838721072037,2.447603131262177,0.4668843877816247,0.807840781791568,0.2654882475296399,0.5600808780453628,0.8428750947827385,3.130438327789306,100.0
931,931,22,SENTS-h4_w2v_model,hsplit,31.4460714006639,39.53416294747564,-5.852222222222223,0.7965476512908936,50.88392566682157,2.16076555347062,0.5182010896544935,0.9281656750935084,0.7113084636149402,0.7384631834991594,0.5355330824189716,1.7169616222381592,19.444444444444443
932,932,23,SENTS-h4_w2v_model,hsplit,30.030707552685943,43.016778852743215,-5.806666666666668,0.3262266516685486,87.90769688457439,2.029718281240278,0.5706216812251539,0.7552724386714061,0.8816137671252052,0.746835187995667,0.6754043444439217,2.419851303100586,25.0
933,933,24,SENTS-h4_w2v_model,hsplit,21.21844478773958,27.970364462299944,-6.0100000000000025,0.5397459268569946,77.26410443103731,1.9051825681281327,0.5863245395641342,0.5406728806392218,1.0,0.7384902683975842,0.2953528689427508,3.655355215072632,12.5
934,934,25,SENTS-h4_w2v_model,hsplit,54.39279533788034,64.3830822312606,-15.480740740740742,0.5171414017677307,224.99058127860303,1.362214806163449,0.508212629304665,0.8937410101243362,0.625287071274508,0.6947510324487666,0.4144174114817722,-0.652793288230896,50.0
935,935,26,SENTS-h4_w2v_model,hsplit,35.29232082703474,53.369097265274455,-8.008181818181821,0.4852554798126221,168.92117759943775,0.7344016136501476,0.5309924626658453,0.6776012388492126,0.5369081907784186,0.5857664038456745,0.2375465044971267,0.643668532371521,50.0
936,936,27,SENTS-h4_w2v_model,hsplit,43.040544368775,51.046983065382406,-8.008181818181821,0.5659826397895813,49.67600938837825,2.325202616868665,0.5591149689133704,0.6900095325562361,0.7246308192369649,0.6617684710101939,0.7636627616333009,2.9216921329498287,28.125
937,937,28,SENTS-h4_w2v_model,hsplit,12.00776803467267,41.60361053448758,-3.84,0.3782375156879425,225.1425465354775,1.1722967867180805,0.6066018717126656,0.5357905833735963,0.5860908838115056,0.5769286218369593,0.6405458056264454,3.650423288345337,11.25
938,938,29,SENTS-h4_w2v_model,hsplit,71.60350546947923,71.624185999186,-5.852222222222223,0.8288979530334473,16.175601217481482,3.22864008128416,0.49905883159542025,1.0,0.7561102453885546,0.7790512222301617,0.6839276123791933,2.4934887886047363,50.0
939,939,30,SENTS-h4_w2v_model,hsplit,15.067797234798286,43.44264859702261,-5.230000000000004,0.5404017567634583,73.63113558289055,1.8678501800491616,0.6066430523121012,0.6892414204983944,0.5731612119655778,0.6249222094391795,0.7480991275774109,3.4357693195343018,18.75
940,940,31,SENTS-h4_w2v_model,hsplit,58.89798187818744,52.74755723254322,-5.993333333333336,0.8485461473464966,65.46678228943323,2.251080957663815,0.5260348194455771,0.8938838525600771,0.707600310339353,0.724899802807058,0.7105109947185604,2.7655222415924072,50.0
941,941,32,SENTS-h4_w2v_model,hsplit,34.719577042933885,61.13504471263092,-10.58095238095238,0.6372793316841125,172.67398458723702,1.3487527864796536,0.528244808327901,0.9543014019900583,0.7992228974718073,0.7807028848434815,0.6719641843120097,2.7459099292755127,31.25
942,942,33,SENTS-h4_w2v_model,hsplit,62.99413326655333,56.231281079834325,-11.863529411764706,0.7001912593841553,238.1290259436192,0.9977024946878232,0.502754950627682,0.88888097622421,0.7052272907488719,0.7165234264351124,0.5466922497199405,0.6065206527709961,100.0
943,943,34,SENTS-h4_w2v_model,hsplit,35.831291876413545,31.78738689677229,-6.525714285714287,0.4567203521728516,110.89510843143772,0.9975152286152538,0.4846085499346491,0.5925063276111834,0.4577117041555253,0.514913973090007,0.5376016315486696,0.990918219089508,29.166666666666668
944,944,35,SENTS-h4_w2v_model,hsplit,9.474970604600324,36.26490535912413,-11.706666666666669,0.2957526743412018,348.1808984929422,0.8291433674151172,0.6454737053376579,0.5011815582960546,0.5811414268936425,0.5789486496257291,0.4208897471427917,2.585416316986084,66.66666666666666
945,945,36,SENTS-h4_w2v_model,hsplit,9.540042863482254,19.14311617262264,-8.009090909090911,0.4191926717758178,81.38798186492326,1.792587982760286,0.6488715096429336,0.4423930952293939,0.7300704036673835,0.6190715308815289,0.3371663325362735,3.563290596008301,18.75
946,946,37,SENTS-h4_w2v_model,hsplit,81.3748937097496,78.09930049677311,-14.514285714285714,0.9053829908370972,45.38874764080482,2.557708318174753,0.49836671664557397,0.9955912383787602,0.7076464024734345,0.7616505605438401,0.8041562078609353,-0.0183397699147462,50.0
947,947,38,SENTS-h4_w2v_model,hsplit,7.867296646980705,39.05469541866833,-1.0311111111111124,0.3552523255348205,210.83435720678185,0.9880510727539914,0.621033864546444,0.3930002234513972,0.8527689038761056,0.6499607782947096,0.6157172156704797,4.42213773727417,5.555555555555555
948,948,39,SENTS-h4_w2v_model,hsplit,68.037493331712,27.00396825396825,-0.8049999999999997,0.7873735427856445,95.36927141025664,1.6225880363301493,0.48193990746666776,0.9273916741436191,0.8735541426926171,0.7864303808762133,0.1991862381498019,3.7389984130859375,75.0
949,949,40,SENTS-h4_w2v_model,hsplit,24.66347222710112,23.82554945054945,-12.69,0.5475984811782837,347.1411415786281,0.6237805107053895,0.6172319375057651,0.5791646688326573,0.8198872137186277,0.6803484454112361,0.3330094367265701,-0.219977006316185,20.37037037037037
950,950,41,SENTS-h4_w2v_model,hsplit,25.029595025575944,27.21429857325345,-10.019047619047624,0.3462816774845123,207.35753444075544,0.9234150360715344,0.6015129673573778,0.6073750970742022,0.5583577475882869,0.5894872723355553,0.4086142789313208,0.7479032278060913,10.0
951,951,42,SENTS-h4_w2v_model,hsplit,69.30977286178778,60.683260003522825,-8.412857142857145,0.6214933395385742,83.37968492015443,1.4924240212917597,0.4799401610544886,0.8217116972829883,0.9050755777195135,0.7582247848382451,0.2496587872505188,1.757785081863403,43.75
952,952,43,SENTS-h4_w2v_model,hsplit,19.15965292251932,46.663734876261714,-8.588421052631581,0.5618118047714233,75.34264279599984,1.4947510364437075,0.5957962755780745,0.6135938750027348,0.6141479046602979,0.6079057751088872,0.5723110799278531,1.5856688022613523,83.33333333333333
953,953,44,SENTS-h4_w2v_model,hsplit,78.17032396134893,73.34575115324544,-6.790000000000003,0.8482922315597534,120.95957628065908,1.6264264244417537,0.5074858090295675,0.9512144296543816,0.7552664443203442,0.7599952060079942,0.6338509012782385,2.870405673980713,100.0
954,954,45,SENTS-h4_w2v_model,hsplit,0.8134381507904676,18.570001764661207,-4.830000000000002,0.0523820407688617,43.47382790104211,2.96145771509556,0.5311553391941538,0.15229025756933307,0.49956745383795054,0.43007207064208947,0.2131474823469207,4.082203388214111,0.0
955,955,46,SENTS-h4_w2v_model,hsplit,48.15336563160872,47.67110948535731,-9.140000000000004,0.7561480402946472,185.64255370983497,1.2300803312490514,0.5238939981068725,0.9534891231013738,0.5191350367590848,0.6959663822139416,0.662213103638755,0.7948418855667114,50.0
956,956,47,SENTS-h4_w2v_model,hsplit,19.29725528789484,20.764858207152454,-1.2900000000000027,0.3794894814491272,120.65726045008184,1.3217743702169789,0.611463886018169,0.5780011181216473,0.6929714973892531,0.629333740990745,0.5836754900713761,2.678538084030152,37.5
957,957,48,SENTS-h4_w2v_model,hsplit,72.74602087878277,52.15837435394939,-11.22636363636364,0.6173253655433655,83.35372664033748,2.1192879743409567,0.5084366207938492,0.9082436577934587,0.6746703859149138,0.7161458112509603,0.4654722808254144,0.6330351829528809,50.0
958,958,49,SENTS-h4_w2v_model,hsplit,26.45315854422903,48.63306854728423,-5.806666666666668,0.6358826160430908,347.3519249759635,0.0953725705020455,0.5227056599912692,0.8810342546564447,0.3124611381051901,0.6183511752208276,0.776981336209509,3.020213842391968,37.5
959,959,50,SENTS-h4_w2v_model,hsplit,20.772414018766565,41.39920889851758,-1.712500000000002,0.270862877368927,24.74160695536227,2.7711647501587544,0.5420864249656338,0.5791614239961258,0.30138432252069824,0.48993814474839653,0.3168905769785245,2.9727354049682617,31.25
960,960,51,SENTS-h4_w2v_model,hsplit,2.9834721323464457,19.379265352781943,0.0,0.2412191629409789,75.68027677710502,0.9480225667643832,0.5904107324594111,0.32970806981651224,0.819758105599671,0.6135404349624535,0.4302903413772583,4.370842456817627,50.0
961,961,52,SENTS-h4_w2v_model,hsplit,1.7285174526076732,31.116361723830167,-2.3114285714285714,0.196706622838974,134.28082798020978,1.7309905643394077,0.6711786031152657,0.2820187710756696,0.8573655229126576,0.6493819996473789,0.1568139072921541,4.302781105041504,8.333333333333332
962,962,53,SENTS-h4_w2v_model,hsplit,41.329101864645246,44.11345734875147,-7.346315789473689,0.593776524066925,354.52776584562673,0.3187023361602525,0.5446757780289958,0.9471210059801201,0.9185715557422748,0.8241123722242151,0.5796340042005772,0.9424666166305542,25.0
963,963,54,SENTS-h4_w2v_model,hsplit,42.40649322322058,55.9068701361004,-12.095999999999998,0.5779792070388794,220.1200645177607,1.1101228282076308,0.4904267453062906,0.8965226517333597,0.4461356230428536,0.6437671037806999,0.6564559512926215,0.3384520411491394,43.75
964,964,55,SENTS-h4_w2v_model,hsplit,15.577542041673864,37.54794120682456,-16.84142857142857,0.3717167377471924,31.21451339702047,3.117234115021672,0.5970805368355857,0.678689681261714,0.6213925853589898,0.6333123494922358,0.5913740196240642,-0.0951950699090957,7.8125
965,965,56,SENTS-h4_w2v_model,hsplit,6.372102919418558,43.83324131172804,-11.96166666666667,0.1635365933179855,438.1243796858057,0.8952884389084921,0.6075161460597381,0.7277977875301989,0.47068227957821324,0.611093908649637,0.4287959293082909,0.5515563488006592,20.83333333333333
966,966,57,SENTS-h4_w2v_model,hsplit,44.00390726125445,66.95889093290525,-9.32,0.6078107953071594,57.05046645901808,1.7830952340233477,0.5079143185277122,0.9914665454008877,0.6741467576226808,0.7517660798474958,0.6673925235157921,1.4658881425857544,50.0
967,967,58,SENTS-h4_w2v_model,hsplit,14.256747717620572,32.64577392218101,-11.91,0.4940146207809448,487.6596060201302,-0.0306131677849291,0.6133157050658027,0.5064515777803777,0.9099132316617528,0.6977562716473739,0.4187712531950738,2.999772310256958,1.5625
968,968,59,SENTS-h4_w2v_model,hsplit,21.46028613835629,39.58735629730443,-5.806666666666668,0.570828378200531,68.34082590489325,1.25657928770568,0.6390305830011433,0.666691876561245,0.9535536541049652,0.7663990943671726,0.4942937837706672,3.186919450759888,25.0
969,969,60,SENTS-h4_w2v_model,hsplit,26.35971381157268,45.143481570227095,-3.653333333333337,0.56600421667099,98.30629223008164,1.3971716424633678,0.6088379034178584,0.5945615788363838,0.9524983540333493,0.7374370432118045,0.5847993116214792,2.692708969116211,10.9375
970,970,61,SENTS-h4_w2v_model,hsplit,14.01309084080516,44.35931595803549,-14.390322580645163,0.0451860129833221,607.3995671946874,1.0751042824823458,0.5668047209115346,0.5342978750947941,0.4056099541452507,0.5070375547827225,0.2766538263944091,1.6257269382476809,75.0
971,971,62,SENTS-h4_w2v_model,hsplit,22.76660469923993,50.00095257229753,-5.041428571428573,0.4921230673789978,207.50006339787555,0.1267442130145762,0.6292908153578749,0.6185690964937172,0.8874352777942531,0.7225362804511608,0.3752467968728807,3.763343095779419,8.333333333333332
972,972,63,SENTS-h4_w2v_model,hsplit,30.45961744286076,51.30744141193058,-9.081818181818182,0.4436957538127899,436.93185326639167,-0.044776621461738,0.5737685377060703,0.5136374037100503,0.8487644472709128,0.661673334383481,0.5220809475415282,3.203592538833618,31.25
973,973,64,SENTS-h4_w2v_model,hsplit,43.276847851745785,54.71177491015046,-4.420000000000002,0.5830830931663513,39.9716682690338,2.071779927790128,0.5194730769886882,0.7662772966785608,0.9115852579439919,0.7501157367637594,0.6908933452765147,2.3235180377960205,75.0
974,974,65,SENTS-h4_w2v_model,hsplit,90.36020036098444,71.98684843421687,-4.823333333333334,0.9335945844650269,585.1120010490367,-0.2567893326319849,0.49999999999973754,1.0,0.8539052547867927,0.8122303007054578,0.7032272572870607,2.501507043838501,100.0
975,975,66,SENTS-h4_w2v_model,hsplit,48.16273879080878,64.97778183332883,-11.096666666666668,0.6237836480140686,94.24052369725764,2.019064875795404,0.578479805318567,0.7600281125835668,0.7581760680364077,0.7040626314994742,0.5873853009290299,-0.3141902089118957,17.1875
976,976,67,SENTS-h4_w2v_model,hsplit,7.485862236614696,33.599824958259305,-8.370000000000001,0.4202344715595245,121.47330638603609,1.5055717096945298,0.6199104586522879,0.5750299805587993,0.84498518811689,0.6901566062435586,0.8073043806685342,0.9339053630828856,16.666666666666664
977,977,68,SENTS-h4_w2v_model,hsplit,50.16513759455242,52.12829202960781,-5.806666666666668,0.3738724291324616,1240.988384593377,-0.9065403302994792,0.5086046421182823,0.8311119367498984,0.6832399687986633,0.6870814091397591,0.4769761834470999,3.4223225116729736,50.0
978,978,69,SENTS-h4_w2v_model,hsplit,42.902556537105646,56.060024163122,-10.486666666666668,0.7947514653205872,83.61175977798092,2.2696495075406347,0.5112420929153494,0.9777298438072347,0.5594408118796569,0.714212421024342,0.6768281862234313,0.8833650350570679,37.5
979,979,70,SENTS-h4_w2v_model,hsplit,64.07117598241615,25.971506563611825,-3.718181818181818,0.6994277238845825,33.48159433034596,1.5352049123158211,0.5165075583343887,0.8822580580777348,0.8021237955268995,0.7502359455998109,0.2247529700398445,3.86154842376709,37.5
980,980,1,SENTS-h4^m_w2v_model,hsplit,28.539828099336557,53.23065462532241,-11.68,0.4964224696159363,42.25707483320172,2.235455134747508,0.6524518299330437,0.5735993141067873,0.7591184108447278,0.6660756526627134,0.7008430865760091,1.3141173124313354,25.0
981,981,2,SENTS-h4^m_w2v_model,hsplit,23.36952554875741,36.87278671979077,-7.612500000000002,0.3823712766170501,18.28348566937281,2.631990700589329,0.6132686371801657,0.4572251149142017,0.8867888560692814,0.6761527693023688,0.6227557741670592,1.886671543121338,13.88888888888889
982,982,3,SENTS-h4^m_w2v_model,hsplit,75.76462188237684,70.67361893386379,-4.420000000000002,0.7070083618164062,105.04590946934393,0.8618912910566328,0.5328610545223068,0.8571076351284511,0.9636770703365031,0.805656646782498,0.3266387471446285,2.8316342830657963,83.33333333333333
983,983,4,SENTS-h4^m_w2v_model,hsplit,66.85376886716391,59.87152041428357,-10.441111111111113,0.6688506007194519,62.26584137815691,2.1269384347060774,0.512308054767002,1.0,0.8985684544761435,0.8306392739648972,0.5711265845431222,1.561092972755432,33.33333333333333
984,984,5,SENTS-h4^m_w2v_model,hsplit,10.57331442722593,27.37332558088576,-4.228235294117649,0.2071588039398193,156.67236539606102,0.7565638282579924,0.6181660653986358,0.4580311780119206,0.6651758251806521,0.5871912586900966,0.3913414565225442,3.0682070255279537,6.25
985,985,6,SENTS-h4^m_w2v_model,hsplit,44.12739850976206,52.57775413310311,0.0,0.7835145592689514,96.21241092583824,2.2109539559576508,0.505085133466192,0.8854044130275113,0.5969046391882583,0.6819939185803192,0.7040508829885059,3.676725625991821,100.0
986,986,7,SENTS-h4^m_w2v_model,hsplit,34.78635157752423,34.678553056937645,-1.5727272727272743,0.5360409021377563,51.84013734599928,1.7300085660748437,0.5169593664302835,0.7148193637763547,0.9185231617617893,0.7352773871273586,0.1629981311659018,3.722023010253906,25.0
987,987,8,SENTS-h4^m_w2v_model,hsplit,56.37830009935068,59.701919554677545,-10.68,0.6830908060073853,180.9996162673788,0.8661309741173376,0.4904036055556895,0.9788500552982111,0.7911812535992891,0.7798741144454605,0.5369754448809005,0.6514999866485596,100.0
988,988,9,SENTS-h4^m_w2v_model,hsplit,41.61723637615157,35.77233827983222,-14.990000000000006,0.4696344137191773,109.82108472075396,1.6490058595117545,0.509171191084508,0.7382294407955333,0.2527319892224843,0.5379316770322096,0.5475905754913887,-0.1836946755647659,15.0
989,989,10,SENTS-h4^m_w2v_model,hsplit,13.456801620810106,43.35311537113471,-11.68,0.45535609126091,47.76420466622261,2.191409489362645,0.6541629760808126,0.6143155235184502,0.5499390343922059,0.6076582656007912,0.5665957555661794,1.0805692672729492,22.22222222222222
990,990,11,SENTS-h4^m_w2v_model,hsplit,28.26232955916083,51.17261540918168,-9.92666666666667,0.3219088912010193,287.27062316210936,1.498654636368744,0.5065455112825986,0.8781023771397322,0.47848034278353047,0.647197954819915,0.6518096208241251,1.968923687934876,50.0
991,991,12,SENTS-h4^m_w2v_model,hsplit,50.72784644062104,27.97181412772811,-8.588421052631581,0.5452259182929993,62.033175733602505,1.404054944276076,0.5179136307749539,0.7297337656817977,0.5545143434913966,0.6077916460038825,0.4471109581214411,2.019771814346313,19.444444444444443
992,992,13,SENTS-h4^m_w2v_model,hsplit,32.8060571266766,56.38700157233535,-0.1100000000000012,0.6896734237670898,65.69315258252375,2.2495487223724018,0.5626235374291948,0.654783155852709,0.8533975110827685,0.7008503259089484,0.8230033719981158,4.056199550628662,12.5
993,993,14,SENTS-h4^m_w2v_model,hsplit,20.623533911649982,40.322619954955776,-1.712500000000002,0.1565125584602356,346.62292391654523,0.1703066361871485,0.6482152242927186,0.3081353126004664,0.6382161149542073,0.5545118445574415,0.4077395897622061,3.6022722721099854,33.33333333333333
994,994,15,SENTS-h4^m_w2v_model,hsplit,37.41194200909936,44.41263621950497,-6.790000000000003,0.5428198575973511,28.3598597481482,3.0811544266711386,0.550572081002976,0.7279687979712423,0.9820089319021,0.774039131124335,0.2141973247958554,1.0394047498703003,25.0
995,995,16,SENTS-h4^m_w2v_model,hsplit,69.97522298221911,56.25288485712715,-2.512857142857144,0.8744198679924011,39.025985693169,2.538314778759452,0.5026138484817482,0.8653825230684906,0.9491812537948106,0.7963359099595909,0.8796172233170303,4.0635037422180185,50.0
996,996,17,SENTS-h4^m_w2v_model,hsplit,3.776981788022902,9.281400966183575,-6.416666666666668,0.4219649732112885,51.07203442143238,2.9930214017669265,0.5474291292864069,0.46993040670354497,0.8294011809626753,0.634670402050837,0.2161255064937803,3.7953813076019287,6.25
997,997,18,SENTS-h4^m_w2v_model,hsplit,20.556680845025987,35.59890401995665,-9.054285714285715,0.8997627496719359,62.90075522044175,2.420432379571281,0.506987872781417,0.8523470082496452,1.0,0.8131281419349079,0.4803205397393968,2.8795669078826904,100.0
998,998,19,SENTS-h4^m_w2v_model,hsplit,60.34148992419807,53.54404466632078,-9.081818181818182,0.7572629451751709,79.3801254559498,1.7577741032504215,0.5142433376183553,0.9975765087900506,0.7202060305658018,0.7699138106822867,0.4518485946787728,1.0458211898803709,100.0
999,999,20,SENTS-h4^m_w2v_model,hsplit,40.569661365913575,45.85742531618821,-4.862105263157896,0.4925779402256012,18.82412287979627,2.1823144940058548,0.5104269005201724,0.470346108359566,0.8788622588115987,0.6465704273026628,0.3421438423295816,3.286009788513184,16.666666666666664
1000,1000,21,SENTS-h4^m_w2v_model,hsplit,29.629854440319534,61.08046827183824,-4.003076923076924,0.6296754479408264,138.84804406164042,1.0120218327693835,0.5045480148154502,0.8765742632550257,0.37868224276330065,0.6235252946592053,0.7257928238028571,3.6675984859466553,100.0
1001,1001,22,SENTS-h4^m_w2v_model,hsplit,61.69954674627864,63.40379185460321,-8.588421052631581,0.7215918302536011,80.6306034624415,1.8247412213897825,0.48968875916433824,0.9512076487747483,0.8848167140997489,0.80155924910759,0.857174782719877,1.428011417388916,25.0
1002,1002,23,SENTS-h4^m_w2v_model,hsplit,39.48049792399285,44.89911759559493,-5.993333333333336,0.5439079403877258,69.10961944519396,2.228057725037329,0.5678873664635856,0.8069598610761602,0.7585106866572972,0.7185677282275548,0.7136495124410699,2.1004467010498047,25.0
1003,1003,24,SENTS-h4^m_w2v_model,hsplit,71.60350546947923,66.8445764149207,-7.163333333333334,0.8705413937568665,52.53321152109326,2.303930794780788,0.5245839591231268,0.9676791579574379,0.7581760680364077,0.7716696687611131,0.5890521861060902,1.0272332429885864,50.0
1004,1004,25,SENTS-h4^m_w2v_model,hsplit,49.81230358870232,61.5372559828464,-17.228888888888893,0.6984265446662903,175.6320580950721,1.4426645445270678,0.5099067391867778,0.9671195530518991,0.643191295268374,0.7323524094478938,0.5168976673367405,-0.6139354705810547,100.0
1005,1005,26,SENTS-h4^m_w2v_model,hsplit,52.242671450052654,67.16256381089465,-7.745217391304351,0.684971034526825,62.9654542798761,1.7078885343281438,0.5414005836820596,0.9061455422165352,0.7841154497636343,0.7591774878661335,0.5744088538969405,1.351276159286499,50.0
1006,1006,27,SENTS-h4^m_w2v_model,hsplit,52.016656737863634,56.46402693009856,-6.935454545454547,0.5622536540031433,161.9880402214921,1.2587467007316528,0.5313495354225756,0.7407056504236673,0.6642676064608207,0.651211343665665,0.7392120208327819,1.9178136587142944,28.125
1007,1007,28,SENTS-h4^m_w2v_model,hsplit,1.5677656721577138,32.61008546911534,-8.412857142857145,0.3239960968494415,239.9024155470004,1.0312784372887804,0.6245980524606238,0.5720746862695512,0.7361059768534353,0.6478796655159967,0.6418561033826836,3.3461730480194087,17.5
1008,1008,29,SENTS-h4^m_w2v_model,hsplit,71.60350546947923,71.624185999186,-5.852222222222223,0.8288979530334473,16.175601217481482,3.22864008128416,0.49905883159542025,1.0,0.7561102453885546,0.7790512222301617,0.6839276123791933,2.4934887886047363,50.0
1009,1009,30,SENTS-h4^m_w2v_model,hsplit,39.9219424315619,46.48167606642007,-4.862105263157896,0.5791683197021484,60.05928427739676,1.8614192763102704,0.4854309645964106,0.8387409007286772,0.6168684542872841,0.6632385719178626,0.7346731781959535,3.0454342365264893,25.0
1010,1010,31,SENTS-h4^m_w2v_model,hsplit,69.9657920009366,55.200288324980185,-8.350000000000005,0.8795018196105957,70.69573045160384,2.4323188604542403,0.4773682816852964,0.9192476574416064,0.621935265949336,0.6975433575777505,0.690258393235623,1.6137081384658811,50.0
1011,1011,32,SENTS-h4^m_w2v_model,hsplit,38.2832921659753,63.1639994475844,-11.22636363636364,0.6604132056236267,112.50247867392132,1.9715975004166315,0.5013330116672883,0.9339645026381042,0.830571341107964,0.7774902429066911,0.6472731725695959,2.02637267112732,31.25
1012,1012,33,SENTS-h4^m_w2v_model,hsplit,79.4069318995806,72.16744741302186,-13.063333333333333,0.8564152717590332,100.07947903350237,1.7755859211944625,0.5051566797193492,1.0,0.7052223266263917,0.7643127198203229,0.6856980917472688,-0.0317871272563934,100.0
1013,1013,34,SENTS-h4^m_w2v_model,hsplit,66.68954865619207,53.2922106682899,-7.612500000000002,0.8189367055892944,94.79605284699116,1.355884038977014,0.48483246045050626,0.8665106383178608,0.7794803023080419,0.7288101588001169,0.5073672662178675,1.2450885772705078,50.0
1014,1014,35,SENTS-h4^m_w2v_model,hsplit,47.277817297082045,57.08773336714752,-13.611538461538462,0.5762801766395569,149.49097212382094,1.1378727135584197,0.5520804511000467,0.8332340678320677,0.6067000606621965,0.675069576633974,0.4324857175350189,0.9386696815490724,83.33333333333333
1015,1015,36,SENTS-h4^m_w2v_model,hsplit,71.11071074177595,51.19414530386632,-14.519230769230768,0.7261151075363159,53.894213458039786,2.283601104297132,0.5339544719590865,0.926809796070361,0.679761941136123,0.7317012306568487,0.6988618760197252,0.4517273604869842,37.5
1016,1016,37,SENTS-h4^m_w2v_model,hsplit,71.22051230572403,61.37085888184206,-11.693684210526314,0.7827880978584291,46.959156421602046,2.5792569759745665,0.5071737819620878,0.9278969954497861,0.5880809747346295,0.6985836414057851,0.6594204783439637,2.322009801864624,31.25
1017,1017,38,SENTS-h4^m_w2v_model,hsplit,9.61012507393768,27.96790421704428,-6.370000000000001,0.0820395275950431,49.278570412156974,2.7429340456999656,0.5950419565594186,0.30121537994345,0.36505366252925187,0.43896461957146343,0.2405002916616107,2.236189603805542,1.851851851851852
1018,1018,39,SENTS-h4^m_w2v_model,hsplit,84.08964152537146,30.45325045325045,-0.8049999999999997,0.8922548890113831,85.33797173900228,1.5559286915857689,0.48997214784666276,0.9390700440249756,0.9261113068040284,0.8123232948034107,0.2560003250837326,2.6168932914733887,75.0
1019,1019,40,SENTS-h4^m_w2v_model,hsplit,46.2237702360567,34.36186186186186,-16.344,0.4550378918647766,24.545127520798506,3.0687404275280787,0.5152532124408467,0.5784907399097488,0.7438289392727235,0.6200588412915681,0.4663837480876181,-0.7554752826690674,20.37037037037037
1020,1020,41,SENTS-h4^m_w2v_model,hsplit,37.27078268792681,32.096441972651675,-11.984444444444444,0.4212628901004791,234.10394996706503,0.8551600330723333,0.5537949734901307,0.7297319612035233,0.6172241074824283,0.6377468689907083,0.4028355059396005,0.1911704838275909,14.000000000000002
1021,1021,42,SENTS-h4^m_w2v_model,hsplit,56.48427586489797,53.93849212236893,-8.009090909090911,0.8513957858085632,216.28292550651824,1.0337345940519889,0.5207813620341232,0.8801009549181411,0.6611585933357198,0.7030698408720639,0.7443965924211912,2.177598476409912,37.5
1022,1022,43,SENTS-h4^m_w2v_model,hsplit,64.13976565265531,69.8517653463303,-11.345161290322585,0.6883564591407776,40.49923066709457,1.807850668935001,0.5487014137035091,0.9354333704368931,0.8533407718040829,0.7967223072795069,0.6420192405266105,1.2137848138809204,50.0
1023,1023,44,SENTS-h4^m_w2v_model,hsplit,67.73641371478998,71.52624021432071,-5.818461538461541,0.8852011561393738,133.7770900482947,1.5887856784825756,0.5033149220527962,1.0,0.5416604623784165,0.7180348104990018,0.6613499760627747,2.9820096492767334,100.0
1024,1024,45,SENTS-h4^m_w2v_model,hsplit,12.111272792141843,31.22546618850102,-8.474444444444442,0.3120132982730865,116.99689858258049,2.1759736413730764,0.49149624822616134,0.5619170218967052,0.2792334524131295,0.46017772742865704,0.2111112536419006,1.5718693733215332,18.75
1025,1025,46,SENTS-h4^m_w2v_model,hsplit,28.261529089215266,34.58284620366758,-4.823333333333334,0.6279640197753906,258.4481592616844,1.0733333671002578,0.5336559470314248,0.7156408836897465,0.4037112178938071,0.5656598776837394,0.5567103442218568,1.5439013242721558,37.5
1026,1026,47,SENTS-h4^m_w2v_model,hsplit,54.89617396884637,37.80166449447282,-7.771428571428572,0.7062762379646301,52.55465851575616,1.9271266450967648,0.5056946538988547,0.9066365250539221,0.8702998340860805,0.7821207649193297,0.5608293606589239,1.2267979383468628,50.0
1027,1027,48,SENTS-h4^m_w2v_model,hsplit,37.82673948760636,31.44494541353791,-7.004705882352943,0.6861774325370789,137.36619790956505,1.691164939685955,0.5409089710557604,0.75947750936837,0.793417131750083,0.7068473072169388,0.6053529574087373,1.9554523229599,37.5
1028,1028,49,SENTS-h4^m_w2v_model,hsplit,55.01048533487329,66.87326010426361,-7.773333333333331,0.7478335499763489,108.151827783408,1.602247322744193,0.5005648234646083,0.9420429581099437,0.864204839786858,0.7926453773127291,0.7413303070598178,2.4921467304229736,37.5
1029,1029,50,SENTS-h4^m_w2v_model,hsplit,46.44456929294574,60.5428659623987,-7.566666666666666,0.4467304646968841,91.21930601291844,1.4675239066168235,0.5757208639648063,0.5902072554352134,0.9115852579439919,0.7096446998495243,0.6023788019600842,1.5864424705505369,18.75
1030,1030,51,SENTS-h4^m_w2v_model,hsplit,40.37211700637277,39.97454040800815,-7.004705882352943,0.7145187258720398,169.33335995096095,1.026780685452527,0.4786001815730308,0.9682885158346468,0.392493973100877,0.6634988828474677,0.5916665740035199,0.3337868452072144,100.0
1031,1031,52,SENTS-h4^m_w2v_model,hsplit,31.94883617528367,54.60713450529406,-9.503333333333334,0.0946802496910095,79.90297785046212,2.0702733767142503,0.6049953380489215,0.4495796509959502,0.6004100155072113,0.5563672073885313,0.3200208545467,2.112856149673462,11.11111111111111
1032,1032,53,SENTS-h4^m_w2v_model,hsplit,5.867406142811022,23.572029822029823,-0.8049999999999997,0.3420832753181457,296.4046942644852,0.0323562826196415,0.599926030433499,0.5228423193715043,0.8735541426926171,0.6822443778033652,0.2076832850774129,4.125370502471924,8.333333333333332
1033,1033,54,SENTS-h4^m_w2v_model,hsplit,22.578309154909835,50.78788235567131,-9.255714285714287,0.4221581518650055,122.7073843669904,1.236819869002199,0.5931705642772885,0.6811280449393843,0.9050755777195135,0.7382295337071201,0.5875392823749119,2.773680686950684,25.0
1034,1034,55,SENTS-h4^m_w2v_model,hsplit,0.9790671881378216,21.50946795720077,0.0,-0.584556519985199,41.51864672019461,3.3443905301492904,0.6191539761295383,0.13175263432699935,0.0,0.36547248086512196,0.1338492055182104,2.2390000820159908,3.125
1035,1035,56,SENTS-h4^m_w2v_model,hsplit,29.914404968946386,63.00191281669796,-18.1721052631579,0.5281071066856384,220.3415395097035,1.2146614046844229,0.5043116536308662,0.9618503011301548,0.4747079497822473,0.6843083815937892,0.3130940159161886,-0.8490443229675293,50.0
1036,1036,57,SENTS-h4^m_w2v_model,hsplit,37.967847401724526,59.5583321047596,-6.647619047619048,0.4206649959087372,20.41270757187173,2.396517473873353,0.5236601379705033,0.6346808029872412,0.8572483967998763,0.6860307271047884,0.2846869244461967,2.1911323070526123,25.0
1037,1037,58,SENTS-h4^m_w2v_model,hsplit,1.0490517329477729,21.13446427056108,-6.705000000000003,0.35527104139328,22.271433826766003,2.9589905102004965,0.6860972432450526,0.22663506001427391,0.8586712229410768,0.647922100956398,0.1191014638791481,3.7717111110687256,1.5625
1038,1038,59,SENTS-h4^m_w2v_model,hsplit,19.57472746299437,41.87318003334281,-5.863636363636362,0.628507137298584,47.05204007321864,1.863588937657852,0.6234107318086521,0.5463469081394117,0.9070851930192521,0.7094456596438442,0.4137654825493141,2.8883869647979736,25.0
1039,1039,60,SENTS-h4^m_w2v_model,hsplit,22.75739588540212,31.42567913431884,-10.208888888888891,0.3576559424400329,475.0131443136872,0.2674285516735918,0.5878665862781004,0.5450851296442738,0.861656526489208,0.6794990535836012,0.3636660480310047,2.600391626358032,9.375
1040,1040,61,SENTS-h4^m_w2v_model,hsplit,19.144774865008348,58.60130954162696,-14.443636363636363,0.3719208836555481,973.7982320840456,0.1080663993144671,0.5695514021219239,0.9357617624894636,0.35096709684850647,0.6641327123566759,0.2141772563022281,0.6879822015762329,100.0
1041,1041,62,SENTS-h4^m_w2v_model,hsplit,48.01217391992878,54.7578157380746,-10.208000000000002,0.7627641558647156,94.99841312660143,1.8967162952657128,0.5137842833681561,0.9549432410573411,0.7451459769006126,0.7596344318965531,0.6330596212251687,0.7451150417327881,29.166666666666664
1042,1042,63,SENTS-h4^m_w2v_model,hsplit,39.76535047350702,55.75185048869261,-8.541538461538464,0.4181932210922241,366.5932804946856,0.1969223742262622,0.5557060986078882,0.4978350621110735,0.8659983391403263,0.6599500335861143,0.7660845890641212,2.924978494644165,31.25
1043,1043,64,SENTS-h4^m_w2v_model,hsplit,65.43768082152225,68.05935132279572,-6.399090909090912,0.6674227714538574,52.44666073316645,1.9260791672195603,0.4994849645282113,0.7645729900646151,0.9683745714613768,0.7685064297235038,0.547793538901541,1.7879076004028318,100.0
1044,1044,65,SENTS-h4^m_w2v_model,hsplit,44.12739850976206,41.05989679519092,-1.5727272727272743,0.7634962797164917,584.68806992005,-0.4875666405072777,0.5359798258672611,0.933126393589671,0.6907361772506329,0.7382672747077405,0.5918611266546778,3.970696449279785,100.0
1045,1045,66,SENTS-h4^m_w2v_model,hsplit,53.08741721018944,63.6243949022992,-11.07263157894737,0.5734322667121887,130.68493930098109,1.2765338074517618,0.5848985407933627,0.8064751695517502,0.7573287829452358,0.7225084515314316,0.494795246648066,0.1279055327177047,14.0625
1046,1046,67,SENTS-h4^m_w2v_model,hsplit,0.5035116991987209,21.551519759420923,-1.8733333333333315,0.0979635939002037,12.779228059842756,3.730142902499987,0.6731681275034648,0.11322187004116682,0.819688184878735,0.6158634156401712,0.1128388153596056,4.297255992889403,1.5625
1047,1047,68,SENTS-h4^m_w2v_model,hsplit,26.43191130222548,43.44295639574277,-6.936363636363637,0.3930562138557434,888.6706853071396,-0.3333938841759725,0.47398675036929394,0.9206178355525737,0.8352100964097136,0.7680660873926305,0.6061727432563664,3.8137094974517822,25.0
1048,1048,69,SENTS-h4^m_w2v_model,hsplit,28.09461304041997,42.58309930642361,-7.550000000000002,0.5013946294784546,61.0377275234821,2.2665409798514093,0.5625634078142423,0.5376624195653201,0.4976460651394455,0.5332948125796778,0.2825922359313284,1.8663839101791384,6.25
1049,1049,70,SENTS-h4^m_w2v_model,hsplit,64.07117598241615,25.971506563611825,-3.718181818181818,0.6994277238845825,33.48159433034596,1.5352049123158211,0.5165075583343887,0.8822580580777348,0.8021237955268995,0.7502359455998109,0.2247529700398445,3.86154842376709,37.5
1050,1050,1,Moses,hsplit,76.61012158749813,73.1184917336633,-18.772222222222226,0.7083160877227783,55.15558787600182,2.0214766075743653,0.5045855695444468,0.9393298307247854,0.8353102392168696,0.7820252177567533,0.840792638320538,-0.8689966797828674,50.0
1051,1051,2,Moses,hsplit,66.90849531405021,66.38313143050942,-11.995862068965518,0.561974287033081,50.51822661246357,2.730314130727145,0.4998309738685396,0.8476777562677178,0.7227630750719128,0.7049290847541221,0.7691378469428554,0.8568403720855713,27.77777777777778
1052,1052,3,Moses,hsplit,93.91044157537527,80.12312608264631,-5.196666666666669,0.9436307549476624,132.09937214206582,0.9041495352609614,0.499999999999693,1.0,1.0,0.8660254037843795,0.9219901274751736,2.344151735305786,100.0
1053,1053,4,Moses,hsplit,53.29419213766111,42.95368849966551,-8.474444444444442,0.7090386748313904,44.0176303877202,2.286240488366375,0.5125744579864006,0.9558722825790956,0.9791849542799629,0.8436483410899108,0.4156845475236575,1.201430082321167,33.33333333333333
1054,1054,5,Moses,hsplit,70.79954722231881,46.57477404481843,-11.545714285714284,0.663740336894989,75.1453435628394,1.439065843401165,0.49999999999950734,1.0,0.8771192749943428,0.8204344829755571,0.7044674239040893,0.4558472633361816,25.0
1055,1055,6,Moses,hsplit,63.40466277046863,50.84440405273739,0.0,0.7878513932228088,71.08761672357655,2.1042759515532143,0.49999999999972006,1.0,0.8323657214460987,0.8047427527349355,0.8021823396285376,3.288316011428833,100.0
1056,1056,7,Moses,hsplit,91.21679090703871,74.93814664867297,-6.726153846153847,0.927379310131073,41.11563504873945,2.3030357194818496,0.499999999999719,1.0,1.0,0.8660254037843845,0.6645540992418925,0.6918296813964844,100.0
1057,1057,8,Moses,hsplit,78.9753432553337,71.60648275185798,-9.073076923076924,0.7541890144348145,105.41562014246368,1.2908301350825166,0.4999999999995733,1.0,0.9025154083171837,0.8295649587282694,0.6274003734191259,0.6670912504196167,100.0
1058,1058,9,Moses,hsplit,80.29567848001706,33.28971005151726,-13.72848484848485,0.7403323650360107,54.34013561499703,2.5662822083824763,0.49999999999948264,1.0,0.8196119794536801,0.8003673733279116,0.5944532455117614,0.0814722180366516,20.0
1059,1059,10,Moses,hsplit,53.81127111109757,67.43579415821311,-21.84000000000001,0.7558965682983398,12.390400221172372,3.6636167641980695,0.5102239268110458,0.9849072763190552,0.890321539855101,0.821186792142255,0.5783441203871583,-0.9404469728469848,33.33333333333333
1060,1060,11,Moses,hsplit,63.516555527212894,67.9223481339115,-6.370000000000001,0.5126241445541382,28.86578749548313,3.4897890807097256,0.4999999999995686,1.0,0.820705507171015,0.8007408089805342,0.6034270758430164,2.289066791534424,50.0
1061,1061,12,Moses,hsplit,93.91044157537527,32.065362963950896,-9.130000000000004,0.953506588935852,63.88672828521814,1.6703537469215142,0.49999999999962297,1.0,0.8629841436202931,0.8154225146388167,0.4648807247479757,1.275882601737976,33.33333333333333
1062,1062,13,Moses,hsplit,77.7811122305422,71.47342721420637,-7.163333333333334,0.8325281143188477,26.80060580384264,2.9831835519359404,0.499999999999664,1.0,0.9638116398260302,0.8522387922532443,0.7944272613083875,0.9747598171234132,50.0
1063,1063,14,Moses,hsplit,72.8041078836301,70.94040114516756,-13.810000000000004,0.765471875667572,55.46540361406091,2.056780175713342,0.4999999999995665,1.0,0.8850450234040537,0.8232668043536165,0.4959486807235563,0.2449894994497299,100.0
1064,1064,15,Moses,hsplit,61.74459472770462,56.103147493470686,-9.825,0.773965060710907,36.32967557717997,2.2640377824995195,0.4999999999996817,1.0,1.0,0.8660254037843774,0.7613360837653831,0.7209151387214661,100.0
1065,1065,16,Moses,hsplit,91.93227152249176,81.37673229387333,-3.355714285714285,0.940155267715454,12.905608833834073,3.609547658136389,0.499999999999697,1.0,0.9491812537948106,0.846747709878841,0.874327152147495,2.613022565841675,100.0
1066,1066,17,Moses,hsplit,90.36020036098444,30.66473573976588,-4.823333333333334,0.8807502985000609,30.8107115087339,3.077817765222748,0.4999999999997274,1.0,1.0,0.8660254037843862,0.8396272659301758,1.5012614727020264,50.0
1067,1067,18,Moses,hsplit,80.91067115702207,72.66414141414141,-10.740000000000002,0.9207056164741516,61.81988890424019,2.368450692441,0.4999999999997364,1.0,1.0,0.8660254037843879,0.4803538786040412,1.4710445404052734,100.0
1068,1068,19,Moses,hsplit,89.31539818068698,68.99964334390563,-8.009090909090911,0.8463141322135925,92.33264637941078,1.6840108586759708,0.49999999999969025,1.0,1.0,0.8660254037843791,0.4969572689798143,1.1946791410446167,100.0
1069,1069,20,Moses,hsplit,74.43733193120507,71.42780716601219,-6.725263157894738,0.820761501789093,27.72653345236055,2.5010335577129763,0.4999999999996689,1.0,0.966246065333682,0.853157167774006,0.7652403016885122,1.0592174530029297,50.0
1070,1070,21,Moses,hsplit,33.14559338934352,56.72638707519102,-2.846666666666668,0.6688498854637146,41.48450984384987,2.469586728023708,0.4819607246958568,1.0,0.6231767289049248,0.7349910148199087,0.8405369548570543,3.739137649536133,83.33333333333333
1071,1071,22,Moses,hsplit,74.92587131922659,84.10902255639098,-8.39294117647059,0.8622851967811584,98.33146791515858,1.5395636860111734,0.4999999999996358,1.0,1.0,0.8660254037843685,0.8385026049613953,0.8753989338874817,33.33333333333333
1072,1072,23,Moses,hsplit,95.3358935105968,73.68185008321908,-9.284347826086956,0.8367770314216614,60.236990799908526,2.4725874718270404,0.4999999999996036,1.0,1.0,0.8660254037843623,0.8566987926577345,1.601602554321289,33.33333333333333
1073,1073,24,Moses,hsplit,93.51334836242394,72.1554546326866,-7.698823529411764,0.9497602581977844,53.60072609003699,2.5794467734605613,0.4999999999996266,1.0,0.8562438630616513,0.8130505423056155,0.4897525012493134,0.6742222905158997,50.0
1074,1074,25,Moses,hsplit,86.0139140475865,68.45720775692824,-15.873939393939397,0.7853552103042603,75.78536332829091,2.1559884251917456,0.4999999999994109,1.0,0.8539052547867927,0.8122303007053907,0.5050196792516444,-0.2353496849536896,100.0
1075,1075,26,Moses,hsplit,80.40485692593748,79.51784766531463,-11.110370370370374,0.8043450713157654,45.63396320768635,2.16376355854352,0.49999999999955985,1.0,0.9217232082640678,0.8365750957828324,0.5511849793520841,1.0748131275177002,50.0
1076,1076,27,Moses,hsplit,58.08553471126179,60.161158739590114,-8.32,0.6489337086677551,66.59889795870993,1.916251918815982,0.5091375466202641,0.9479014188294215,0.7670447226400675,0.7629101624104265,0.7691975206717268,1.0576246976852417,46.875
1077,1077,28,Moses,hsplit,92.19602423775936,90.64028624785136,-12.29818181818182,0.7607737183570862,118.89011613519962,1.8413102123274028,0.4909109277793951,0.9481532874572038,0.7379108703048678,0.7493331809111389,0.7563251012137957,0.6148409843444824,37.5
1078,1078,29,Moses,hsplit,71.89085812023328,69.90614328704167,-6.310588235294119,0.8358284235000609,20.68407065845908,3.1071029550730915,0.49999999999962375,1.0,0.8562438630616513,0.8130505423056149,0.6983725527922312,2.824469804763794,50.0
1079,1079,30,Moses,hsplit,76.26229343602779,79.41318403592871,-7.163333333333334,0.8147372603416443,51.272645944101626,1.7817158931017794,0.49999999999962275,1.0,0.8629841436202931,0.8154225146388165,0.8558793722006379,1.398447036743164,50.0
1080,1080,31,Moses,hsplit,93.51334836242394,82.60140043545216,-8.39294117647059,0.9556393027305604,41.55333675949723,2.910632689448214,0.4999999999996282,1.0,0.8310796714321521,0.8042995752552656,0.6898110787073771,2.0980324745178223,100.0
1081,1081,32,Moses,hsplit,42.848874823535326,62.86143933345806,-11.849565217391303,0.6621557474136353,171.85929050366673,1.5387569029969763,0.48073433405024957,0.9896340932859006,0.5964301234849961,0.7225441233882932,0.6287686555631259,1.8636287450790403,50.0
1082,1082,33,Moses,hsplit,79.12619863720215,67.17793013516699,-12.314736842105264,0.8534080982208252,71.59243543455172,2.0026092947189413,0.4999999999996274,1.0,0.8539052547867927,0.8122303007054351,0.7325299883645678,-0.1264040321111679,100.0
1083,1083,34,Moses,hsplit,91.21679090703871,64.79046416546417,-5.818461538461541,0.9256110191345216,75.42646922656081,1.3641410493024488,0.49999999999971406,1.0,0.8987464483806931,0.8281998910240256,0.6382051706314087,1.1043870449066162,50.0
1084,1084,35,Moses,hsplit,96.82132340352992,81.47100276511783,-15.873939393939397,0.91123628616333,69.38599587414707,2.0957068736239868,0.4999999999994216,1.0,0.9538385856562642,0.8484904335516821,0.7984125191621,0.205373153090477,100.0
1085,1085,36,Moses,hsplit,84.56771197939585,58.27929201927818,-15.776666666666667,0.8715839385986328,48.37193740357571,2.430433713803416,0.5001387498452032,1.0,0.7653983922574126,0.7822986360648885,0.6813989317956775,0.2457499355077743,50.0
1086,1086,37,Moses,hsplit,94.85438370694511,82.14942901701589,-13.952380952380953,0.93572735786438,40.7512158402274,2.6572335677040706,0.499999999999576,1.0,0.8271435781229007,0.8029459298586116,0.8275653287768364,0.0063722562044858,50.0
1087,1087,38,Moses,hsplit,91.9719048477977,77.15879780378123,-10.501428571428573,0.7791685461997986,61.59893425884121,2.301828589700413,0.49999999999947736,1.0,0.959425654374591,0.8505875589402088,0.7338607297451407,1.6252009868621826,16.666666666666664
1088,1088,39,Moses,hsplit,84.08964152537146,30.45325045325045,-0.8049999999999997,0.8886639475822449,92.37606783595314,1.310940832565472,0.4999999999997667,1.0,1.0,0.8660254037843937,0.3557531138261159,3.5393383502960205,100.0
1089,1089,40,Moses,hsplit,79.64269516620871,30.277120184052148,-18.51913043478261,0.8757233619689941,100.34731644345956,1.8811573937764885,0.4999999999995629,1.0,0.8499160394323872,0.8108344002906303,0.7140460926956601,-0.922897458076477,28.7037037037037
1090,1090,41,Moses,hsplit,86.33493061860986,28.478081479655696,-17.415000000000006,0.8083577156066895,52.43833355825838,2.1877871605666286,0.5006153076202112,0.9660394364531772,0.8000165742092422,0.7797167002648981,0.4244032190414429,-0.8293472528457642,20.0
1091,1091,42,Moses,hsplit,72.41577342575832,68.41462650888882,-5.993333333333336,0.8116912245750427,87.13949482468794,1.5537784275320992,0.5108482277098342,0.9113273101085806,0.6925067979092195,0.7236594602100495,0.7519793240745347,1.45095694065094,37.5
1092,1092,43,Moses,hsplit,85.23093348287141,80.47136671249949,-14.467027027027026,0.8835105895996094,24.93059305244912,2.3290967155383844,0.499999999999403,1.0,0.9847505286315478,0.8601809119093331,0.8059989403164575,0.242605522274971,100.0
1093,1093,44,Moses,hsplit,100.00000000000004,92.41402116402116,-5.041428571428573,0.897551953792572,81.78783788835776,1.928696564483508,0.49999999999967315,1.0,0.834195735193437,0.8053741417532996,0.6625088453292847,3.4160497188568115,100.0
1094,1094,45,Moses,hsplit,73.83951838547922,72.66885933207284,-13.450000000000005,0.7248314023017883,117.96108096976656,1.5294033984192643,0.49999999999960415,1.0,0.8856561113479238,0.8234858322131858,0.7850040396054586,0.0760456621646881,50.0
1095,1095,46,Moses,hsplit,93.91044157537527,64.91693053628808,-9.130000000000004,0.9148151874542236,76.83659342561288,1.8757184327722327,0.49999999999966,1.0,0.8232409668812207,0.8016079028118396,0.648800907863511,0.518033504486084,50.0
1096,1096,47,Moses,hsplit,84.1354400365363,28.7458600876724,-7.232173913043479,0.7956675291061401,29.654061124616376,2.577732905364797,0.49999999999967826,1.0,0.8283597798695616,0.8033637459468421,0.69903963804245,1.5508522987365725,50.0
1097,1097,48,Moses,hsplit,78.47574847738748,36.56014233780478,-11.342307692307696,0.73641437292099,49.15743537106844,2.57128197651645,0.4999999999995634,1.0,0.8539052547867927,0.812230300705422,0.6583525929186079,0.4788624942302704,50.0
1098,1098,49,Moses,hsplit,70.0418991088418,79.9774618740136,-6.780000000000001,0.842268705368042,74.07923399850915,1.7535838231873682,0.49999999999969774,1.0,0.9538385856562642,0.8484904335517363,0.8265481094519297,1.853734254837036,50.0
1099,1099,50,Moses,hsplit,100.00000000000004,82.2699790242268,-7.745217391304351,0.8395288586616516,32.726524064014804,2.7904317785050408,0.4999999999995943,0.945709563544548,0.834195735193437,0.7832090191841369,0.6468065505226454,0.98034930229187,50.0
1100,1100,51,Moses,hsplit,68.8836505346656,32.19566641561527,-6.104210526315793,0.8149159550666809,74.65561667392647,1.8184795136244465,0.49999999999966355,1.0,0.8539052547867927,0.8122303007054426,0.7913440050902191,0.4524776339530945,100.0
1101,1101,52,Moses,hsplit,66.29849663362423,78.59891782800076,-16.75823529411765,0.8450568914413452,29.461632603503386,2.959791655188112,0.4999999999994566,1.0,0.9418665108400844,0.8440206403956266,0.5663943323824141,-0.7948601245880127,33.33333333333333
1102,1102,53,Moses,hsplit,62.63097913318162,56.80096219569904,-9.080909090909092,0.7009689211845398,124.57099964163766,1.217796472061667,0.4999999999995565,1.0,1.0,0.8660254037843532,0.5485073225365744,0.7960946559906006,50.0
1103,1103,54,Moses,hsplit,58.35361904982744,72.32532513782516,-9.995,0.6752061247825623,39.9944418963174,2.743563757323882,0.4999999999995411,1.0,0.7150892895023223,0.7662359714779943,0.7517269207264095,0.841099739074707,43.75
1104,1104,55,Moses,hsplit,32.47581636882549,46.02310178051703,-18.95806451612903,0.4738229215145111,59.44403752108585,2.5622559277455883,0.5062603194982518,0.845647020245041,0.3834978860915998,0.6105978006796603,0.444749473237697,-1.0246186256408691,20.3125
1105,1105,56,Moses,hsplit,58.26015431715732,66.80677936825175,-18.6175,0.5197812914848328,39.4189642420268,2.7577874874038537,0.5010548184050366,0.9118385937629373,0.703480953268073,0.7251186118453155,0.3992510242042718,-0.2158543914556503,45.83333333333333
1106,1106,57,Moses,hsplit,44.511023261452166,61.83462111045717,-8.333333333333332,0.5872430205345154,64.50900268005644,1.9967678693472544,0.49999999999961464,1.0,0.852208908566192,0.8116362124004397,0.5575569357190814,1.4984105825424194,50.0
1107,1107,58,Moses,hsplit,84.66657105524214,77.1158792110045,-17.288,0.911137044429779,51.387855231786965,2.405815390355671,0.49999999999953537,1.0,0.8710090609485951,0.8182617316103874,0.749252630604638,-0.4544004201889038,23.4375
1108,1108,59,Moses,hsplit,96.21954581957615,73.26956092790822,-11.344285714285714,0.8166640996932983,35.44085928749541,2.111830265919635,0.499999999999575,1.0,0.8828151687479436,0.8224683625467578,0.5060302743205318,0.5184738636016846,50.0
1109,1109,60,Moses,hsplit,85.71061116877266,67.29108754670446,-12.828571428571427,0.7435637712478638,98.30629223008164,1.7368185878060798,0.504910846036229,0.9233851674708096,0.9702512473680291,0.8264306006292628,0.7515371198692019,1.536951780319214,20.3125
1110,1110,61,Moses,hsplit,69.62583788234936,69.92087825744994,-14.214634146341464,0.4298698008060455,127.12046903757845,1.7386837751914284,0.5046870712057822,0.9357617624894636,0.7532896985377232,0.7522864006708064,0.1759999969175884,0.020191578194499,100.0
1111,1111,62,Moses,hsplit,76.67124947826547,73.4207767424687,-9.98076923076923,0.840323805809021,57.11116315865154,2.116694972060901,0.49999999999950695,1.0,0.8382616395675669,0.8067801386519982,0.6902886341068061,1.3157415390014648,30.555555555555557
1112,1112,63,Moses,hsplit,81.53551038173119,71.77178880206083,-8.350000000000005,0.8837969899177551,159.2673596305249,1.517926617000331,0.49999999999963873,1.0,1.0,0.8660254037843691,0.9017137421502008,2.583213329315185,50.0
1113,1113,64,Moses,hsplit,73.98250890462656,70.69419612851152,-5.5238095238095255,0.7288221120834351,35.26013346438428,2.3495423860473004,0.4999999999996496,0.922182649431038,0.9683745714613768,0.8242512055525111,0.8005903894371458,1.8792649507522583,100.0
1114,1114,65,Moses,hsplit,90.36020036098444,71.98684843421687,-4.823333333333334,0.9335945844650269,585.1120010490367,-0.2567893326319849,0.49999999999973754,1.0,0.8539052547867927,0.8122303007054578,0.7032272572870607,2.501507043838501,100.0
1115,1115,66,Moses,hsplit,72.82821124436853,75.3984419348285,-15.98,0.8427345156669617,57.18621134880593,2.3320523140886618,0.49920878998555657,1.0,0.7714741073596396,0.7840879445413412,0.6698031503243076,-0.8925937414169312,25.0
1116,1116,67,Moses,hsplit,81.69276475307029,72.53712543411615,-13.852500000000004,0.6529325246810913,83.39185191858422,1.6324686047489916,0.48251424415715705,0.84809087589409,0.9310185940680528,0.7786470642702017,0.7452129604363882,-0.1094391271471977,21.875
1117,1117,68,Moses,hsplit,91.21679090703871,80.7044125465178,-4.910769230769231,0.7615828514099121,108.89612013759611,1.363979764362677,0.4999999999997077,1.0,0.8651346623091,0.8161817575206289,0.5232564558585485,2.38763165473938,100.0
1118,1118,69,Moses,hsplit,78.69685946580964,71.99547007686543,-12.26666666666667,0.8608930110931396,53.60196570703946,2.718173444304849,0.4999999999995496,1.0,0.8231182415378181,0.8015658923947674,0.8051832406483,0.8394715189933777,50.0
1119,1119,70,Moses,hsplit,90.36020036098444,31.645396526268787,-5.806666666666668,0.8652358651161194,20.551574093644486,2.241474986259554,0.4999999999997264,1.0,1.0,0.866025403784386,0.4298122028509776,3.6311986446380615,50.0
1120,1120,1,SEMoses^m,hsplit,66.15372982967561,69.16695532111699,-12.475,0.6492077708244324,92.15767044531631,1.5167931996728217,0.5837443142424901,0.9393298307247854,0.7423501740132354,0.7690213989561386,0.7281142878187756,0.2283207327127457,50.0
1121,1121,2,SEMoses^m,hsplit,52.34484809182232,67.56272059148604,-5.22036363636364,0.4892331659793854,60.00541080018306,2.53000682307626,0.5313074219374214,0.7953284473576081,0.21677537214289194,0.5662233004006287,0.5702798170348008,1.4586167335510254,30.555555555555557
1122,1122,3,SEMoses^m,hsplit,93.91044157537527,80.12312608264631,-5.196666666666669,0.9436307549476624,132.09937214206582,0.9041495352609614,0.499999999999693,1.0,1.0,0.8660254037843795,0.9219901274751736,2.344151735305786,100.0
1123,1123,4,SEMoses^m,hsplit,52.81699820180628,50.01579386389514,-9.825,0.6769503951072693,57.905983689865415,2.2406598123719426,0.5301050337057075,0.9558722825790956,0.7297015380259154,0.7587637976692716,0.5311036219199499,1.546541452407837,33.33333333333333
1124,1124,5,SEMoses^m,hsplit,63.21708931281192,58.05145967263103,-6.336250000000002,0.6025723814964294,87.20458853793795,1.5717634019918472,0.5951765511437193,0.8866091207151741,0.6866727340153066,0.7329916560704545,0.6235877714518989,3.2266051769256587,25.0
1125,1125,6,SEMoses^m,hsplit,64.07117598241615,58.51535078727125,0.0,0.8027830719947815,102.1648199382557,1.9473960080383097,0.505085133466192,1.0,0.5969046391882583,0.7328952040442129,0.7459950278202694,3.8190159797668457,100.0
1126,1126,7,SEMoses^m,hsplit,91.21679090703871,74.93814664867297,-6.726153846153847,0.927379310131073,41.11563504873945,2.3030357194818496,0.499999999999719,1.0,1.0,0.8660254037843845,0.6645540992418925,0.6918296813964844,100.0
1127,1127,8,SEMoses^m,hsplit,57.00832302172282,59.91836977112775,-4.823333333333334,0.7116429209709167,198.56485273602416,0.5140532509121525,0.5334557279396089,1.0,0.8647542994484041,0.8230785730184125,0.516448308541267,1.407381534576416,100.0
1128,1128,9,SEMoses^m,hsplit,30.684617916038928,42.40843174527764,-8.558166666666667,0.4653173685073853,29.163498926086877,3.158059695843955,0.4352901501268474,0.7014217052789999,0.34991443826531027,0.5176582004696668,0.4926048292231465,1.3834199905395508,19.0
1129,1129,10,SEMoses^m,hsplit,50.04704267723643,67.9633738112542,-15.60727272727273,0.6559058427810669,28.081276428310524,2.9425072064891986,0.5184112563309314,0.8779915715474517,0.600004159733191,0.6830384132916956,0.4395562271208935,-0.9983012676239014,33.33333333333333
1130,1130,11,SEMoses^m,hsplit,33.24275317111827,64.67634995595522,-7.368571428571428,0.405243456363678,130.5601188166696,1.9905536121010927,0.5475774027989184,1.0,0.2728344836595422,0.6768258435594241,0.4793085324764253,2.9280779361724854,50.0
1131,1131,12,SEMoses^m,hsplit,63.85925180488685,26.414798778697147,-5.6200000000000045,0.716557502746582,125.58179104418402,1.0672926754665102,0.5417941044648089,1.0,0.7037400115067692,0.7721810788125567,0.5374365830862964,1.9239845275878904,33.33333333333333
1132,1132,13,SEMoses^m,hsplit,82.82477531331044,75.47005929545847,-7.612500000000002,0.8868564367294312,31.23136690472645,2.7443139320944177,0.5727799889801091,0.9804060838693379,0.9648547934467144,0.860274719203342,0.7870043449931674,2.661949634552002,50.0
1133,1133,14,SEMoses^m,hsplit,45.54987061442874,68.09762412975228,-2.1156097560975624,0.3780316412448883,32.05862480211678,2.7824997618695937,0.5697005055657591,0.5732653532342595,0.4667788568264782,0.5388488756726124,0.3355924632738937,2.0826888084411617,83.33333333333333
1134,1134,15,SEMoses^m,hsplit,61.298801315156354,62.873669450315504,-8.211428571428574,0.7012454867362976,51.11981307513486,1.878975788907184,0.5414556415301165,0.982451606473376,0.9907733178942475,0.8641020653946853,0.7164381334075219,1.795215368270874,100.0
1135,1135,16,SEMoses^m,hsplit,91.93227152249176,81.37673229387333,-3.355714285714285,0.940155267715454,12.905608833834073,3.609547658136389,0.499999999999697,1.0,0.9491812537948106,0.846747709878841,0.874327152147495,2.6130220890045166,100.0
1136,1136,17,SEMoses^m,hsplit,50.934984129906766,22.070327333485228,-7.400000000000002,0.6883211731910706,22.80655004038933,3.5871783629763927,0.49463505262519025,0.8896176024366141,0.9084100892171927,0.7876742567081442,0.6782572484678693,2.6094138622283936,50.0
1137,1137,18,SEMoses^m,hsplit,80.91067115702207,72.66414141414141,-10.740000000000002,0.9207056164741516,61.81988890424019,2.368450692441,0.4999999999997364,1.0,1.0,0.8660254037843879,0.4803538786040412,1.4710445404052734,100.0
1138,1138,19,SEMoses^m,hsplit,59.54165059120785,51.34124746352358,-9.55,0.8557245135307312,115.21725224898466,1.6726574167576962,0.5122034140741079,1.0,0.8946774245843339,0.8292165039863489,0.4565182626247406,1.1496713161468506,100.0
1139,1139,20,SEMoses^m,hsplit,77.7811122305422,71.62737922797037,-3.689705882352943,0.8761478662490845,28.519004189246683,2.4167891342151893,0.5734928042366942,0.9735131282175743,0.9805383381716669,0.8637278197726582,0.7136337663978338,1.960214376449585,50.0
1140,1140,21,SEMoses^m,hsplit,32.39328619039837,62.03989809639964,-4.003076923076924,0.6419813632965088,68.35963144769482,1.7991143966581906,0.5004781980987812,1.0,0.5142490857199035,0.710617231458202,0.8385657483623141,3.6523029804229736,83.33333333333333
1141,1141,22,SEMoses^m,hsplit,80.56920633274977,86.23931623931624,-5.6200000000000045,0.80333012342453,101.17602485320673,1.4477036432529655,0.5356912960237921,0.9669822253900753,0.907855006616129,0.8258774125930077,0.8032599340324049,1.8552277088165283,33.33333333333333
1142,1142,23,SEMoses^m,hsplit,70.20458686590516,64.33348585657338,-6.0100000000000025,0.763286828994751,90.38539365661067,2.2104749303651707,0.564059023422458,0.9869016625972579,0.7772946417013322,0.7950522904310825,0.8527858737442229,2.887766599655152,33.33333333333333
1143,1143,24,SEMoses^m,hsplit,76.24658586234858,62.90590769289928,-7.612500000000002,0.8828250765800476,60.73598696664823,2.326345623940785,0.5834365039399906,0.9769432440336785,0.7715673873410687,0.793753212991101,0.5550652438843692,1.690207600593567,50.0
1144,1144,25,SEMoses^m,hsplit,54.50125608645581,65.37158717908765,-17.665925925925922,0.7017744779586792,187.6685387048115,1.3990662668058589,0.506633377130807,1.0,0.643191295268374,0.746184164294574,0.4830435163353971,-0.6723019480705261,100.0
1145,1145,26,SEMoses^m,hsplit,65.23955893828106,70.72595079184512,-11.624000000000002,0.7863401770591736,76.6020258643548,1.8062352207108832,0.5021601399115773,1.0,0.7948819371683629,0.792464951938474,0.4714309732721309,0.8697515726089478,50.0
1146,1146,27,SEMoses^m,hsplit,61.58787442830634,65.87627419864603,-8.028333333333332,0.5783514380455017,203.5364313443164,0.7493193681059347,0.5109782171678414,0.8065242237784052,0.6491295618117594,0.666570638912164,0.7589278565550992,2.1973793506622314,46.875
1147,1147,28,SEMoses^m,hsplit,36.28756879574302,51.62892205040868,-7.58666666666667,0.4980180561542511,375.3130962854885,0.5815688713723922,0.5811063107491625,0.8603346488679949,0.43511792821213396,0.6499199601712348,0.7448378941981401,2.230591058731079,35.0
1148,1148,29,SEMoses^m,hsplit,71.89085812023328,69.85860920549824,-6.137499999999998,0.8281782269477844,29.576815243047424,2.6228766343184056,0.5711651829003712,0.9738634941417172,0.9648547934467144,0.8574350400694369,0.6872684738288324,4.086784362792969,50.0
1149,1149,30,SEMoses^m,hsplit,54.74911439088135,58.51290185786754,-4.383823529411767,0.6818381547927856,101.45356942105524,1.1386216693662925,0.5247839120924361,1.0,0.5944525546332831,0.7368337655358179,0.8162596369783084,3.1358640193939213,50.0
1150,1150,31,SEMoses^m,hsplit,93.51334836242394,82.60140043545216,-8.39294117647059,0.9556393027305604,41.55333675949723,2.910632689448214,0.4999999999996282,1.0,0.8310796714321521,0.8042995752552656,0.6898110787073771,2.0980327129364014,100.0
1151,1151,32,SEMoses^m,hsplit,39.152289437458414,59.46755446981896,-7.364565217391306,0.6379245519638062,283.6570997089861,0.9701490130624848,0.5504862436053491,0.9896340932859006,0.4998929707949016,0.7146802840531065,0.6149723456141771,3.1260740756988525,50.0
1152,1152,33,SEMoses^m,hsplit,74.43733193120507,64.19984016682129,-9.553333333333336,0.7885866761207581,144.68132394495154,1.3238558040592536,0.5514649596732486,1.0,0.7837243044852575,0.7996535473124843,0.604649652367231,0.6368827223777771,100.0
1153,1153,34,SEMoses^m,hsplit,49.6706736311865,70.74250824694087,-4.843478260869564,0.7053241133689879,37.717415837368,1.9960769682899389,0.4887528000765238,0.6806244406600244,0.6881984195018085,0.6260314138580163,0.5282144607618602,1.849806308746338,50.0
1154,1154,35,SEMoses^m,hsplit,59.98607260206656,74.26558776788309,-10.098571428571429,0.6295874714851379,45.40268789979145,2.578664833640442,0.4948454468393829,0.8253263299516078,0.8232769485052841,0.7311681295728617,0.6063231240885704,0.7604749202728271,100.0
1155,1155,36,SEMoses^m,hsplit,72.81452158162509,49.57486028126599,-10.941428571428574,0.7285735011100769,72.21775820118293,2.054547494765393,0.5714806581163053,0.9873576967976295,0.6027317115960144,0.7449274864463936,0.6214145486790037,1.3126728534698486,50.0
1156,1156,37,SEMoses^m,hsplit,81.60528832434373,78.16843071296216,-14.630000000000004,0.8792984485626221,60.91366250536876,2.350110275716431,0.4969684014055474,1.0,0.6727590740314676,0.7526801807955494,0.8059259116097733,-0.0260752737522125,50.0
1157,1157,38,SEMoses^m,hsplit,57.847295725382345,73.9901351398958,-4.572894736842105,0.5950415134429932,65.36902129449298,2.3209453169432845,0.47436802633254127,0.7929879803778046,0.6199694497065652,0.642447683991924,0.7325074818805877,2.312018632888794,16.666666666666664
1158,1158,39,SEMoses^m,hsplit,84.08964152537146,30.45325045325045,-0.8049999999999997,0.8886639475822449,92.37606783595314,1.310940832565472,0.4999999999997667,1.0,1.0,0.8660254037843937,0.3557531138261159,3.5393378734588623,100.0
1159,1159,40,SEMoses^m,hsplit,68.80430849756435,47.05258371925039,-12.69,0.9073129892349244,116.9971775252562,1.7122653560946104,0.5666828738012183,0.985848830772307,0.6493292352469879,0.7560105493843258,0.60730392979251,-0.3528377115726471,31.48148148148148
1160,1160,41,SEMoses^m,hsplit,51.63546140902554,39.13580870134465,-7.328809523809526,0.4357061684131622,88.40717611085657,1.8590237022406075,0.4713722017988534,0.7726419566120117,0.8035978207945003,0.6987934371308893,0.4082067234107317,-0.1194548979401588,18.0
1161,1161,42,SEMoses^m,hsplit,72.72454093000137,65.69654444402151,-6.727142857142859,0.8253405690193176,70.41396924299141,1.7456517942908218,0.5153887952755238,0.9113273101085806,0.737174157222606,0.7392718973246934,0.6779389284570496,1.2167282104492188,37.5
1162,1162,43,SEMoses^m,hsplit,80.93373322530728,78.33406246059543,-8.208783783783787,0.8394646048545837,35.45794881977735,2.1052058310271007,0.4971963729140674,0.9597023897144739,0.8791416428027279,0.8043885748758609,0.7526824318621523,1.5061802864074707,100.0
1163,1163,44,SEMoses^m,hsplit,81.49492131269727,76.18466658327341,-5.818461538461541,0.8898745775222778,143.1155196614881,1.5213084522252514,0.5033149220527962,1.0,0.6661746120248919,0.752133526369604,0.6295759316001619,3.460754156112672,100.0
1164,1164,45,SEMoses^m,hsplit,52.08256326654536,60.17188412581317,-10.140000000000004,0.6202905178070068,252.51960655314565,0.8334883851422967,0.5167202028460187,1.0,0.6184252629027451,0.7414961393078996,0.5947213284671307,0.9319974184036256,50.0
1165,1165,46,SEMoses^m,hsplit,60.55817550955914,50.92500334821415,-7.442500000000003,0.8553053140640259,123.1850041986115,1.6753286563639322,0.5319928032500116,0.9933856205754198,0.6235673831161426,0.7435651989261223,0.5553359641797013,1.0984271764755251,50.0
1166,1166,47,SEMoses^m,hsplit,51.01693931708503,46.3551095369277,-6.506250000000001,0.6697084307670593,19.043609145917443,2.8863513866148387,0.46467125546715465,0.7822732247742756,0.9069991004467783,0.7417362833396227,0.6447649836922302,1.5713351964950562,50.0
1167,1167,48,SEMoses^m,hsplit,56.935971959772814,40.61047732813823,-5.356521739130439,0.7108574509620667,51.77227787183912,2.4558802858337776,0.5646089704348526,0.8497224737631027,0.8877661565163995,0.7807988047654554,0.5913488127659132,1.73309588432312,50.0
1168,1168,49,SEMoses^m,hsplit,71.60350546947923,83.55579183649358,-5.772058823529411,0.6573262214660645,74.75286405866541,1.974091838732719,0.5398187759533674,0.8611026271822613,0.4890401371411351,0.651168770019725,0.7886704910132621,2.4136226177215576,50.0
1169,1169,50,SEMoses^m,hsplit,65.3736265460748,64.93667256184415,-4.830000000000002,0.5796133279800415,100.45877153226635,1.8012108331094523,0.5527738503983132,0.945709563544548,0.2881329139325248,0.6539485413891636,0.5904997040828069,1.3460431098937988,50.0
1170,1170,51,SEMoses^m,hsplit,53.99692367877103,46.65107611044469,-7.004705882352943,0.7855032086372375,206.51268583085675,1.0636749237907264,0.47126396498665085,1.0,0.5522739368969686,0.7134648382063912,0.7015750128913809,0.3654038608074188,100.0
1171,1171,52,SEMoses^m,hsplit,57.7102677147004,78.91689518532392,-6.760540540540543,0.4940615892410278,67.6415172035441,2.2973569380906187,0.5544035160153992,0.7489850010809395,0.7734936770152703,0.6991981738146096,0.4485383278241864,1.2317218780517578,33.33333333333333
1172,1172,53,SEMoses^m,hsplit,42.011245368873794,46.15153669429986,-2.4833333333333343,0.4819121062755585,843.0764870474147,-0.200162124758687,0.5784883242974856,0.8465560858685733,0.6983870423449079,0.7162519130363982,0.3021481964323256,2.1361010074615483,50.0
1173,1173,54,SEMoses^m,hsplit,46.45491571662261,59.905521211074,-8.030555555555559,0.5690308213233948,81.83664079266802,1.9916097084737845,0.5499471556721253,0.8823431344043694,0.6787509633979822,0.7168621790311991,0.7688493118342326,0.9478684663772584,43.75
1174,1174,55,SEMoses^m,hsplit,24.89178743061255,53.10118699669785,-14.352619047619052,0.3899416625499725,36.92569682443551,3.1054061765661185,0.44560549887299766,0.6877222437347223,0.23317560998874515,0.4919000610716901,0.4169410839998796,-0.3282798826694488,20.3125
1175,1175,56,SEMoses^m,hsplit,25.65978824961305,60.77609916771536,-11.397972972972973,0.4859904050827026,297.3345911381567,0.9481513878686668,0.5289597726464625,0.9016206109162869,0.5292556367632506,0.6764686975150019,0.2415633716517025,0.521023690700531,45.83333333333333
1176,1176,57,SEMoses^m,hsplit,35.384345352506145,55.536382120687534,-5.105555555555559,0.5072465538978577,137.5398860889772,0.9445483404825478,0.5946881755890138,0.9322824451174194,0.5739632203359032,0.7193141089394035,0.6148029103697765,2.951345205307007,50.0
1177,1177,58,SEMoses^m,hsplit,64.44280974574026,59.88458617681975,-9.618636363636368,0.6816266179084778,74.54587581553227,1.863592397989168,0.6109750517105916,0.9427270989727212,0.8738491501729777,0.821713095552683,0.6690250510970752,1.0085045099258425,21.875
1178,1178,59,SEMoses^m,hsplit,63.004613383394286,55.16638879132101,-7.773333333333331,0.7286232709884644,63.10034748322569,1.4335521326925038,0.5238263458628338,1.0,0.6055174308319341,0.7396047141686148,0.4525984774334262,0.607785165309906,50.0
1179,1179,60,SEMoses^m,hsplit,64.12608254460964,67.22068821682798,-8.460740740740743,0.7488040328025818,67.75815130572778,2.2328160085904303,0.4835027666196298,0.8111769653082841,0.3471917854468029,0.5808973317943347,0.6358520608730418,1.3106040954589844,20.3125
1180,1180,61,SEMoses^m,hsplit,21.413185076106,58.67047785771524,-14.590000000000003,0.3722450733184815,1050.8038026033794,0.113291770342432,0.5743963536921219,0.9357617624894636,0.354127323045076,0.6660799271857355,0.2187547172388817,0.6866020560264587,100.0
1181,1181,62,SEMoses^m,hsplit,46.911881923295965,62.449975536748674,-8.146666666666668,0.6649114489555359,63.2682843660223,2.30598807348729,0.44426556682853713,0.7628660672315281,0.4070251734032625,0.5612503963433598,0.5732970057998175,1.728320598602295,30.555555555555557
1182,1182,63,SEMoses^m,hsplit,82.82477531331044,74.05176976595311,-8.180000000000003,0.7231827974319458,136.54088167217506,1.7311949688297603,0.5204288600439664,0.9069190481452728,0.9275218878085438,0.8069789775492533,0.8633838738004367,3.146385908126831,50.0
1183,1183,64,SEMoses^m,hsplit,61.02624546684575,61.27529958670309,-5.5238095238095255,0.6811777353286743,60.38846621708233,1.9200546614660523,0.5036571754679857,0.8397896755806794,0.8075014113758818,0.7327973296408617,0.7780949795908398,1.9660552740097048,100.0
1184,1184,65,SEMoses^m,hsplit,90.36020036098444,71.98684843421687,-4.823333333333334,0.9335945844650269,585.1120010490367,-0.2567893326319849,0.49999999999973754,1.0,0.8539052547867927,0.8122303007054578,0.7032272572870607,2.501507043838501,100.0
1185,1185,66,SEMoses^m,hsplit,53.11690968597136,80.99072117408078,-10.299679487179484,0.6355672478675842,25.813814782242144,3.1600334080350194,0.5183430346232507,0.7725250279946573,0.8291234727299505,0.719472064190672,0.5597583972845817,-0.2408428490161896,25.0
1186,1186,67,SEMoses^m,hsplit,65.12184867003364,69.4576428673797,-7.435714285714287,0.632291316986084,115.43006583323496,1.4379361719187818,0.550386459372576,0.8033631564664493,0.6830764836389336,0.686758351078686,0.7922485366866969,1.141669511795044,18.75
1187,1187,68,SEMoses^m,hsplit,50.30989330530425,65.68127542392249,-6.936363636363637,0.592345118522644,752.9272437056177,-0.5482980400680226,0.4961306474838077,1.0,0.8903446660515828,0.8243905311883858,0.4277726619568452,2.216301679611206,100.0
1188,1188,69,SEMoses^m,hsplit,37.73656939703193,58.73721859198027,-4.455862068965518,0.7275634407997131,102.09464431998497,2.174101028027512,0.4869133971916152,0.8871020008335866,0.34674176543171886,0.6175933041903702,0.7112139422732224,0.6175913810729979,50.0
1189,1189,70,SEMoses^m,hsplit,57.83569866465144,25.971506563611825,-3.466666666666669,0.7603990435600281,57.787099361870936,1.3536235549670366,0.5149366072907089,1.0,0.9219373435089333,0.8396682231461771,0.4690687780578931,3.946031332015991,50.0
1190,1190,1,SEMoses_LM^m,hsplit,66.15372982967561,69.16695532111699,-12.475,0.6492077708244324,92.15767044531631,1.5167931996728217,0.5837443142424901,0.9393298307247854,0.7423501740132354,0.7690213989561386,0.7281142878187756,0.2283207029104233,50.0
1191,1191,2,SEMoses_LM^m,hsplit,52.34484809182232,67.56272059148604,-5.22036363636364,0.4892331659793854,60.00541080018306,2.53000682307626,0.5313074219374214,0.7953284473576081,0.21677537214289194,0.5662233004006287,0.5702798170348008,1.4586167335510254,30.555555555555557
1192,1192,3,SEMoses_LM^m,hsplit,93.91044157537527,80.12312608264631,-5.196666666666669,0.9436307549476624,132.09937214206582,0.9041495352609614,0.499999999999693,1.0,1.0,0.8660254037843795,0.9219901274751736,2.344151735305786,100.0
1193,1193,4,SEMoses_LM^m,hsplit,52.81699820180628,50.01579386389514,-9.825,0.6769503951072693,57.905983689865415,2.2406598123719426,0.5301050337057075,0.9558722825790956,0.7297015380259154,0.7587637976692716,0.5311036219199499,1.546541452407837,33.33333333333333
1194,1194,5,SEMoses_LM^m,hsplit,63.21708931281192,58.05145967263103,-6.336250000000002,0.6025723814964294,87.20458853793795,1.5717634019918472,0.5951765511437193,0.8866091207151741,0.6866727340153066,0.7329916560704545,0.6235877714518989,3.2266051769256587,25.0
1195,1195,6,SEMoses_LM^m,hsplit,64.07117598241615,58.51535078727125,0.0,0.8027830719947815,102.1648199382557,1.9473960080383097,0.505085133466192,1.0,0.5969046391882583,0.7328952040442129,0.7459950278202694,3.8190159797668457,100.0
1196,1196,7,SEMoses_LM^m,hsplit,91.21679090703871,74.93814664867297,-6.726153846153847,0.927379310131073,41.11563504873945,2.3030357194818496,0.499999999999719,1.0,1.0,0.8660254037843845,0.6645540992418925,0.6918296813964844,100.0
1197,1197,8,SEMoses_LM^m,hsplit,57.00832302172282,59.91836977112775,-4.823333333333334,0.7116429209709167,198.56485273602416,0.5140532509121525,0.5334557279396089,1.0,0.8647542994484041,0.8230785730184125,0.516448308541267,1.4073814153671265,100.0
1198,1198,9,SEMoses_LM^m,hsplit,30.684617916038928,42.40843174527764,-8.558166666666667,0.4653173685073853,29.163498926086877,3.158059695843955,0.4352901501268474,0.7014217052789999,0.34991443826531027,0.5176582004696668,0.4926048292231465,1.3834201097488403,19.0
1199,1199,10,SEMoses_LM^m,hsplit,50.04704267723643,67.9633738112542,-15.60727272727273,0.6559058427810669,28.081276428310524,2.9425072064891986,0.5184112563309314,0.8779915715474517,0.600004159733191,0.6830384132916956,0.4395562271208935,-0.9983012676239014,33.33333333333333
1200,1200,11,SEMoses_LM^m,hsplit,33.24275317111827,64.67634995595522,-7.368571428571428,0.405243456363678,130.5601188166696,1.9905536121010927,0.5475774027989184,1.0,0.2728344836595422,0.6768258435594241,0.4793085324764253,2.9280779361724854,50.0
1201,1201,12,SEMoses_LM^m,hsplit,63.85925180488685,26.414798778697147,-5.6200000000000045,0.716557502746582,125.58179104418402,1.0672926754665102,0.5417941044648089,1.0,0.7037400115067692,0.7721810788125567,0.5374365830862964,1.9239845275878904,33.33333333333333
1202,1202,13,SEMoses_LM^m,hsplit,82.82477531331044,75.47005929545847,-7.612500000000002,0.8868564367294312,31.23136690472645,2.7443139320944177,0.5727799889801091,0.9804060838693379,0.9648547934467144,0.860274719203342,0.7870043449931674,2.661949634552002,50.0
1203,1203,14,SEMoses_LM^m,hsplit,45.54987061442874,68.09762412975228,-2.1156097560975624,0.3780316412448883,32.05862480211678,2.7824997618695937,0.5697005055657591,0.5732653532342595,0.4667788568264782,0.5388488756726124,0.3355924632738937,2.0826888084411617,83.33333333333333
1204,1204,15,SEMoses_LM^m,hsplit,61.298801315156354,62.873669450315504,-8.211428571428574,0.7012454867362976,51.11981307513486,1.878975788907184,0.5414556415301165,0.982451606473376,0.9907733178942475,0.8641020653946853,0.7164381334075219,1.7952154874801636,100.0
1205,1205,16,SEMoses_LM^m,hsplit,91.93227152249176,81.37673229387333,-3.355714285714285,0.940155267715454,12.905608833834073,3.609547658136389,0.499999999999697,1.0,0.9491812537948106,0.846747709878841,0.874327152147495,2.6130220890045166,100.0
1206,1206,17,SEMoses_LM^m,hsplit,50.934984129906766,22.070327333485228,-7.400000000000002,0.6883211731910706,22.80655004038933,3.5871783629763927,0.49463505262519025,0.8896176024366141,0.9084100892171927,0.7876742567081442,0.6782572484678693,2.609414339065552,50.0
1207,1207,18,SEMoses_LM^m,hsplit,80.91067115702207,72.66414141414141,-10.740000000000002,0.9207056164741516,61.81988890424019,2.368450692441,0.4999999999997364,1.0,1.0,0.8660254037843879,0.4803538786040412,1.4710437059402466,100.0
1208,1208,19,SEMoses_LM^m,hsplit,59.54165059120785,51.34124746352358,-9.55,0.8557245135307312,115.21725224898466,1.6726574167576962,0.5122034140741079,1.0,0.8946774245843339,0.8292165039863489,0.4565182626247406,1.149669170379639,100.0
1209,1209,20,SEMoses_LM^m,hsplit,77.7811122305422,71.62737922797037,-3.689705882352943,0.8761478662490845,28.519004189246683,2.4167891342151893,0.5734928042366942,0.9735131282175743,0.9805383381716669,0.8637278197726582,0.7136337663978338,1.960215449333191,50.0
1210,1210,21,SEMoses_LM^m,hsplit,32.39328619039837,62.03989809639964,-4.003076923076924,0.6419813632965088,68.35963144769482,1.7991143966581906,0.5004781980987812,1.0,0.5142490857199035,0.710617231458202,0.8385657483623141,3.652303457260132,83.33333333333333
1211,1211,22,SEMoses_LM^m,hsplit,80.56920633274977,86.23931623931624,-5.6200000000000045,0.80333012342453,101.17602485320673,1.4477036432529655,0.5356912960237921,0.9669822253900753,0.907855006616129,0.8258774125930077,0.8032599340324049,1.855226993560791,33.33333333333333
1212,1212,23,SEMoses_LM^m,hsplit,70.20458686590516,64.33348585657338,-6.0100000000000025,0.763286828994751,90.38539365661067,2.2104749303651707,0.564059023422458,0.9869016625972579,0.7772946417013322,0.7950522904310825,0.8527858737442229,2.8877694606781006,33.33333333333333
1213,1213,24,SEMoses_LM^m,hsplit,76.24658586234858,62.90590769289928,-7.612500000000002,0.8828250765800476,60.73598696664823,2.326345623940785,0.5834365039399906,0.9769432440336785,0.7715673873410687,0.793753212991101,0.5550652438843692,1.6902059316635132,50.0
1214,1214,25,SEMoses_LM^m,hsplit,54.50125608645581,65.37158717908765,-17.665925925925922,0.7017744779586792,187.6685387048115,1.3990662668058589,0.506633377130807,1.0,0.643191295268374,0.746184164294574,0.4830435163353971,-0.6723018884658813,100.0
1215,1215,26,SEMoses_LM^m,hsplit,65.23955893828106,70.72595079184512,-11.624000000000002,0.7863401770591736,76.6020258643548,1.8062352207108832,0.5021601399115773,1.0,0.7948819371683629,0.792464951938474,0.4714309732721309,0.8697515726089478,50.0
1216,1216,27,SEMoses_LM^m,hsplit,61.58787442830634,65.87627419864603,-8.028333333333332,0.5783514380455017,203.5364313443164,0.7493193681059347,0.5109782171678414,0.8065242237784052,0.6491295618117594,0.666570638912164,0.7589278565550992,2.1973793506622314,46.875
1217,1217,28,SEMoses_LM^m,hsplit,36.28756879574302,51.62892205040868,-7.58666666666667,0.4980180561542511,375.3130962854885,0.5815688713723922,0.5811063107491625,0.8603346488679949,0.43511792821213396,0.6499199601712348,0.7448378941981401,2.230591058731079,35.0
1218,1218,29,SEMoses_LM^m,hsplit,71.89085812023328,69.85860920549824,-6.137499999999998,0.8281782269477844,29.576815243047424,2.6228766343184056,0.5711651829003712,0.9738634941417172,0.9648547934467144,0.8574350400694369,0.6872684738288324,4.086784362792969,50.0
1219,1219,30,SEMoses_LM^m,hsplit,54.74911439088135,58.51290185786754,-4.383823529411767,0.6818381547927856,101.45356942105524,1.1386216693662925,0.5247839120924361,1.0,0.5944525546332831,0.7368337655358179,0.8162596369783084,3.1358640193939213,50.0
1220,1220,31,SEMoses_LM^m,hsplit,93.51334836242394,82.60140043545216,-8.39294117647059,0.9556393027305604,41.55333675949723,2.910632689448214,0.4999999999996282,1.0,0.8310796714321521,0.8042995752552656,0.6898110787073771,2.0980324745178223,100.0
1221,1221,32,SEMoses_LM^m,hsplit,39.152289437458414,59.46755446981896,-7.364565217391306,0.6379245519638062,283.6570997089861,0.9701490130624848,0.5504862436053491,0.9896340932859006,0.4998929707949016,0.7146802840531065,0.6149723456141771,3.1260745525360107,50.0
1222,1222,33,SEMoses_LM^m,hsplit,74.43733193120507,64.19984016682129,-9.553333333333336,0.7885866761207581,144.68132394495154,1.3238558040592536,0.5514649596732486,1.0,0.7837243044852575,0.7996535473124843,0.604649652367231,0.6368827819824219,100.0
1223,1223,34,SEMoses_LM^m,hsplit,49.6706736311865,70.74250824694087,-4.843478260869564,0.7053241133689879,37.717415837368,1.9960769682899389,0.4887528000765238,0.6806244406600244,0.6881984195018085,0.6260314138580163,0.5282144607618602,1.849806308746338,50.0
1224,1224,35,SEMoses_LM^m,hsplit,59.98607260206656,74.26558776788309,-10.098571428571429,0.6295874714851379,45.40268789979145,2.578664833640442,0.4948454468393829,0.8253263299516078,0.8232769485052841,0.7311681295728617,0.6063231240885704,0.7604749202728271,100.0
1225,1225,36,SEMoses_LM^m,hsplit,72.81452158162509,49.57486028126599,-10.941428571428574,0.7285735011100769,72.21775820118293,2.054547494765393,0.5714806581163053,0.9873576967976295,0.6027317115960144,0.7449274864463936,0.6214145486790037,1.3126728534698486,50.0
1226,1226,37,SEMoses_LM^m,hsplit,81.60528832434373,78.16843071296216,-14.630000000000004,0.8792984485626221,60.91366250536876,2.350110275716431,0.4969684014055474,1.0,0.6727590740314676,0.7526801807955494,0.8059259116097733,-0.0260752737522125,50.0
1227,1227,38,SEMoses_LM^m,hsplit,57.847295725382345,73.9901351398958,-4.572894736842105,0.5950415134429932,65.36902129449298,2.3209453169432845,0.47436802633254127,0.7929879803778046,0.6199694497065652,0.642447683991924,0.7325074818805877,2.312018632888794,16.666666666666664
1228,1228,39,SEMoses_LM^m,hsplit,84.08964152537146,30.45325045325045,-0.8049999999999997,0.8886639475822449,92.37606783595314,1.310940832565472,0.4999999999997667,1.0,1.0,0.8660254037843937,0.3557531138261159,3.5393383502960205,100.0
1229,1229,40,SEMoses_LM^m,hsplit,68.80430849756435,47.05258371925039,-12.69,0.9073129892349244,116.9971775252562,1.7122653560946104,0.5666828738012183,0.985848830772307,0.6493292352469879,0.7560105493843258,0.60730392979251,-0.3528378009796142,31.48148148148148
1230,1230,41,SEMoses_LM^m,hsplit,51.63546140902554,39.13580870134465,-7.328809523809526,0.4357061684131622,88.40717611085657,1.8590237022406075,0.4713722017988534,0.7726419566120117,0.8035978207945003,0.6987934371308893,0.4082067234107317,-0.1194548904895782,18.0
1231,1231,42,SEMoses_LM^m,hsplit,72.72454093000137,65.69654444402151,-6.727142857142859,0.8253405690193176,70.41396924299141,1.7456517942908218,0.5153887952755238,0.9113273101085806,0.737174157222606,0.7392718973246934,0.6779389284570496,1.2167283296585083,37.5
1232,1232,43,SEMoses_LM^m,hsplit,80.93373322530728,78.33406246059543,-8.208783783783787,0.8394646048545837,35.45794881977735,2.1052058310271007,0.4971963729140674,0.9597023897144739,0.8791416428027279,0.8043885748758609,0.7526824318621523,1.5061802864074707,100.0
1233,1233,44,SEMoses_LM^m,hsplit,81.49492131269727,76.18466658327341,-5.818461538461541,0.8898745775222778,143.1155196614881,1.5213084522252514,0.5033149220527962,1.0,0.6661746120248919,0.752133526369604,0.6295759316001619,3.460754156112672,100.0
1234,1234,45,SEMoses_LM^m,hsplit,52.08256326654536,60.17188412581317,-10.140000000000004,0.6202905178070068,252.51960655314565,0.8334883851422967,0.5167202028460187,1.0,0.6184252629027451,0.7414961393078996,0.5947213284671307,0.9319974184036256,50.0
1235,1235,46,SEMoses_LM^m,hsplit,60.55817550955914,50.92500334821415,-7.442500000000003,0.8553053140640259,123.1850041986115,1.6753286563639322,0.5319928032500116,0.9933856205754198,0.6235673831161426,0.7435651989261223,0.5553359641797013,1.0984271764755251,50.0
1236,1236,47,SEMoses_LM^m,hsplit,51.01693931708503,46.3551095369277,-6.506250000000001,0.6697084307670593,19.043609145917443,2.8863513866148387,0.46467125546715465,0.7822732247742756,0.9069991004467783,0.7417362833396227,0.6447649836922302,1.5713350772857666,50.0
1237,1237,48,SEMoses_LM^m,hsplit,56.935971959772814,40.61047732813823,-5.356521739130439,0.7108574509620667,51.77227787183912,2.4558802858337776,0.5646089704348526,0.8497224737631027,0.8877661565163995,0.7807988047654554,0.5913488127659132,1.73309588432312,50.0
1238,1238,49,SEMoses_LM^m,hsplit,71.60350546947923,83.55579183649358,-5.772058823529411,0.6573262214660645,74.75286405866541,1.974091838732719,0.5398187759533674,0.8611026271822613,0.4890401371411351,0.651168770019725,0.7886704910132621,2.4136228561401367,50.0
1239,1239,50,SEMoses_LM^m,hsplit,65.3736265460748,64.93667256184415,-4.830000000000002,0.5796133279800415,100.45877153226635,1.8012108331094523,0.5527738503983132,0.945709563544548,0.2881329139325248,0.6539485413891636,0.5904997040828069,1.3460429906845093,50.0
1240,1240,51,SEMoses_LM^m,hsplit,53.99692367877103,46.65107611044469,-7.004705882352943,0.7855032086372375,206.51268583085675,1.0636749237907264,0.47126396498665085,1.0,0.5522739368969686,0.7134648382063912,0.7015750128913809,0.3654038608074188,100.0
1241,1241,52,SEMoses_LM^m,hsplit,57.7102677147004,78.91689518532392,-6.760540540540543,0.4940615892410278,67.6415172035441,2.2973569380906187,0.5544035160153992,0.7489850010809395,0.7734936770152703,0.6991981738146096,0.4485383278241864,1.2317218780517578,33.33333333333333
1242,1242,53,SEMoses_LM^m,hsplit,42.011245368873794,46.15153669429986,-2.4833333333333343,0.4819121062755585,843.0764870474147,-0.200162124758687,0.5784883242974856,0.8465560858685733,0.6983870423449079,0.7162519130363982,0.3021481964323256,2.1361010074615483,50.0
1243,1243,54,SEMoses_LM^m,hsplit,46.45491571662261,59.905521211074,-8.030555555555559,0.5690308213233948,81.83664079266802,1.9916097084737845,0.5499471556721253,0.8823431344043694,0.6787509633979822,0.7168621790311991,0.7688493118342326,0.9478684663772584,43.75
1244,1244,55,SEMoses_LM^m,hsplit,24.89178743061255,53.10118699669785,-14.352619047619052,0.3899416625499725,36.92569682443551,3.1054061765661185,0.44560549887299766,0.6877222437347223,0.23317560998874515,0.4919000610716901,0.4169410839998796,-0.3282799124717712,20.3125
1245,1245,56,SEMoses_LM^m,hsplit,25.65978824961305,60.77609916771536,-11.397972972972973,0.4859904050827026,297.3345911381567,0.9481513878686668,0.5289597726464625,0.9016206109162869,0.5292556367632506,0.6764686975150019,0.2415633716517025,0.5210237503051758,45.83333333333333
1246,1246,57,SEMoses_LM^m,hsplit,35.384345352506145,55.536382120687534,-5.105555555555559,0.5072465538978577,137.5398860889772,0.9445483404825478,0.5946881755890138,0.9322824451174194,0.5739632203359032,0.7193141089394035,0.6148029103697765,2.951345205307007,50.0
1247,1247,58,SEMoses_LM^m,hsplit,64.44280974574026,59.88458617681975,-9.618636363636368,0.6816266179084778,74.54587581553227,1.863592397989168,0.6109750517105916,0.9427270989727212,0.8738491501729777,0.821713095552683,0.6690250510970752,1.0085043907165527,21.875
1248,1248,59,SEMoses_LM^m,hsplit,63.004613383394286,55.16638879132101,-7.773333333333331,0.7286232709884644,63.10034748322569,1.4335521326925038,0.5238263458628338,1.0,0.6055174308319341,0.7396047141686148,0.4525984774334262,0.607785165309906,50.0
1249,1249,60,SEMoses_LM^m,hsplit,64.12608254460964,67.22068821682798,-8.460740740740743,0.7488040328025818,67.75815130572778,2.2328160085904303,0.4835027666196298,0.8111769653082841,0.3471917854468029,0.5808973317943347,0.6358520608730418,1.3106040954589844,20.3125
1250,1250,61,SEMoses_LM^m,hsplit,21.413185076106,58.67047785771524,-14.590000000000003,0.3722450733184815,1050.8038026033794,0.113291770342432,0.5743963536921219,0.9357617624894636,0.354127323045076,0.6660799271857355,0.2187547172388817,0.6866020560264587,100.0
1251,1251,62,SEMoses_LM^m,hsplit,46.911881923295965,62.449975536748674,-8.146666666666668,0.6649114489555359,63.2682843660223,2.30598807348729,0.44426556682853713,0.7628660672315281,0.4070251734032625,0.5612503963433598,0.5732970057998175,1.728320598602295,30.555555555555557
1252,1252,63,SEMoses_LM^m,hsplit,82.82477531331044,74.05176976595311,-8.180000000000003,0.7231827974319458,136.54088167217506,1.7311949688297603,0.5204288600439664,0.9069190481452728,0.9275218878085438,0.8069789775492533,0.8633838738004367,3.146385908126831,50.0
1253,1253,64,SEMoses_LM^m,hsplit,61.02624546684575,61.27529958670309,-5.5238095238095255,0.6811777353286743,60.38846621708233,1.9200546614660523,0.5036571754679857,0.8397896755806794,0.8075014113758818,0.7327973296408617,0.7780949795908398,1.966055393218994,100.0
1254,1254,65,SEMoses_LM^m,hsplit,90.36020036098444,71.98684843421687,-4.823333333333334,0.9335945844650269,585.1120010490367,-0.2567893326319849,0.49999999999973754,1.0,0.8539052547867927,0.8122303007054578,0.7032272572870607,2.501507043838501,100.0
1255,1255,66,SEMoses_LM^m,hsplit,53.11690968597136,80.99072117408078,-10.299679487179484,0.6355672478675842,25.813814782242144,3.1600334080350194,0.5183430346232507,0.7725250279946573,0.8291234727299505,0.719472064190672,0.5597583972845817,-0.2408428639173508,25.0
1256,1256,67,SEMoses_LM^m,hsplit,65.12184867003364,69.4576428673797,-7.435714285714287,0.632291316986084,115.43006583323496,1.4379361719187818,0.550386459372576,0.8033631564664493,0.6830764836389336,0.686758351078686,0.7922485366866969,1.141669511795044,18.75
1257,1257,68,SEMoses_LM^m,hsplit,50.30989330530425,65.68127542392249,-6.936363636363637,0.592345118522644,752.9272437056177,-0.5482980400680226,0.4961306474838077,1.0,0.8903446660515828,0.8243905311883858,0.4277726619568452,2.216301679611206,100.0
1258,1258,69,SEMoses_LM^m,hsplit,37.73656939703193,58.73721859198027,-4.455862068965518,0.7275634407997131,102.09464431998497,2.174101028027512,0.4869133971916152,0.8871020008335866,0.34674176543171886,0.6175933041903702,0.7112139422732224,0.6175913810729979,50.0
1259,1259,70,SEMoses_LM^m,hsplit,57.83569866465144,25.971506563611825,-3.466666666666669,0.7603990435600281,57.787099361870936,1.3536235549670366,0.5149366072907089,1.0,0.9219373435089333,0.8396682231461771,0.4690687780578931,3.946031332015991,50.0
1260,1260,1,SEMoses,hsplit,62.43979433419527,67.2683717295686,-11.752222222222226,0.7077330350875854,80.8675193456982,1.718620804668053,0.5801083680304003,0.9393298307247854,0.8350845804182008,0.7992147200013672,0.5128398333696791,0.1498173028230667,50.0
1261,1261,2,SEMoses,hsplit,7.243975703425149,36.32027148507307,-6.705000000000003,0.4619644582271576,60.85655600992635,1.7439655327698802,0.6650612972067611,0.4697128780808875,0.9261113068040284,0.7119501081460778,0.5874973048950419,2.8713738918304443,13.88888888888889
1262,1262,3,SEMoses,hsplit,93.91044157537527,80.12312608264631,-5.196666666666669,0.9436307549476624,132.09937214206582,0.9041495352609614,0.499999999999693,1.0,1.0,0.8660254037843795,0.9219901274751736,2.344151735305786,100.0
1263,1263,4,SEMoses,hsplit,52.81699820180628,50.01579386389514,-9.825,0.6769503951072693,57.905983689865415,2.2406598123719426,0.5301050337057075,0.9558722825790956,0.7297015380259154,0.7587637976692716,0.5311036219199499,1.546541452407837,33.33333333333333
1264,1264,5,SEMoses,hsplit,60.21432919665577,57.32305509119506,-4.561532258064517,0.6276309490203857,152.35533963381894,1.051200602338805,0.5682461151887047,0.9512469273341523,0.7049992273608143,0.7582432052160806,0.6421301843730187,2.8844969272613525,25.0
1265,1265,6,SEMoses,hsplit,64.07117598241615,58.51535078727125,0.0,0.8027830719947815,102.1648199382557,1.9473960080383097,0.505085133466192,1.0,0.5969046391882583,0.7328952040442129,0.7459950278202694,3.8190159797668457,100.0
1266,1266,7,SEMoses,hsplit,91.21679090703871,74.93814664867297,-6.726153846153847,0.927379310131073,41.11563504873945,2.3030357194818496,0.499999999999719,1.0,1.0,0.8660254037843845,0.6645540992418925,0.6918296813964844,100.0
1267,1267,8,SEMoses,hsplit,63.43130902637188,62.03682272331027,-9.503333333333334,0.7391044497489929,144.2769222140459,0.9447602993787242,0.5000979562438722,1.0,0.8050754696418663,0.7954546870937756,0.5239666563769181,0.568825364112854,100.0
1268,1268,9,SEMoses,hsplit,37.70950419978435,37.02694609793255,-4.142421052631581,0.4979933202266693,120.07968399787472,1.951163186424272,0.5985352821169679,0.8059675933192738,0.35061644604344844,0.6139381449993799,0.6406486162708865,2.1444337368011475,19.0
1269,1269,10,SEMoses,hsplit,43.229610540116845,65.33097415851446,-13.782500000000004,0.6861029267311096,30.494294378540268,2.9590543826695885,0.5953400334624048,0.9972458180301375,0.7228629539008538,0.7898227284532235,0.4999686775132527,0.1413650959730148,33.33333333333333
1270,1270,11,SEMoses,hsplit,38.64695004017464,65.62011866085008,-3.855,0.3725028932094574,78.4887710196555,2.1938584338078955,0.5185958443863748,0.9041847166389098,0.093456115745347,0.6042145582457747,0.4574413721263409,3.119631052017212,25.0
1271,1271,12,SEMoses,hsplit,74.43733193120507,28.88966106640273,-5.6200000000000045,0.8227646350860596,105.24911970111056,1.262829208606841,0.5381621351157275,1.0,0.8215560563183418,0.8092327307076469,0.351888648337788,2.3274271488189697,33.33333333333333
1272,1272,13,SEMoses,hsplit,82.82477531331044,75.47005929545847,-7.612500000000002,0.8868564367294312,31.23136690472645,2.7443139320944177,0.5727799889801091,0.9804060838693379,0.9648547934467144,0.860274719203342,0.7870043449931674,2.661949634552002,50.0
1273,1273,14,SEMoses,hsplit,60.01945176802192,65.76675515491718,-13.030000000000005,0.6720315217971802,88.44529319292192,1.6031536715209134,0.5102969072577475,0.9813418031761686,0.7963748994958781,0.7869027150300402,0.4458230402734544,0.1641728430986404,100.0
1274,1274,15,SEMoses,hsplit,50.42416758025262,56.951686572143394,-7.773333333333331,0.7368279695510864,22.802265688719928,2.6313771867852296,0.5508349308341697,0.8708538798147628,0.9820089319021,0.821816513047167,0.6721644321525537,1.9998211860656736,75.0
1275,1275,16,SEMoses,hsplit,91.93227152249176,81.37673229387333,-3.355714285714285,0.940155267715454,12.905608833834073,3.609547658136389,0.499999999999697,1.0,0.9491812537948106,0.846747709878841,0.874327152147495,2.6130220890045166,100.0
1276,1276,17,SEMoses,hsplit,64.07117598241615,24.49198795803011,-5.863636363636362,0.8936237096786499,45.55343541649584,2.849733040498297,0.5035556702444813,1.0,0.8021237955268995,0.7951877967679182,0.6651233662333753,1.572362184524536,50.0
1277,1277,18,SEMoses,hsplit,44.82700320176826,56.435185185185176,-12.320000000000006,0.5839645862579346,162.79979439591878,1.1063114901751685,0.5128171527117843,0.7890250829371107,0.8683473963988525,0.7392719874876909,0.5432042015923394,1.2653144598007202,75.0
1278,1278,19,SEMoses,hsplit,59.54165059120785,51.34124746352358,-9.55,0.8557245135307312,115.21725224898466,1.6726574167576962,0.5122034140741079,1.0,0.8946774245843339,0.8292165039863489,0.4565182626247406,1.149669170379639,100.0
1279,1279,20,SEMoses,hsplit,69.639896108447,70.41670739126492,-3.653333333333337,0.8081701993942261,64.26213277466972,1.6155455977759934,0.5284250763732494,1.0,0.9466454273370226,0.8515418616521775,0.7056073362904567,2.1191530227661133,50.0
1280,1280,21,SEMoses,hsplit,28.592291256793107,58.01900718567285,-1.4288095238095266,0.568009078502655,34.991359382837246,2.155951620850977,0.5067010151050664,0.8234322415889191,0.4678844263761044,0.6201350421862303,0.7681135054873314,4.073145389556885,100.0
1281,1281,22,SEMoses,hsplit,74.92587131922659,84.10902255639098,-8.39294117647059,0.8622851967811584,98.33146791515858,1.5395636860111734,0.4999999999996358,1.0,1.0,0.8660254037843685,0.8385026049613953,0.8753998279571533,33.33333333333333
1282,1282,23,SEMoses,hsplit,68.80124111534194,64.1861222494301,-5.6200000000000045,0.6169227361679077,88.57874797162194,2.1656805410134026,0.5645009457665037,0.9498720353854491,0.9513325567761521,0.8418138818370768,0.8299605741545006,2.459722757339477,33.33333333333333
1283,1283,24,SEMoses,hsplit,57.30574043798692,54.41751117696496,-7.612500000000002,0.8540466427803041,42.92202549346353,2.4804114713626144,0.5834365039399906,0.9769432440336785,0.7715673873410687,0.793753212991101,0.5259315531562876,1.5653314590454102,50.0
1284,1284,25,SEMoses,hsplit,55.60284815644603,67.10486854409474,-15.480740740740742,0.5570928454399109,250.60132144743312,1.1272808934820786,0.5342930003153477,0.9454239081511039,0.5998036710437057,0.7162541029753777,0.4105001086962747,-0.7344170212745667,100.0
1285,1285,26,SEMoses,hsplit,54.0729099282095,59.35720004137335,-6.726153846153847,0.6715247631072998,144.45741970442631,1.3682808196004137,0.5235619476798055,0.9811911264927068,0.7576506562672636,0.7769357881465094,0.4151152586997158,1.0338783264160156,50.0
1286,1286,27,SEMoses,hsplit,65.49602432348429,65.25606905478297,-5.312391304347828,0.7641068696975708,98.87923430799866,1.6805180304556586,0.5671765852117601,0.9821465724837659,0.795615540572362,0.7998552487907491,0.7752256350270139,1.8812410831451416,50.0
1287,1287,28,SEMoses,hsplit,84.11338959965485,83.36007304967775,-12.29818181818182,0.7563521265983582,84.48012376199605,2.1889071369796307,0.4907026985188475,0.9481532874572038,0.6552436395737551,0.7232168927902249,0.7577787944603533,0.4627962112426758,37.5
1288,1288,29,SEMoses,hsplit,71.89085812023328,69.85860920549824,-6.137499999999998,0.8281782269477844,29.576815243047424,2.6228766343184056,0.5711651829003712,0.9738634941417172,0.9648547934467144,0.8574350400694369,0.6872684738288324,4.086784362792969,50.0
1289,1289,30,SEMoses,hsplit,54.74911439088135,58.51290185786754,-4.383823529411767,0.6818381547927856,101.45356942105524,1.1386216693662925,0.5247839120924361,1.0,0.5944525546332831,0.7368337655358179,0.8162596369783084,3.1358640193939213,50.0
1290,1290,31,SEMoses,hsplit,93.51334836242394,82.60140043545216,-8.39294117647059,0.9556393027305604,41.55333675949723,2.910632689448214,0.4999999999996282,1.0,0.8310796714321521,0.8042995752552656,0.6898110787073771,2.0980324745178223,100.0
1291,1291,32,SEMoses,hsplit,30.241616165703945,52.694652936538326,-8.009090909090911,0.5892153978347778,347.34082792280753,0.7240524563273965,0.5388973165312932,0.9896340932859006,0.34094987649786235,0.6797138551484595,0.6519579555214821,3.3598639965057373,50.0
1292,1292,33,SEMoses,hsplit,61.41797522526762,69.83228489717756,-11.22727272727273,0.7012624144554138,50.1246962806884,2.416478849733398,0.4863382235766573,0.8554477691999076,0.3768370212059335,0.6083644450744302,0.6645721673610665,0.7364177703857422,100.0
1293,1293,34,SEMoses,hsplit,69.97522298221911,58.53731071806552,-4.191153846153847,0.7860519886016846,133.22053600177316,0.7611096699673628,0.5300292857908887,0.9245096487507286,0.5774549747957735,0.6997864870433892,0.5932521449195014,2.708838939666748,50.0
1294,1294,35,SEMoses,hsplit,12.7704545641638,39.54637078720341,-10.723333333333333,0.3421051800251007,356.4792438840808,0.5918437409179388,0.6474912743501312,0.5011815582960546,0.6597406630621127,0.6070929767433361,0.2840292320483261,2.5646226406097408,66.66666666666666
1295,1295,36,SEMoses,hsplit,75.56872111403112,51.80301310483378,-10.520000000000003,0.8240162134170532,70.66485851255683,2.112682211409589,0.5590567010055179,0.9873576967976295,0.6538234001989833,0.7560653973064438,0.6798952230560577,0.9232702255249025,50.0
1296,1296,37,SEMoses,hsplit,69.85342056580099,74.382885429237,-10.73,0.7682773470878601,102.583854936977,1.6695701972454988,0.5302113681040451,0.9401354826381206,0.7034082877923966,0.7438104686717368,0.6977805636108223,1.811399221420288,50.0
1297,1297,38,SEMoses,hsplit,74.42144493671195,70.14284683137879,-4.12846153846154,0.7508831024169922,139.82545270931084,1.5709894769165458,0.5546254236097793,1.0,0.8617747303846304,0.8266932213027655,0.5570650781294713,2.0110242366790767,16.666666666666664
1298,1298,39,SEMoses,hsplit,84.08964152537146,30.45325045325045,-0.8049999999999997,0.8886639475822449,92.37606783595314,1.310940832565472,0.4999999999997667,1.0,1.0,0.8660254037843937,0.3557531138261159,3.5393383502960205,100.0
1299,1299,40,SEMoses,hsplit,68.80430849756435,47.05258371925039,-12.69,0.9073129892349244,116.9971775252562,1.7122653560946104,0.5666828738012183,0.985848830772307,0.6493292352469879,0.7560105493843258,0.60730392979251,-0.3528378009796142,31.48148148148148
1300,1300,41,SEMoses,hsplit,53.50569432574855,36.57343580069182,-9.653529411764708,0.4733076691627502,151.07299608949197,1.145604640456918,0.539185616991564,0.8309014999064155,0.42952004241823744,0.6233259978952344,0.3519707048295909,0.1177122890949249,19.0
1301,1301,42,SEMoses,hsplit,72.72454093000137,65.69654444402151,-6.727142857142859,0.8770699501037598,61.585806078641966,1.9069802649740808,0.4958951849085997,0.8774199303019615,0.8969384568332915,0.7789472305304384,0.6959808117667318,1.3482574224472046,37.5
1302,1302,43,SEMoses,hsplit,48.83586747510106,64.25055254834844,-8.087692307692308,0.6998487114906311,34.80542328799919,2.310947490883096,0.6209455048440167,0.8530956837150022,0.6673184560162124,0.7208003623979434,0.6256677346333623,1.5751001834869385,100.0
1303,1303,44,SEMoses,hsplit,81.49492131269727,76.18466658327341,-5.818461538461541,0.8898745775222778,143.1155196614881,1.5213084522252514,0.5033149220527962,1.0,0.6661746120248919,0.752133526369604,0.6295759316001619,3.460754156112672,100.0
1304,1304,45,SEMoses,hsplit,52.08256326654536,60.17188412581317,-10.140000000000004,0.6202905178070068,252.51960655314565,0.8334883851422967,0.5167202028460187,1.0,0.6184252629027451,0.7414961393078996,0.5947213284671307,0.9319974184036256,50.0
1305,1305,46,SEMoses,hsplit,60.55817550955914,50.92500334821415,-7.442500000000003,0.8553053140640259,123.1850041986115,1.6753286563639322,0.5319928032500116,0.9933856205754198,0.6235673831161426,0.7435651989261223,0.5553359641797013,1.0984271764755251,50.0
1306,1306,47,SEMoses,hsplit,72.43415302753372,44.596303722238304,-2.645454545454548,0.7449722290039062,59.37344341830728,1.8086694580804776,0.5652953832415233,0.9189995301413524,0.7711753702486295,0.7656871550862702,0.6198394084201446,2.628826379776001,50.0
1307,1307,48,SEMoses,hsplit,71.6175739021126,47.40769652352293,-11.96166666666667,0.6962541937828064,100.19388536382544,2.0731739698657505,0.5013417163977927,1.0,0.702316299357738,0.7625815149748981,0.4035856841339005,0.3617788255214691,50.0
1308,1308,49,SEMoses,hsplit,27.499603187586143,48.66995586113232,-6.416666666666668,0.5982941389083862,722.1473019612728,-0.3592184219792118,0.5342245207352242,0.9420429581099437,0.2933287913142165,0.6477866298129275,0.6599767946534687,3.021246671676636,50.0
1309,1309,50,SEMoses,hsplit,78.66848995873008,74.66396209190931,-0.8760000000000048,0.8098632693290709,57.17969454614228,2.2687537425603868,0.5014700323987081,0.945709563544548,0.08112819675278733,0.6197904367020464,0.6534925161136521,1.872732162475586,50.0
1310,1310,51,SEMoses,hsplit,53.99692367877103,46.65107611044469,-7.004705882352943,0.7855032086372375,206.51268583085675,1.0636749237907264,0.47126396498665085,1.0,0.5522739368969686,0.7134648382063912,0.7015750128913809,0.3654038608074188,100.0
1311,1311,52,SEMoses,hsplit,42.23349895185565,64.55042316071727,-9.929782608695652,0.5548898577690125,99.09201193079316,1.7267107979301244,0.6280694501403898,0.7635324808490935,0.7869312892951542,0.7295464201778519,0.4010373623741318,1.3625667095184326,25.0
1312,1312,53,SEMoses,hsplit,53.18510698028926,52.61207903022251,-5.362142857142857,0.6714760065078735,351.7837377432216,0.2405337900179528,0.5374624773401022,1.0,0.8644547248876506,0.8238421948264008,0.3959199566532065,1.133165955543518,50.0
1313,1313,54,SEMoses,hsplit,48.65080925510861,58.86190800083989,-5.315000000000001,0.6259502768516539,135.98534349523518,1.4462121980453873,0.5775698668612884,1.0,0.7099805857669981,0.7826577334680884,0.5530214601694935,1.3580753803253174,43.75
1314,1314,55,SEMoses,hsplit,25.064059213355534,51.23790715285683,-12.56818181818182,0.4194267988204956,35.2210725030191,3.1637287728153862,0.4211468259678025,0.7006627037089154,0.36670485444248485,0.5172895139291361,0.5766527963131807,-0.5753132104873657,20.3125
1315,1315,56,SEMoses,hsplit,14.608807183343966,50.7348111962879,-7.502857142857145,0.2059326320886612,446.0633606486559,1.1147171965717328,0.5553069734379598,0.8054219894555912,0.4821920670247434,0.6297035295409589,0.203941983067327,0.7591339349746704,45.83333333333333
1316,1316,57,SEMoses,hsplit,44.632283681370055,66.9653019933311,-6.27555555555556,0.6219574213027954,75.38612600684769,1.640370628086484,0.5869781811968257,1.0,0.3702671042002944,0.7027662280004651,0.6169125466119676,2.542486906051636,50.0
1317,1317,58,SEMoses,hsplit,74.652145828272,67.44312523246549,-10.638333333333335,0.8095005750656128,64.88824935952,2.124188446557283,0.5808846528169087,0.9690252408930665,0.501279825360309,0.7136101551686205,0.6187815395720078,0.4388077855110169,23.4375
1318,1318,59,SEMoses,hsplit,63.004613383394286,55.16638879132101,-7.773333333333331,0.7286232709884644,63.10034748322569,1.4335521326925038,0.5238263458628338,1.0,0.6055174308319341,0.7396047141686148,0.4525984774334262,0.6077853441238403,50.0
1319,1319,60,SEMoses,hsplit,85.71061116877266,67.29108754670446,-12.828571428571427,0.7435637712478638,98.30629223008164,1.7368185878060798,0.504910846036229,0.9233851674708096,0.9702512473680291,0.8264306006292628,0.7515371198692019,1.5369518995285034,20.3125
1320,1320,61,SEMoses,hsplit,20.61629304807974,58.447072494408815,-14.770967741935484,0.3208222091197967,935.2252512816544,0.3363872078657012,0.5778130695443082,0.89170739344006,0.444053511838073,0.6648793224406986,0.1962693994953518,1.1324498653411863,100.0
1321,1321,62,SEMoses,hsplit,48.94768710248108,58.242454325474405,-6.726153846153847,0.5994228720664978,380.87364873722834,0.4543786475404621,0.5593848885336976,0.9048929229385917,0.48445575408705277,0.6748925922377723,0.4152429289514409,2.562472343444824,31.944444444444443
1322,1322,63,SEMoses,hsplit,81.53551038173119,68.96149102169709,-6.2150000000000025,0.8630109429359436,175.76510011123702,1.465798785996408,0.5525971818689429,1.0,0.9513325567761521,0.8583700210266254,0.8881930369469855,3.1436986923217773,50.0
1323,1323,64,SEMoses,hsplit,47.21572522262779,51.143356322305976,-5.780000000000001,0.7202533483505249,47.29504327173613,1.9924491221087928,0.5011502193632663,0.922182649431038,0.8075014113758818,0.764554534931625,0.7760622874233458,1.9898507595062256,100.0
1324,1324,65,SEMoses,hsplit,90.36020036098444,71.98684843421687,-4.823333333333334,0.9335945844650269,585.1120010490367,-0.2567893326319849,0.49999999999973754,1.0,0.8539052547867927,0.8122303007054578,0.7032272572870607,2.501507043838501,100.0
1325,1325,66,SEMoses,hsplit,79.70315590235035,81.58170738606476,-12.198333333333334,0.7827075719833374,67.92513891332345,2.361079289324978,0.5717421436737073,0.940454726540475,0.8581960018976764,0.8057800670154114,0.5122046064246784,-0.4916797280311585,21.875
1326,1326,67,SEMoses,hsplit,65.12184867003364,69.4576428673797,-7.435714285714287,0.632291316986084,115.43006583323496,1.4379361719187818,0.550386459372576,0.8033631564664493,0.6830764836389336,0.686758351078686,0.7922485366866969,1.141669511795044,18.75
1327,1327,68,SEMoses,hsplit,67.61304462994481,72.05988455988455,-5.806666666666668,0.6401646733283997,774.4381172044318,-0.6121365900297939,0.5088740988658121,1.0,0.6832399687986633,0.7584567013483127,0.4850225624584016,2.578356504440308,100.0
1328,1328,69,SEMoses,hsplit,51.64615519906901,56.83629194153372,-7.472727272727273,0.8499863147735596,97.07295586742984,2.2699457192350154,0.572276477009468,1.0,0.6253044439059583,0.7568588626040542,0.6944541052994446,1.0464725494384766,50.0
1329,1329,70,SEMoses,hsplit,57.83569866465144,25.971506563611825,-3.466666666666669,0.7603990435600281,57.787099361870936,1.3536235549670366,0.5149366072907089,1.0,0.9219373435089333,0.8396682231461771,0.4690687780578931,3.946031332015991,50.0
1330,1330,1,SEMoses_LM,hsplit,62.43979433419527,67.2683717295686,-11.752222222222226,0.7077330350875854,80.8675193456982,1.718620804668053,0.5801083680304003,0.9393298307247854,0.8350845804182008,0.7992147200013672,0.5128398333696791,0.1498173028230667,50.0
1331,1331,2,SEMoses_LM,hsplit,7.243975703425149,36.32027148507307,-6.705000000000003,0.4619644582271576,60.85655600992635,1.7439655327698802,0.6650612972067611,0.4697128780808875,0.9261113068040284,0.7119501081460778,0.5874973048950419,2.8713738918304443,13.88888888888889
1332,1332,3,SEMoses_LM,hsplit,93.91044157537527,80.12312608264631,-5.196666666666669,0.9436307549476624,132.09937214206582,0.9041495352609614,0.499999999999693,1.0,1.0,0.8660254037843795,0.9219901274751736,2.344151735305786,100.0
1333,1333,4,SEMoses_LM,hsplit,52.81699820180628,50.01579386389514,-9.825,0.6769503951072693,57.905983689865415,2.2406598123719426,0.5301050337057075,0.9558722825790956,0.7297015380259154,0.7587637976692716,0.5311036219199499,1.546541452407837,33.33333333333333
1334,1334,5,SEMoses_LM,hsplit,60.21432919665577,57.32305509119506,-4.561532258064517,0.6276309490203857,152.35533963381894,1.051200602338805,0.5682461151887047,0.9512469273341523,0.7049992273608143,0.7582432052160806,0.6421301843730187,2.884497165679932,25.0
1335,1335,6,SEMoses_LM,hsplit,64.07117598241615,58.51535078727125,0.0,0.8027830719947815,102.1648199382557,1.9473960080383097,0.505085133466192,1.0,0.5969046391882583,0.7328952040442129,0.7459950278202694,3.8190159797668457,100.0
1336,1336,7,SEMoses_LM,hsplit,91.21679090703871,74.93814664867297,-6.726153846153847,0.927379310131073,41.11563504873945,2.3030357194818496,0.499999999999719,1.0,1.0,0.8660254037843845,0.6645540992418925,0.6918296813964844,100.0
1337,1337,8,SEMoses_LM,hsplit,63.43130902637188,62.03682272331027,-9.503333333333334,0.7391044497489929,144.2769222140459,0.9447602993787242,0.5000979562438722,1.0,0.8050754696418663,0.7954546870937756,0.5239666563769181,0.568825364112854,100.0
1338,1338,9,SEMoses_LM,hsplit,37.70950419978435,37.02694609793255,-4.142421052631581,0.4979933202266693,120.07968399787472,1.951163186424272,0.5985352821169679,0.8059675933192738,0.35061644604344844,0.6139381449993799,0.6406486162708865,2.1444337368011475,19.0
1339,1339,10,SEMoses_LM,hsplit,43.229610540116845,65.33097415851446,-13.782500000000004,0.6861029267311096,30.494294378540268,2.9590543826695885,0.5953400334624048,0.9972458180301375,0.7228629539008538,0.7898227284532235,0.4999686775132527,0.1413650959730148,33.33333333333333
1340,1340,11,SEMoses_LM,hsplit,38.64695004017464,65.62011866085008,-3.855,0.3725028932094574,78.4887710196555,2.1938584338078955,0.5185958443863748,0.9041847166389098,0.093456115745347,0.6042145582457747,0.4574413721263409,3.119631052017212,25.0
1341,1341,12,SEMoses_LM,hsplit,74.43733193120507,28.88966106640273,-5.6200000000000045,0.8227646350860596,105.24911970111056,1.262829208606841,0.5381621351157275,1.0,0.8215560563183418,0.8092327307076469,0.351888648337788,2.327427387237549,33.33333333333333
1342,1342,13,SEMoses_LM,hsplit,82.82477531331044,75.47005929545847,-7.612500000000002,0.8868564367294312,31.23136690472645,2.7443139320944177,0.5727799889801091,0.9804060838693379,0.9648547934467144,0.860274719203342,0.7870043449931674,2.6619493961334237,50.0
1343,1343,14,SEMoses_LM,hsplit,60.01945176802192,65.76675515491718,-13.030000000000005,0.6720315217971802,88.44529319292192,1.6031536715209134,0.5102969072577475,0.9813418031761686,0.7963748994958781,0.7869027150300402,0.4458230402734544,0.164172425866127,100.0
1344,1344,15,SEMoses_LM,hsplit,50.42416758025262,56.951686572143394,-7.773333333333331,0.7368279695510864,22.802265688719928,2.6313771867852296,0.5508349308341697,0.8708538798147628,0.9820089319021,0.821816513047167,0.6721644321525537,1.999820709228516,75.0
1345,1345,16,SEMoses_LM,hsplit,91.93227152249176,81.37673229387333,-3.355714285714285,0.940155267715454,12.905608833834073,3.609547658136389,0.499999999999697,1.0,0.9491812537948106,0.846747709878841,0.874327152147495,2.613021850585937,100.0
1346,1346,17,SEMoses_LM,hsplit,64.07117598241615,24.49198795803011,-5.863636363636362,0.8936237096786499,45.55343541649584,2.849733040498297,0.5035556702444813,1.0,0.8021237955268995,0.7951877967679182,0.6651233662333753,1.5723614692687988,50.0
1347,1347,18,SEMoses_LM,hsplit,44.82700320176826,56.435185185185176,-12.320000000000006,0.5839645862579346,162.79979439591878,1.1063114901751685,0.5128171527117843,0.7890250829371107,0.8683473963988525,0.7392719874876909,0.5432042015923394,1.2653138637542725,75.0
1348,1348,19,SEMoses_LM,hsplit,59.54165059120785,51.34124746352358,-9.55,0.8557245135307312,115.21725224898466,1.6726574167576962,0.5122034140741079,1.0,0.8946774245843339,0.8292165039863489,0.4565182626247406,1.1496713161468506,100.0
1349,1349,20,SEMoses_LM,hsplit,69.639896108447,70.41670739126492,-3.653333333333337,0.8081701993942261,64.26213277466972,1.6155455977759934,0.5284250763732494,1.0,0.9466454273370226,0.8515418616521775,0.7056073362904567,2.119152307510376,50.0
1350,1350,21,SEMoses_LM,hsplit,28.592291256793107,58.01900718567285,-1.4288095238095266,0.568009078502655,34.991359382837246,2.155951620850977,0.5067010151050664,0.8234322415889191,0.4678844263761044,0.6201350421862303,0.7681135054873314,4.073145866394043,100.0
1351,1351,22,SEMoses_LM,hsplit,74.92587131922659,84.10902255639098,-8.39294117647059,0.8622851967811584,98.33146791515858,1.5395636860111734,0.4999999999996358,1.0,1.0,0.8660254037843685,0.8385026049613953,0.8753997087478638,33.33333333333333
1352,1352,23,SEMoses_LM,hsplit,68.80124111534194,64.1861222494301,-5.6200000000000045,0.6169227361679077,88.57874797162194,2.1656805410134026,0.5645009457665037,0.9498720353854491,0.9513325567761521,0.8418138818370768,0.8299605741545006,2.459722757339477,33.33333333333333
1353,1353,24,SEMoses_LM,hsplit,57.30574043798692,54.41751117696496,-7.612500000000002,0.8540466427803041,42.92202549346353,2.4804114713626144,0.5834365039399906,0.9769432440336785,0.7715673873410687,0.793753212991101,0.5259315531562876,1.5653314590454102,50.0
1354,1354,25,SEMoses_LM,hsplit,55.60284815644603,67.10486854409474,-15.480740740740742,0.5570928454399109,250.60132144743312,1.1272808934820786,0.5342930003153477,0.9454239081511039,0.5998036710437057,0.7162541029753777,0.4105001086962747,-0.7344170212745667,100.0
1355,1355,26,SEMoses_LM,hsplit,54.0729099282095,59.35720004137335,-6.726153846153847,0.6715247631072998,144.45741970442631,1.3682808196004137,0.5235619476798055,0.9811911264927068,0.7576506562672636,0.7769357881465094,0.4151152586997158,1.0338783264160156,50.0
1356,1356,27,SEMoses_LM,hsplit,65.49602432348429,65.25606905478297,-5.312391304347828,0.7641068696975708,98.87923430799866,1.6805180304556586,0.5671765852117601,0.9821465724837659,0.795615540572362,0.7998552487907491,0.7752256350270139,1.8812410831451416,50.0
1357,1357,28,SEMoses_LM,hsplit,84.11338959965485,83.36007304967775,-12.29818181818182,0.7563521265983582,84.48012376199605,2.1889071369796307,0.4907026985188475,0.9481532874572038,0.6552436395737551,0.7232168927902249,0.7577787944603533,0.4627961218357086,37.5
1358,1358,29,SEMoses_LM,hsplit,71.89085812023328,69.85860920549824,-6.137499999999998,0.8281782269477844,29.576815243047424,2.6228766343184056,0.5711651829003712,0.9738634941417172,0.9648547934467144,0.8574350400694369,0.6872684738288324,4.0867838859558105,50.0
1359,1359,30,SEMoses_LM,hsplit,54.74911439088135,58.51290185786754,-4.383823529411767,0.6818381547927856,101.45356942105524,1.1386216693662925,0.5247839120924361,1.0,0.5944525546332831,0.7368337655358179,0.8162596369783084,3.135863780975342,50.0
1360,1360,31,SEMoses_LM,hsplit,93.51334836242394,82.60140043545216,-8.39294117647059,0.9556393027305604,41.55333675949723,2.910632689448214,0.4999999999996282,1.0,0.8310796714321521,0.8042995752552656,0.6898110787073771,2.0980324745178223,100.0
1361,1361,32,SEMoses_LM,hsplit,30.241616165703945,52.694652936538326,-8.009090909090911,0.5892153978347778,347.34082792280753,0.7240524563273965,0.5388973165312932,0.9896340932859006,0.34094987649786235,0.6797138551484595,0.6519579555214821,3.3598639965057373,50.0
1362,1362,33,SEMoses_LM,hsplit,61.41797522526762,69.83228489717756,-11.22727272727273,0.7012624144554138,50.1246962806884,2.416478849733398,0.4863382235766573,0.8554477691999076,0.3768370212059335,0.6083644450744302,0.6645721673610665,0.7364177703857422,100.0
1363,1363,34,SEMoses_LM,hsplit,69.97522298221911,58.53731071806552,-4.191153846153847,0.7860519886016846,133.22053600177316,0.7611096699673628,0.5300292857908887,0.9245096487507286,0.5774549747957735,0.6997864870433892,0.5932521449195014,2.708838939666748,50.0
1364,1364,35,SEMoses_LM,hsplit,12.7704545641638,39.54637078720341,-10.723333333333333,0.3421051800251007,356.4792438840808,0.5918437409179388,0.6474912743501312,0.5011815582960546,0.6597406630621127,0.6070929767433361,0.2840292320483261,2.5646226406097408,66.66666666666666
1365,1365,36,SEMoses_LM,hsplit,75.56872111403112,51.80301310483378,-10.520000000000003,0.8240162134170532,70.66485851255683,2.112682211409589,0.5590567010055179,0.9873576967976295,0.6538234001989833,0.7560653973064438,0.6798952230560577,0.9232701063156128,50.0
1366,1366,37,SEMoses_LM,hsplit,69.85342056580099,74.382885429237,-10.73,0.7682773470878601,102.583854936977,1.6695701972454988,0.5302113681040451,0.9401354826381206,0.7034082877923966,0.7438104686717368,0.6977805636108223,1.811399221420288,50.0
1367,1367,38,SEMoses_LM,hsplit,74.42144493671195,70.14284683137879,-4.12846153846154,0.7508831024169922,139.82545270931084,1.5709894769165458,0.5546254236097793,1.0,0.8617747303846304,0.8266932213027655,0.5570650781294713,2.0110242366790767,16.666666666666664
1368,1368,39,SEMoses_LM,hsplit,84.08964152537146,30.45325045325045,-0.8049999999999997,0.8886639475822449,92.37606783595314,1.310940832565472,0.4999999999997667,1.0,1.0,0.8660254037843937,0.3557531138261159,3.5393383502960205,100.0
1369,1369,40,SEMoses_LM,hsplit,68.80430849756435,47.05258371925039,-12.69,0.9073129892349244,116.9971775252562,1.7122653560946104,0.5666828738012183,0.985848830772307,0.6493292352469879,0.7560105493843258,0.60730392979251,-0.3528378009796142,31.48148148148148
1370,1370,41,SEMoses_LM,hsplit,53.50569432574855,36.57343580069182,-9.653529411764708,0.4733076691627502,151.07299608949197,1.145604640456918,0.539185616991564,0.8309014999064155,0.42952004241823744,0.6233259978952344,0.3519707048295909,0.1177122890949249,19.0
1371,1371,42,SEMoses_LM,hsplit,72.72454093000137,65.69654444402151,-6.727142857142859,0.8770699501037598,61.585806078641966,1.9069802649740808,0.4958951849085997,0.8774199303019615,0.8969384568332915,0.7789472305304384,0.6959808117667318,1.3482574224472046,37.5
1372,1372,43,SEMoses_LM,hsplit,48.83586747510106,64.25055254834844,-8.087692307692308,0.6998487114906311,34.80542328799919,2.310947490883096,0.6209455048440167,0.8530956837150022,0.6673184560162124,0.7208003623979434,0.6256677346333623,1.5751000642776491,100.0
1373,1373,44,SEMoses_LM,hsplit,81.49492131269727,76.18466658327341,-5.818461538461541,0.8898745775222778,143.1155196614881,1.5213084522252514,0.5033149220527962,1.0,0.6661746120248919,0.752133526369604,0.6295759316001619,3.460754156112672,100.0
1374,1374,45,SEMoses_LM,hsplit,52.08256326654536,60.17188412581317,-10.140000000000004,0.6202905178070068,252.51960655314565,0.8334883851422967,0.5167202028460187,1.0,0.6184252629027451,0.7414961393078996,0.5947213284671307,0.9319974184036256,50.0
1375,1375,46,SEMoses_LM,hsplit,60.55817550955914,50.92500334821415,-7.442500000000003,0.8553053140640259,123.1850041986115,1.6753286563639322,0.5319928032500116,0.9933856205754198,0.6235673831161426,0.7435651989261223,0.5553359641797013,1.0984270572662354,50.0
1376,1376,47,SEMoses_LM,hsplit,72.43415302753372,44.596303722238304,-2.645454545454548,0.7449722290039062,59.37344341830728,1.8086694580804776,0.5652953832415233,0.9189995301413524,0.7711753702486295,0.7656871550862702,0.6198394084201446,2.628826379776001,50.0
1377,1377,48,SEMoses_LM,hsplit,71.6175739021126,47.40769652352293,-11.96166666666667,0.6962541937828064,100.19388536382544,2.0731739698657505,0.5013417163977927,1.0,0.702316299357738,0.7625815149748981,0.4035856841339005,0.3617788255214691,50.0
1378,1378,49,SEMoses_LM,hsplit,27.499603187586143,48.66995586113232,-6.416666666666668,0.5982941389083862,722.1473019612728,-0.3592184219792118,0.5342245207352242,0.9420429581099437,0.2933287913142165,0.6477866298129275,0.6599767946534687,3.021246671676636,50.0
1379,1379,50,SEMoses_LM,hsplit,78.66848995873008,74.66396209190931,-0.8760000000000048,0.8098632693290709,57.17969454614228,2.2687537425603868,0.5014700323987081,0.945709563544548,0.08112819675278733,0.6197904367020464,0.6534925161136521,1.872732162475586,50.0
1380,1380,51,SEMoses_LM,hsplit,53.99692367877103,46.65107611044469,-7.004705882352943,0.7855032086372375,206.51268583085675,1.0636749237907264,0.47126396498665085,1.0,0.5522739368969686,0.7134648382063912,0.7015750128913809,0.3654038608074188,100.0
1381,1381,52,SEMoses_LM,hsplit,42.23349895185565,64.55042316071727,-9.929782608695652,0.5548898577690125,99.09201193079316,1.7267107979301244,0.6280694501403898,0.7635324808490935,0.7869312892951542,0.7295464201778519,0.4010373623741318,1.3625667095184326,25.0
1382,1382,53,SEMoses_LM,hsplit,53.18510698028926,52.61207903022251,-5.362142857142857,0.6714760065078735,351.7837377432216,0.2405337900179528,0.5374624773401022,1.0,0.8644547248876506,0.8238421948264008,0.3959199566532065,1.133165955543518,50.0
1383,1383,54,SEMoses_LM,hsplit,48.65080925510861,58.86190800083989,-5.315000000000001,0.6259502768516539,135.98534349523518,1.4462121980453873,0.5775698668612884,1.0,0.7099805857669981,0.7826577334680884,0.5530214601694935,1.3580756187438965,43.75
1384,1384,55,SEMoses_LM,hsplit,25.064059213355534,51.23790715285683,-12.56818181818182,0.4194267988204956,35.2210725030191,3.1637287728153862,0.4211468259678025,0.7006627037089154,0.36670485444248485,0.5172895139291361,0.5766527963131807,-0.5753132104873657,20.3125
1385,1385,56,SEMoses_LM,hsplit,14.779699480838136,51.15147786295457,-6.828571428571429,0.2780942022800445,391.6568321888316,1.012128707170929,0.5582839027946196,0.8780286305384082,0.4821920670247434,0.6620987795554224,0.2351207005342951,1.0919780731201172,50.0
1386,1386,57,SEMoses_LM,hsplit,44.632283681370055,66.9653019933311,-6.27555555555556,0.6219574213027954,75.38612600684769,1.640370628086484,0.5869781811968257,1.0,0.3702671042002944,0.7027662280004651,0.6169125466119676,2.542486906051636,50.0
1387,1387,58,SEMoses_LM,hsplit,74.652145828272,67.44312523246549,-10.638333333333335,0.8095005750656128,64.88824935952,2.124188446557283,0.5808846528169087,0.9690252408930665,0.501279825360309,0.7136101551686205,0.6187815395720078,0.4388077855110169,23.4375
1388,1388,59,SEMoses_LM,hsplit,63.004613383394286,55.16638879132101,-7.773333333333331,0.7286232709884644,63.10034748322569,1.4335521326925038,0.5238263458628338,1.0,0.6055174308319341,0.7396047141686148,0.4525984774334262,0.607785165309906,50.0
1389,1389,60,SEMoses_LM,hsplit,85.71061116877266,67.29108754670446,-12.828571428571427,0.7435637712478638,98.30629223008164,1.7368185878060798,0.504910846036229,0.9233851674708096,0.9702512473680291,0.8264306006292628,0.7515371198692019,1.536951780319214,20.3125
1390,1390,61,SEMoses_LM,hsplit,20.61629304807974,58.447072494408815,-14.770967741935484,0.3208222091197967,935.2252512816544,0.3363872078657012,0.5778130695443082,0.89170739344006,0.444053511838073,0.6648793224406986,0.1962693994953518,1.132449984550476,100.0
1391,1391,62,SEMoses_LM,hsplit,48.94768710248108,58.242454325474405,-6.726153846153847,0.5994228720664978,380.87364873722834,0.4543786475404621,0.5593848885336976,0.9048929229385917,0.48445575408705277,0.6748925922377723,0.4152429289514409,2.562472105026245,31.944444444444443
1392,1392,63,SEMoses_LM,hsplit,81.53551038173119,68.96149102169709,-6.2150000000000025,0.8630109429359436,175.76510011123702,1.465798785996408,0.5525971818689429,1.0,0.9513325567761521,0.8583700210266254,0.8881930369469855,3.1436986923217773,50.0
1393,1393,64,SEMoses_LM,hsplit,47.21572522262779,51.143356322305976,-5.780000000000001,0.7202533483505249,47.29504327173613,1.9924491221087928,0.5011502193632663,0.922182649431038,0.8075014113758818,0.764554534931625,0.7760622874233458,1.9898507595062256,100.0
1394,1394,65,SEMoses_LM,hsplit,90.36020036098444,71.98684843421687,-4.823333333333334,0.9335945844650269,585.1120010490367,-0.2567893326319849,0.49999999999973754,1.0,0.8539052547867927,0.8122303007054578,0.7032272572870607,2.501507043838501,100.0
1395,1395,66,SEMoses_LM,hsplit,79.70315590235035,81.58170738606476,-12.198333333333334,0.7827075719833374,67.92513891332345,2.361079289324978,0.5717421436737073,0.940454726540475,0.8581960018976764,0.8057800670154114,0.5122046064246784,-0.4916797280311585,21.875
1396,1396,67,SEMoses_LM,hsplit,65.12184867003364,69.4576428673797,-7.435714285714287,0.632291316986084,115.43006583323496,1.4379361719187818,0.550386459372576,0.8033631564664493,0.6830764836389336,0.686758351078686,0.7922485366866969,1.141669511795044,18.75
1397,1397,68,SEMoses_LM,hsplit,67.61304462994481,72.05988455988455,-5.806666666666668,0.6401646733283997,774.4381172044318,-0.6121365900297939,0.5088740988658121,1.0,0.6832399687986633,0.7584567013483127,0.4850225624584016,2.5783560276031494,100.0
1398,1398,69,SEMoses_LM,hsplit,51.64615519906901,56.83629194153372,-7.472727272727273,0.8499863147735596,97.07295586742984,2.2699457192350154,0.572276477009468,1.0,0.6253044439059583,0.7568588626040542,0.6944541052994446,1.0464725494384766,50.0
1399,1399,70,SEMoses_LM,hsplit,57.83569866465144,25.971506563611825,-3.466666666666669,0.7603990435600281,57.787099361870936,1.3536235549670366,0.5149366072907089,1.0,0.9219373435089333,0.8396682231461771,0.4690687780578931,3.946031332015991,50.0
1400,1400,1,SETrain1-Moses,hsplit,82.83991146060845,75.64540825627661,-19.42777777777778,0.8167089223861694,51.72962406625607,2.2409881559635605,0.49999999999937395,1.0,0.901133118730031,0.8290639094125949,0.8906312527619201,-0.992753267288208,50.0
1401,1401,2,SETrain1-Moses,hsplit,64.7823708400658,66.04288651177613,-10.922857142857143,0.5005516409873962,47.472159483969975,2.3322985531883185,0.5184381396116841,0.8249886309755832,0.724645256865164,0.7010694435741656,0.7182158259487657,0.9280864596366882,25.92592592592592
1402,1402,3,SETrain1-Moses,hsplit,93.91044157537527,80.12312608264631,-5.196666666666669,0.9436307549476624,132.09937214206582,0.9041495352609614,0.499999999999693,1.0,1.0,0.8660254037843795,0.9219901274751736,2.344151735305786,100.0
1403,1403,4,SETrain1-Moses,hsplit,53.29419213766111,42.95368849966551,-8.474444444444442,0.7090386748313904,44.0176303877202,2.286240488366375,0.5125744579864006,0.9558722825790956,0.9791849542799629,0.8436483410899108,0.4156845475236575,1.201430082321167,33.33333333333333
1404,1404,5,SETrain1-Moses,hsplit,70.79954722231881,46.57477404481843,-11.545714285714284,0.663740336894989,75.1453435628394,1.439065843401165,0.49999999999950734,1.0,0.8771192749943428,0.8204344829755571,0.7044674239040893,0.4558473229408264,25.0
1405,1405,6,SETrain1-Moses,hsplit,63.40466277046863,50.84440405273739,0.0,0.7878513932228088,71.08761672357655,2.1042759515532143,0.49999999999972006,1.0,0.8323657214460987,0.8047427527349355,0.8021823396285376,3.288316011428833,100.0
1406,1406,7,SETrain1-Moses,hsplit,91.21679090703871,74.93814664867297,-6.726153846153847,0.927379310131073,41.11563504873945,2.3030357194818496,0.499999999999719,1.0,1.0,0.8660254037843845,0.6645540992418925,0.6918296813964844,100.0
1407,1407,8,SETrain1-Moses,hsplit,78.9753432553337,71.60648275185798,-9.073076923076924,0.7541890144348145,105.41562014246368,1.2908301350825166,0.4999999999995733,1.0,0.9025154083171837,0.8295649587282694,0.6274003734191259,0.6670912504196167,100.0
1408,1408,9,SETrain1-Moses,hsplit,71.64977632833099,44.97038300677019,-13.72848484848485,0.6982227563858032,97.680760612133,1.9910308250381463,0.49113981154281355,0.9618902872585071,0.6911133380897826,0.7402902325642662,0.5533203095473624,-0.5652261972427368,20.0
1409,1409,10,SETrain1-Moses,hsplit,53.81127111109757,67.43579415821311,-21.84000000000001,0.7558965682983398,12.390400221172372,3.6636167641980695,0.5102239268110458,0.9849072763190552,0.890321539855101,0.821186792142255,0.5783441203871583,-0.9404469728469848,33.33333333333333
1410,1410,11,SETrain1-Moses,hsplit,50.4602224174827,65.1259992917099,-6.725263157894738,0.3209779560565948,129.58653583992898,2.045058759952814,0.5153893748747885,0.9309141887951721,0.5463133808607484,0.6905760264063375,0.5090410303147066,0.8994770050048828,50.0
1411,1411,12,SETrain1-Moses,hsplit,93.91044157537527,32.065362963950896,-9.130000000000004,0.953506588935852,63.88672828521814,1.6703537469215142,0.49999999999962297,1.0,0.8629841436202931,0.8154225146388167,0.4648807247479757,1.275882601737976,33.33333333333333
1412,1412,13,SETrain1-Moses,hsplit,77.7811122305422,71.47342721420637,-7.163333333333334,0.8325281143188477,26.80060580384264,2.9831835519359404,0.499999999999664,1.0,0.9638116398260302,0.8522387922532443,0.7944272613083875,0.9747597575187684,50.0
1413,1413,14,SETrain1-Moses,hsplit,72.8041078836301,70.94040114516756,-13.810000000000004,0.765471875667572,55.46540361406091,2.056780175713342,0.4999999999995665,1.0,0.8850450234040537,0.8232668043536165,0.4959486807235563,0.2449894845485687,100.0
1414,1414,15,SETrain1-Moses,hsplit,61.74459472770462,56.103147493470686,-9.825,0.773965060710907,36.32967557717997,2.2640377824995195,0.4999999999996817,1.0,1.0,0.8660254037843774,0.7613360837653831,0.7209144830703735,100.0
1415,1415,16,SETrain1-Moses,hsplit,91.93227152249176,81.37673229387333,-3.355714285714285,0.940155267715454,12.905608833834073,3.609547658136389,0.499999999999697,1.0,0.9491812537948106,0.846747709878841,0.874327152147495,2.6130220890045166,100.0
1416,1416,17,SETrain1-Moses,hsplit,90.36020036098444,30.66473573976588,-4.823333333333334,0.8807502985000609,30.8107115087339,3.077817765222748,0.4999999999997274,1.0,1.0,0.8660254037843862,0.8396272659301758,1.5012624263763428,50.0
1417,1417,18,SETrain1-Moses,hsplit,80.91067115702207,72.66414141414141,-10.740000000000002,0.9207056164741516,61.81988890424019,2.368450692441,0.4999999999997364,1.0,1.0,0.8660254037843879,0.4803538786040412,1.4710439443588257,100.0
1418,1418,19,SETrain1-Moses,hsplit,89.31539818068698,68.99964334390563,-8.009090909090911,0.8463141322135925,92.33264637941078,1.6840108586759708,0.49999999999969025,1.0,1.0,0.8660254037843791,0.4969572689798143,1.1946790218353271,100.0
1419,1419,20,SETrain1-Moses,hsplit,74.43733193120507,71.42780716601219,-6.725263157894738,0.820761501789093,27.72653345236055,2.5010335577129763,0.4999999999996689,1.0,0.966246065333682,0.853157167774006,0.7652403016885122,1.0592174530029297,50.0
1420,1420,21,SETrain1-Moses,hsplit,33.14559338934352,56.72638707519102,-2.846666666666668,0.6688498854637146,41.48450984384987,2.469586728023708,0.4819607246958568,1.0,0.6231767289049248,0.7349910148199087,0.8405369548570543,3.739137649536133,83.33333333333333
1421,1421,22,SETrain1-Moses,hsplit,74.92587131922659,84.10902255639098,-8.39294117647059,0.8622851967811584,98.33146791515858,1.5395636860111734,0.4999999999996358,1.0,1.0,0.8660254037843685,0.8385026049613953,0.8753992319107056,33.33333333333333
1422,1422,23,SETrain1-Moses,hsplit,95.3358935105968,73.68185008321908,-9.284347826086956,0.8367770314216614,60.236990799908526,2.4725874718270404,0.4999999999996036,1.0,1.0,0.8660254037843623,0.8566987926577345,1.6016011238098145,33.33333333333333
1423,1423,24,SETrain1-Moses,hsplit,93.51334836242394,72.1554546326866,-7.698823529411764,0.9497602581977844,53.60072609003699,2.5794467734605613,0.4999999999996266,1.0,0.8562438630616513,0.8130505423056155,0.4897525012493134,0.6742220520973206,50.0
1424,1424,25,SETrain1-Moses,hsplit,70.11020444900426,64.56572362134041,-16.065,0.6652536392211914,159.72398431029654,1.5185871615716922,0.49184262039117743,0.9683151863574266,0.7130277919918901,0.7501004589423357,0.4892215233826066,-0.8980643749237059,100.0
1425,1425,26,SETrain1-Moses,hsplit,80.40485692593748,79.51784766531463,-11.110370370370374,0.8043450713157654,45.63396320768635,2.16376355854352,0.49999999999955985,1.0,0.9217232082640678,0.8365750957828324,0.5511849793520841,1.0748131275177002,50.0
1426,1426,27,SETrain1-Moses,hsplit,58.08553471126179,60.161158739590114,-7.848000000000002,0.6633543372154236,68.80822190191384,2.08833645883124,0.5006601143654216,0.9223507924632777,0.7508589809405691,0.7450236559405665,0.6440208409872119,1.207536697387695,46.875
1427,1427,28,SETrain1-Moses,hsplit,68.21119450371219,76.1108658308929,-12.29818181818182,0.5394757390022278,207.70091739518105,1.4040166611600935,0.5045375454995078,0.858209530404159,0.4756714103443667,0.6370099485131542,0.6784246670643962,0.3285224735736847,37.5
1428,1428,29,SETrain1-Moses,hsplit,71.89085812023328,69.90614328704167,-6.310588235294119,0.8358284235000609,20.68407065845908,3.1071029550730915,0.49999999999962375,1.0,0.8562438630616513,0.8130505423056149,0.6983725527922312,2.824469804763794,50.0
1429,1429,30,SETrain1-Moses,hsplit,66.45926962686308,73.71104388073296,-7.698823529411764,0.8127965927124023,58.84951526016491,1.7396905147408404,0.502969334331966,1.0,0.7679209497713072,0.7837262992431323,0.833978403781457,1.428006649017334,50.0
1430,1430,31,SETrain1-Moses,hsplit,93.51334836242394,82.60140043545216,-8.39294117647059,0.9556393027305604,41.55333675949723,2.910632689448214,0.4999999999996282,1.0,0.8310796714321521,0.8042995752552656,0.6898110787073771,2.0980327129364014,100.0
1431,1431,32,SETrain1-Moses,hsplit,42.848874823535326,62.86143933345806,-11.849565217391303,0.6621557474136353,171.85929050366673,1.5387569029969763,0.48073433405024957,0.9896340932859006,0.5964301234849961,0.7225441233882932,0.6287686555631259,1.863628625869751,50.0
1432,1432,33,SETrain1-Moses,hsplit,79.12619863720215,67.17793013516699,-12.314736842105264,0.8534080982208252,71.59243543455172,2.0026092947189413,0.4999999999996274,1.0,0.8539052547867927,0.8122303007054351,0.7325299883645678,-0.1264040321111679,100.0
1433,1433,34,SETrain1-Moses,hsplit,91.21679090703871,64.79046416546417,-5.818461538461541,0.9256110191345216,75.42646922656081,1.3641410493024488,0.49999999999971406,1.0,0.8987464483806931,0.8281998910240256,0.6382051706314087,1.1043870449066162,50.0
1434,1434,35,SETrain1-Moses,hsplit,88.66029039778034,72.95765977068767,-15.51636363636364,0.8929280042648315,92.26341687342286,1.7383841836259282,0.5094115452188813,0.9828566679676599,0.9200608506770518,0.831067450355136,0.6623160225540509,0.4495885074138641,100.0
1435,1435,36,SETrain1-Moses,hsplit,81.79966936311645,51.23848401403594,-15.532258064516126,0.7756796479225159,56.83062211090114,2.2936446382282085,0.5013747770423223,0.9414624431285723,0.7198371321654229,0.7429431776656945,0.6866456113594037,0.1232560276985168,37.5
1436,1436,37,SETrain1-Moses,hsplit,94.85438370694511,82.14942901701589,-13.952380952380953,0.93572735786438,40.7512158402274,2.6572335677040706,0.499999999999576,1.0,0.8271435781229007,0.8029459298586116,0.8275653287768364,0.0063722785562276,50.0
1437,1437,38,SETrain1-Moses,hsplit,91.9719048477977,77.15879780378123,-10.501428571428573,0.7791685461997986,61.59893425884121,2.301828589700413,0.49999999999947736,1.0,0.959425654374591,0.8505875589402088,0.7338607297451407,1.6252009868621826,16.666666666666664
1438,1438,39,SETrain1-Moses,hsplit,84.08964152537146,30.45325045325045,-0.8049999999999997,0.8886639475822449,92.37606783595314,1.310940832565472,0.4999999999997667,1.0,1.0,0.8660254037843937,0.3557531138261159,3.5393378734588623,100.0
1439,1439,40,SETrain1-Moses,hsplit,79.64269516620871,30.277120184052148,-18.51913043478261,0.8757233619689941,100.34731644345956,1.8811573937764885,0.4999999999995629,1.0,0.8499160394323872,0.8108344002906303,0.7140460926956601,-0.9228975772857666,28.7037037037037
1440,1440,41,SETrain1-Moses,hsplit,86.33493061860986,28.478081479655696,-17.415000000000006,0.8083577156066895,52.43833355825838,2.1877871605666286,0.5006153076202112,0.9660394364531772,0.8000165742092422,0.7797167002648981,0.4244032190414429,-0.8293472528457642,20.0
1441,1441,42,SETrain1-Moses,hsplit,72.41577342575832,65.232678564815,-7.566666666666666,0.8932754993438721,88.09694893848815,1.9267164254592224,0.49999999999971995,1.0,0.8596672499955091,0.8142538057867381,0.7982152068047298,0.8604292869567871,50.0
1442,1442,43,SETrain1-Moses,hsplit,85.23093348287141,80.47136671249949,-14.467027027027026,0.8835105895996094,24.93059305244912,2.3290967155383844,0.499999999999403,1.0,0.9847505286315478,0.8601809119093331,0.8059989403164575,0.242605522274971,100.0
1443,1443,44,SETrain1-Moses,hsplit,100.00000000000004,92.41402116402116,-5.041428571428573,0.897551953792572,81.78783788835776,1.928696564483508,0.49999999999967315,1.0,0.834195735193437,0.8053741417532996,0.6625088453292847,3.4160497188568115,100.0
1444,1444,45,SETrain1-Moses,hsplit,65.4628218389212,62.29389533195234,-12.828571428571427,0.7098689675331116,142.354459484611,1.3371984509420354,0.5021740020721948,1.0,0.8061553263875634,0.7962548039876522,0.7166183060326544,0.0309922359883785,50.0
1445,1445,46,SETrain1-Moses,hsplit,93.91044157537527,64.91693053628808,-9.130000000000004,0.9148151874542236,76.83659342561288,1.8757184327722327,0.49999999999966,1.0,0.8232409668812207,0.8016079028118396,0.648800907863511,0.518033504486084,50.0
1446,1446,47,SETrain1-Moses,hsplit,72.02093506938778,39.62962958841154,-7.232173913043479,0.7346503734588623,72.42767530199711,1.7215516699436209,0.48768128965349605,0.9461696312472679,0.7775004782362133,0.7610468678143785,0.5917436038868296,0.3167957663536072,50.0
1447,1447,48,SETrain1-Moses,hsplit,78.47574847738748,36.56014233780478,-11.342307692307696,0.73641437292099,49.15743537106844,2.57128197651645,0.4999999999995634,1.0,0.8539052547867927,0.812230300705422,0.6583525929186079,0.4788624942302704,50.0
1448,1448,49,SETrain1-Moses,hsplit,70.0418991088418,79.9774618740136,-6.780000000000001,0.842268705368042,74.07923399850915,1.7535838231873682,0.49999999999969774,1.0,0.9538385856562642,0.8484904335517363,0.8265481094519297,1.853734254837036,50.0
1449,1449,50,SETrain1-Moses,hsplit,89.42243145168119,78.68841719323095,-8.008181818181821,0.8075450658798218,60.09262874245334,2.2036276856094723,0.523917312921548,0.945709563544548,0.7263436968685402,0.7519820687887029,0.6485033916930358,0.7971230745315552,50.0
1450,1450,51,SETrain1-Moses,hsplit,68.8836505346656,32.19566641561527,-6.104210526315793,0.8149159550666809,74.65561667392647,1.8184795136244465,0.49999999999966355,1.0,0.8539052547867927,0.8122303007054426,0.7913440050902191,0.4524776339530945,100.0
1451,1451,52,SETrain1-Moses,hsplit,67.78670582352336,79.63686600586246,-16.589090909090913,0.8310850858688354,37.62484359210895,2.7787504937559326,0.5091192637050964,0.990151384319508,0.8687236562557119,0.8153287638500495,0.5664817760009615,-0.7531219720840454,33.33333333333333
1452,1452,53,SETrain1-Moses,hsplit,62.63097913318162,56.80096219569904,-9.080909090909092,0.7009689211845398,124.57099964163766,1.217796472061667,0.4999999999995565,1.0,1.0,0.8660254037843532,0.5485073225365744,0.7960946559906006,50.0
1453,1453,54,SETrain1-Moses,hsplit,47.83348489822017,61.54843408481848,-9.995,0.6041640639305115,154.19132162237509,1.4730512085664282,0.4930200553657945,0.945611985352183,0.6115922334264728,0.7097642476724624,0.7000833181166967,0.3180960118770599,43.75
1454,1454,55,SETrain1-Moses,hsplit,35.86437828491032,51.47438287294711,-18.087142857142855,0.5176418423652649,90.81568180914311,2.184782705487424,0.5023961191262798,0.8538484394308351,0.5464331940321191,0.6532095767750099,0.6249238657559772,-1.0020008087158203,20.3125
1455,1455,56,SETrain1-Moses,hsplit,51.30663189851112,63.488166702666575,-17.388333333333332,0.4882923364639282,49.40354922610367,2.4980394008180244,0.5178413194218612,0.9647890446630017,0.6311472530740566,0.7296858657132874,0.3768515711354015,-0.2116187959909439,50.0
1456,1456,57,SETrain1-Moses,hsplit,44.511023261452166,61.83462111045717,-8.333333333333332,0.5872430205345154,64.50900268005644,1.9967678693472544,0.49999999999961464,1.0,0.852208908566192,0.8116362124004397,0.5575569357190814,1.4984105825424194,50.0
1457,1457,58,SETrain1-Moses,hsplit,84.66657105524214,77.1158792110045,-17.288,0.911137044429779,51.387855231786965,2.405815390355671,0.49999999999953537,1.0,0.8710090609485951,0.8182617316103874,0.749252630604638,-0.4544004201889038,23.4375
1458,1458,59,SETrain1-Moses,hsplit,72.93758169757733,67.75232907282926,-15.043703703703706,0.7020919919013977,76.37931825248553,1.7607524829897925,0.4760286054020736,0.9088629647516835,0.7032563998823393,0.7181468479899571,0.376208348305505,-0.6011338233947754,50.0
1459,1459,60,SETrain1-Moses,hsplit,90.86549610666287,72.61796808702597,-14.514285714285714,0.8542772531509399,88.08342343347175,1.8902654765992144,0.4826222554433617,1.0,0.8274868552454147,0.7995120880998159,0.7545724977576544,0.0991644561290741,20.3125
1460,1460,61,SETrain1-Moses,hsplit,69.62583788234936,69.92087825744994,-14.214634146341464,0.4298698008060455,127.12046903757845,1.7386837751914284,0.5046870712057822,0.9357617624894636,0.7532896985377232,0.7522864006708064,0.1759999969175884,0.0201915707439184,100.0
1461,1461,62,SETrain1-Moses,hsplit,76.67124947826547,73.4207767424687,-9.98076923076923,0.840323805809021,57.11116315865154,2.116694972060901,0.49999999999950695,1.0,0.8382616395675669,0.8067801386519982,0.6902886341068061,1.3157414197921753,30.555555555555557
1462,1462,63,SETrain1-Moses,hsplit,81.53551038173119,71.77178880206083,-8.350000000000005,0.8837969899177551,159.2673596305249,1.517926617000331,0.49999999999963873,1.0,1.0,0.8660254037843691,0.9017137421502008,2.5832135677337646,50.0
1463,1463,64,SETrain1-Moses,hsplit,73.98250890462656,70.69419612851152,-5.5238095238095255,0.7288221120834351,35.26013346438428,2.3495423860473004,0.4999999999996496,0.922182649431038,0.9683745714613768,0.8242512055525111,0.8005903894371458,1.879265069961548,100.0
1464,1464,65,SETrain1-Moses,hsplit,90.36020036098444,71.98684843421687,-4.823333333333334,0.9335945844650269,585.1120010490367,-0.2567893326319849,0.49999999999973754,1.0,0.8539052547867927,0.8122303007054578,0.7032272572870607,2.501507043838501,100.0
1465,1465,66,SETrain1-Moses,hsplit,53.62493366736773,63.68741853512694,-14.169629629629634,0.6729437708854675,76.4640793251977,2.0591226010249923,0.5028446966724626,0.902202487932482,0.7799315997104014,0.7472428026708157,0.5218102622290832,-0.6711474657058716,21.875
1466,1466,67,SETrain1-Moses,hsplit,81.79525260739669,73.47519954283159,-13.416666666666668,0.7041339874267578,89.02322792556382,1.478101406027509,0.4976396898830521,0.9415007474922307,0.95044018161964,0.8240965674224721,0.7737595867302883,-0.0036540087312459,21.875
1467,1467,68,SETrain1-Moses,hsplit,67.0342089635179,70.55137844611528,-4.910769230769231,0.6406955122947693,671.7823642559964,-0.2516180662796548,0.4965351305439887,0.8945751633152877,0.6285742593186473,0.6932814383213827,0.6038588304762487,2.0835185050964355,100.0
1468,1468,69,SETrain1-Moses,hsplit,52.470012836017496,57.556879602006205,-11.22636363636364,0.7680569887161255,169.76532752105862,1.4345890470642335,0.5114138052340623,0.9263137109113916,0.5877090666961167,0.6988092534884458,0.7351922564374553,0.4099726974964142,50.0
1469,1469,70,SETrain1-Moses,hsplit,90.36020036098444,31.645396526268787,-5.806666666666668,0.8652358651161194,20.551574093644486,2.241474986259554,0.4999999999997264,1.0,1.0,0.866025403784386,0.4298122028509776,3.6311986446380615,50.0
1470,1470,1,SETrain1-Moses_LM,hsplit,75.88219307807057,74.01459689794366,-19.63714285714286,0.821069061756134,59.60235708916084,2.146997842207864,0.5021828646670212,1.0,0.8302344438740844,0.8044619032537808,0.8940577213480605,-0.977161169052124,50.0
1471,1471,2,SETrain1-Moses_LM,hsplit,60.96975855248032,67.05692126752268,-11.342307692307696,0.4711191356182098,99.68588361916784,1.7668628504770003,0.5193364205437654,0.8249886309755832,0.6105558948490633,0.6641021657539142,0.6669482069986838,0.8749850988388062,25.92592592592592
1472,1472,3,SETrain1-Moses_LM,hsplit,93.91044157537527,80.12312608264631,-5.196666666666669,0.9436307549476624,132.09937214206582,0.9041495352609614,0.499999999999693,1.0,1.0,0.8660254037843795,0.9219901274751736,2.344151735305786,100.0
1473,1473,4,SETrain1-Moses_LM,hsplit,52.81699820180628,50.01579386389514,-9.825,0.6769503951072693,57.905983689865415,2.2406598123719426,0.5301050337057075,0.9558722825790956,0.7297015380259154,0.7587637976692716,0.5311036219199499,1.546541452407837,33.33333333333333
1474,1474,5,SETrain1-Moses_LM,hsplit,54.35574822991722,54.73965707358965,-5.993333333333336,0.5937743782997131,210.2178830647333,0.7059130428139544,0.5243118067456226,1.0,0.5646845561213162,0.7288739073883737,0.6386583111720321,2.4583852291107178,25.0
1475,1475,6,SETrain1-Moses_LM,hsplit,64.07117598241615,58.51535078727125,0.0,0.8027830719947815,102.1648199382557,1.9473960080383097,0.505085133466192,1.0,0.5969046391882583,0.7328952040442129,0.7459950278202694,3.8190159797668457,100.0
1476,1476,7,SETrain1-Moses_LM,hsplit,91.21679090703871,74.93814664867297,-6.726153846153847,0.927379310131073,41.11563504873945,2.3030357194818496,0.499999999999719,1.0,1.0,0.8660254037843845,0.6645540992418925,0.6918296813964844,100.0
1477,1477,8,SETrain1-Moses_LM,hsplit,71.85159346390671,66.28348384972635,-9.264,0.7549981474876404,121.84167476129758,1.2219475183942965,0.500435998972129,1.0,0.8330007790307501,0.8050520660042366,0.5342670728762945,0.6704851388931274,100.0
1478,1478,9,SETrain1-Moses_LM,hsplit,76.77987293977583,52.95238472405492,-14.00967741935484,0.7167390584945679,87.73361777491299,2.1113419139141687,0.5008138731470725,1.0,0.6821929897329976,0.7563512876032797,0.5821944548300021,-0.1745239049196243,20.0
1479,1479,10,SETrain1-Moses_LM,hsplit,46.19844173382927,65.49350223647954,-22.70555555555556,0.7357603311538696,19.73060177815632,3.3846439547877343,0.5110031539045327,0.9849072763190552,0.6899620051544246,0.7543681980755625,0.5564068513017855,-0.8948504328727722,33.33333333333333
1480,1480,11,SETrain1-Moses_LM,hsplit,51.14441612224408,64.99986241720701,-5.862727272727272,0.3516377210617065,163.9598814782738,1.871001792953609,0.5270857096860002,1.0,0.08923157871571132,0.654670812952406,0.4993393518030644,1.7466373443603516,50.0
1481,1481,12,SETrain1-Moses_LM,hsplit,93.91044157537527,32.065362963950896,-9.130000000000004,0.953506588935852,63.88672828521814,1.6703537469215142,0.49999999999962297,1.0,0.8629841436202931,0.8154225146388167,0.4648807247479757,1.275882601737976,33.33333333333333
1482,1482,13,SETrain1-Moses_LM,hsplit,82.82477531331044,76.19191181586291,-7.698823529411764,0.8285677433013916,34.3646217415026,2.866411027005088,0.5015866783949684,1.0,0.7797378583008222,0.7873119507985913,0.7930203162961535,0.9410392045974731,50.0
1483,1483,14,SETrain1-Moses_LM,hsplit,68.61494642985585,70.10712237818161,-14.294285714285715,0.7752191424369812,71.20591464131337,1.931185589506628,0.5002241987753494,1.0,0.8030780780352242,0.7948078695427363,0.4593090905685617,0.1898887604475021,100.0
1484,1484,15,SETrain1-Moses_LM,hsplit,61.298801315156354,62.557044037774254,-10.713333333333336,0.7837147712707521,36.40413820250608,2.392524584145012,0.5280178718762859,1.0,0.9396372341667174,0.8488661073952791,0.7870172615404482,0.5759912729263306,100.0
1485,1485,16,SETrain1-Moses_LM,hsplit,91.93227152249176,81.37673229387333,-3.355714285714285,0.940155267715454,12.905608833834073,3.609547658136389,0.499999999999697,1.0,0.9491812537948106,0.846747709878841,0.874327152147495,2.6130220890045166,100.0
1486,1486,17,SETrain1-Moses_LM,hsplit,64.07117598241615,24.49198795803011,-5.863636363636362,0.8936237096786499,45.55343541649584,2.849733040498297,0.5035556702444813,1.0,0.8021237955268995,0.7951877967679182,0.6651233662333753,1.572362184524536,50.0
1487,1487,18,SETrain1-Moses_LM,hsplit,80.91067115702207,72.66414141414141,-10.740000000000002,0.9207056164741516,61.81988890424019,2.368450692441,0.4999999999997364,1.0,1.0,0.8660254037843879,0.4803538786040412,1.4710437059402466,100.0
1488,1488,19,SETrain1-Moses_LM,hsplit,59.54165059120785,51.34124746352358,-9.55,0.8557245135307312,115.21725224898466,1.6726574167576962,0.5122034140741079,1.0,0.8946774245843339,0.8292165039863489,0.4565182626247406,1.149669170379639,100.0
1489,1489,20,SETrain1-Moses_LM,hsplit,77.7811122305422,73.20596388640375,-7.163333333333334,0.8463410139083862,32.63895568295066,2.4295723787891226,0.5016540796504586,1.0,0.8985684544761435,0.8284688855572859,0.7453500044842561,1.0592213869094849,50.0
1490,1490,21,SETrain1-Moses_LM,hsplit,33.14559338934352,56.72638707519102,-2.846666666666668,0.6688498854637146,41.48450984384987,2.469586728023708,0.4819607246958568,1.0,0.6231767289049248,0.7349910148199087,0.8405369548570543,3.739137887954712,83.33333333333333
1491,1491,22,SETrain1-Moses_LM,hsplit,74.92587131922659,84.10902255639098,-8.39294117647059,0.8622851967811584,98.33146791515858,1.5395636860111734,0.4999999999996358,1.0,1.0,0.8660254037843685,0.8385026049613953,0.8753998279571533,33.33333333333333
1492,1492,23,SETrain1-Moses_LM,hsplit,74.93731939490364,67.32169409397903,-10.019047619047624,0.8332415223121643,96.61177666625238,2.222858164085688,0.5059253258104072,1.0,0.783280422632209,0.7894066665910666,0.8677650553576741,1.8075239658355715,33.33333333333333
1493,1493,24,SETrain1-Moses_LM,hsplit,93.51334836242394,72.1554546326866,-7.698823529411764,0.9497602581977844,53.60072609003699,2.5794467734605613,0.4999999999996266,1.0,0.8562438630616513,0.8130505423056155,0.4897525012493134,0.6742222905158997,50.0
1494,1494,25,SETrain1-Moses_LM,hsplit,55.45903794429319,64.96065143866575,-16.433750000000007,0.6099795699119568,300.7587248880767,1.1532927808650375,0.578390727014814,0.9781934581270711,0.476220516369449,0.7113799394675365,0.4466162082401117,-0.6974930167198181,100.0
1495,1495,26,SETrain1-Moses_LM,hsplit,65.23955893828106,70.72595079184512,-11.624000000000002,0.7863401770591736,76.6020258643548,1.8062352207108832,0.5021601399115773,1.0,0.7948819371683629,0.792464951938474,0.4714309732721309,0.8697515726089478,50.0
1496,1496,27,SETrain1-Moses_LM,hsplit,58.19726384799569,61.86828880938637,-8.028333333333332,0.6589652895927429,87.10380952473268,1.95343416859296,0.5010850973876515,0.9223507924632777,0.6546269128026402,0.7142253738951835,0.6442300505308992,1.3435420989990234,46.875
1497,1497,28,SETrain1-Moses_LM,hsplit,54.67180016810234,75.54024969965738,-12.59,0.6060718297958374,185.1223363040664,1.6292875763720716,0.5093263836997916,0.9481532874572038,0.3088183107758763,0.6464716468954319,0.7375413264842734,1.2450493574142456,37.5
1498,1498,29,SETrain1-Moses_LM,hsplit,71.89085812023328,69.90614328704167,-6.310588235294119,0.8358284235000609,20.68407065845908,3.1071029550730915,0.49999999999962375,1.0,0.8562438630616513,0.8130505423056149,0.6983725527922312,2.824469804763794,50.0
1499,1499,30,SETrain1-Moses_LM,hsplit,66.45926962686308,73.71104388073296,-7.698823529411764,0.8127965927124023,58.84951526016491,1.7396905147408404,0.502969334331966,1.0,0.7679209497713072,0.7837262992431323,0.833978403781457,1.428006649017334,50.0
1500,1500,31,SETrain1-Moses_LM,hsplit,93.51334836242394,82.60140043545216,-8.39294117647059,0.9556393027305604,41.55333675949723,2.910632689448214,0.4999999999996282,1.0,0.8310796714321521,0.8042995752552656,0.6898110787073771,2.0980324745178223,100.0
1501,1501,32,SETrain1-Moses_LM,hsplit,42.848874823535326,62.86143933345806,-11.849565217391303,0.6621557474136353,171.85929050366673,1.5387569029969763,0.48073433405024957,0.9896340932859006,0.5964301234849961,0.7225441233882932,0.6287686555631259,1.8636287450790403,50.0
1502,1502,33,SETrain1-Moses_LM,hsplit,79.4069318995806,72.16744741302186,-13.063333333333333,0.8564152717590332,100.07947903350237,1.7755859211944625,0.5051566797193492,1.0,0.7052223266263917,0.7643127198203229,0.6856980917472688,-0.0317871198058128,100.0
1503,1503,34,SETrain1-Moses_LM,hsplit,91.21679090703871,64.79046416546417,-5.818461538461541,0.9256110191345216,75.42646922656081,1.3641410493024488,0.49999999999971406,1.0,0.8987464483806931,0.8281998910240256,0.6382051706314087,1.1043869256973269,50.0
1504,1504,35,SETrain1-Moses_LM,hsplit,71.64977632833099,64.39951269387055,-9.825,0.8126617074012756,123.5176225564993,1.6104940042217224,0.5293756493854398,1.0,0.7555942549721001,0.7855276902204231,0.7354644743571763,1.4475218057632446,100.0
1505,1505,36,SETrain1-Moses_LM,hsplit,72.13074143345197,47.11347108198808,-16.064827586206903,0.7241392135620117,81.51440263821706,2.0805197524486783,0.5015127650419111,0.9414624431285723,0.6417875872781452,0.7187391489049664,0.6985069847471359,0.4441919624805449,37.5
1506,1506,37,SETrain1-Moses_LM,hsplit,81.60528832434373,78.16843071296216,-14.630000000000004,0.8792984485626221,60.91366250536876,2.350110275716431,0.4969684014055474,1.0,0.6727590740314676,0.7526801807955494,0.8059259116097733,-0.0260752737522125,50.0
1507,1507,38,SETrain1-Moses_LM,hsplit,73.61817684308555,73.69017526632565,-10.888461538461542,0.7790491580963135,101.0185809842842,1.9649071619310403,0.5007266682707747,1.0,0.8507136038292987,0.8112625617019813,0.7082237641292589,1.5306050777435305,16.666666666666664
1508,1508,39,SETrain1-Moses_LM,hsplit,84.08964152537146,30.45325045325045,-0.8049999999999997,0.8886639475822449,92.37606783595314,1.310940832565472,0.4999999999997667,1.0,1.0,0.8660254037843937,0.3557531138261159,3.5393383502960205,100.0
1509,1509,40,SETrain1-Moses_LM,hsplit,79.64269516620871,30.277120184052148,-18.51913043478261,0.8757233619689941,100.34731644345956,1.8811573937764885,0.4999999999995629,1.0,0.8499160394323872,0.8108344002906303,0.7140460926956601,-0.922897458076477,28.7037037037037
1510,1510,41,SETrain1-Moses_LM,hsplit,75.00450888873971,49.1420288667405,-17.65621621621621,0.7979924082756042,70.500547770597,2.001791025586834,0.5008276378093883,0.9660394364531772,0.777815749792824,0.7722387057989857,0.4320144598646332,-0.8724004030227661,20.0
1511,1511,42,SETrain1-Moses_LM,hsplit,72.41577342575832,65.232678564815,-7.566666666666666,0.8932754993438721,88.09694893848815,1.9267164254592224,0.49999999999971995,1.0,0.8596672499955091,0.8142538057867381,0.7982152068047298,0.8604291677474976,50.0
1512,1512,43,SETrain1-Moses_LM,hsplit,78.08152515471897,78.93085945257788,-14.580000000000002,0.8314435482025146,34.95678809331907,2.0659222199975704,0.498840574355578,1.0,0.7693675291528741,0.7833194992122098,0.7894476515906197,0.4973945021629334,100.0
1513,1513,44,SETrain1-Moses_LM,hsplit,81.49492131269727,76.18466658327341,-5.818461538461541,0.8898745775222778,143.1155196614881,1.5213084522252514,0.5033149220527962,1.0,0.6661746120248919,0.752133526369604,0.6295759316001619,3.460754156112672,100.0
1514,1514,45,SETrain1-Moses_LM,hsplit,51.98190011156096,60.06455762539795,-13.450000000000005,0.7131166458129883,217.92334064057405,1.015586587055498,0.4971512174716373,1.0,0.6751421247627867,0.7534313111055626,0.7147303920619342,-0.0856834724545478,50.0
1515,1515,46,SETrain1-Moses_LM,hsplit,78.09325628873462,50.26458218878461,-9.781176470588235,0.8904770612716675,101.64042748210728,1.724777063364458,0.5013425403024424,1.0,0.6824625321614722,0.7565490621942845,0.6188791042400731,0.5639208555221558,50.0
1516,1516,47,SETrain1-Moses_LM,hsplit,65.98997557898731,39.62962958841154,-6.803846153846155,0.7260119915008545,66.44150684431771,1.8602889738996613,0.5147309701121326,1.0,0.3250706685659617,0.6759237903675478,0.5716631732260187,1.0094318389892578,50.0
1517,1517,48,SETrain1-Moses_LM,hsplit,71.6175739021126,47.40769652352293,-11.96166666666667,0.6962541937828064,100.19388536382544,2.0731739698657505,0.5013417163977927,1.0,0.702316299357738,0.7625815149748981,0.4035856841339005,0.3617788255214691,50.0
1518,1518,49,SETrain1-Moses_LM,hsplit,69.80320829375147,82.84509512579687,-7.570000000000004,0.8506054282188416,121.58967144259655,1.385129486179152,0.4950289588516382,1.0,0.7572273811919761,0.778555709188194,0.8091692220833566,1.9314429759979248,50.0
1519,1519,50,SETrain1-Moses_LM,hsplit,68.17122151226755,70.4605416036337,-8.73,0.804026186466217,60.78863222537504,2.332494055444116,0.5275280467431785,0.945709563544548,0.6279611272190382,0.7227234593255565,0.7504032651583354,0.6956615447998047,50.0
1520,1520,51,SETrain1-Moses_LM,hsplit,53.78109430133185,43.808608497394886,-3.689705882352943,0.7018656134605408,159.96125370307345,1.2384436712127764,0.5267925522554432,1.0,0.5830120400431561,0.7342600429337203,0.6297755263312153,1.0374431610107422,100.0
1521,1521,52,SETrain1-Moses_LM,hsplit,70.01216616406218,79.34034270264992,-11.00983870967742,0.8525524139404297,51.759466932222175,2.5829375782363004,0.5139239106062323,0.990151384319508,0.8336090395177855,0.804035981891442,0.5337599669515141,0.3787996172904968,33.33333333333333
1522,1522,53,SETrain1-Moses_LM,hsplit,62.655041821778354,63.12032581387421,-9.45714285714286,0.7031366229057312,163.8764823272741,1.045655254761782,0.5024280193515722,1.0,0.8767838626823177,0.8208093275318106,0.5716460095511543,0.7453429102897644,50.0
1523,1523,54,SETrain1-Moses_LM,hsplit,48.257325684526826,61.01338831509448,-9.362222222222227,0.5711469650268555,148.1692777353476,1.5716572801348867,0.5731885438468474,1.0,0.5678807307196259,0.7418521036612634,0.6530229876539122,0.8248645067214966,43.75
1524,1524,55,SETrain1-Moses_LM,hsplit,35.89772295978409,54.85976206647211,-17.350000000000005,0.5183658599853516,98.6987231856623,2.203069794897126,0.5134619648867229,0.8784435847363702,0.39300196947189214,0.6297504450067515,0.6079321629294793,-0.9061430096626282,20.3125
1525,1525,56,SETrain1-Moses_LM,hsplit,35.988972238148364,61.09751614642115,-16.821860465116274,0.4624052047729492,124.14221730017331,1.8309493402178827,0.5183671895850047,0.9647890446630017,0.3923245463254411,0.6716747708996934,0.3425018098741892,-0.3220953941345215,50.0
1526,1526,57,SETrain1-Moses_LM,hsplit,44.00390726125445,63.97254072509777,-8.73,0.5757344961166382,81.47006506205219,1.8662876917878284,0.501002534298992,1.0,0.7743869116870523,0.7854252836025043,0.4765971615200951,1.8336528539657595,50.0
1527,1527,58,SETrain1-Moses_LM,hsplit,84.66657105524214,77.1158792110045,-17.288,0.911137044429779,51.387855231786965,2.405815390355671,0.49999999999953537,1.0,0.8710090609485951,0.8182617316103874,0.749252630604638,-0.4544003903865814,23.4375
1528,1528,59,SETrain1-Moses_LM,hsplit,71.30155169712606,65.10553692262748,-14.519230769230768,0.6426389217376709,112.36823084883524,1.4204516177832551,0.4806571260610716,0.8976823074461071,0.6461587305969276,0.6962724330465504,0.4613232714413238,-0.4541254043579102,50.0
1529,1529,60,SETrain1-Moses_LM,hsplit,90.86549610666287,72.61796808702597,-14.514285714285714,0.8542772531509399,88.08342343347175,1.8902654765992144,0.4826222554433617,1.0,0.8274868552454147,0.7995120880998159,0.7545724977576544,0.0991644561290741,20.3125
1530,1530,61,SETrain1-Moses_LM,hsplit,22.09354723309793,52.73033872888779,-8.008636363636366,0.3197281360626221,569.4591125800887,0.6631360516966822,0.5891265708088059,0.9357617624894636,0.41020505336517954,0.6809278910370906,0.192436452895876,1.6156259775161743,100.0
1531,1531,62,SETrain1-Moses_LM,hsplit,66.99065698148347,67.12932358461596,-10.208000000000002,0.8213251233100891,72.62504186054396,1.957207529193992,0.5006595397306545,1.0,0.7451459769006126,0.7758656459324382,0.6453189900838088,1.25805926322937,30.555555555555557
1532,1532,63,SETrain1-Moses_LM,hsplit,81.96501312471537,73.5377885440707,-9.140000000000004,0.8724350929260254,178.7601869410619,1.5194158887596492,0.5019921269481024,1.0,0.9303932912825801,0.8401642244191532,0.8896977338525984,2.6590139865875244,50.0
1533,1533,64,SETrain1-Moses_LM,hsplit,60.90829631034767,58.90302291069835,-5.780000000000001,0.7464448809623718,40.88331238341468,2.30225526632508,0.5011502193632663,0.922182649431038,0.8075014113758818,0.764554534931625,0.7828720514641869,1.9389374256134035,100.0
1534,1534,65,SETrain1-Moses_LM,hsplit,90.36020036098444,71.98684843421687,-4.823333333333334,0.9335945844650269,585.1120010490367,-0.2567893326319849,0.49999999999973754,1.0,0.8539052547867927,0.8122303007054578,0.7032272572870607,2.501507043838501,100.0
1535,1535,66,SETrain1-Moses_LM,hsplit,56.7115137124683,61.69841070803452,-8.666923076923077,0.6902632117271423,109.49668133266276,1.75124715781903,0.5404337776283441,0.9427428052354876,0.5375620567989958,0.6999537198355535,0.4556406739885959,-0.2447645068168639,23.4375
1536,1536,67,SETrain1-Moses_LM,hsplit,59.670202402638175,67.71319852715547,-14.169629629629634,0.6501984000205994,161.17349351731585,1.0984836698626756,0.5048686475123612,0.9415007474922307,0.881230331311588,0.7995588170136747,0.7719732786494273,-0.3023955821990967,21.875
1537,1537,68,SETrain1-Moses_LM,hsplit,50.30989330530425,65.68127542392249,-6.936363636363637,0.592345118522644,752.9272437056177,-0.5482980400680226,0.4961306474838077,1.0,0.8903446660515828,0.8243905311883858,0.4277726619568452,2.216301679611206,100.0
1538,1538,69,SETrain1-Moses_LM,hsplit,52.49017170303528,63.142856425917614,-11.704761904761904,0.7422203421592712,220.27315148596108,1.2902398394193797,0.5114138052340623,0.9263137109113916,0.4911202360340879,0.6734983933285945,0.6688257760311695,0.6858360171318054,50.0
1539,1539,70,SETrain1-Moses_LM,hsplit,90.36020036098444,31.645396526268787,-5.806666666666668,0.8652358651161194,20.551574093644486,2.241474986259554,0.4999999999997264,1.0,1.0,0.866025403784386,0.4298122028509776,3.6311986446380615,50.0
1540,1540,1,SETrain2-Moses,hsplit,76.16558815244116,72.5726811156307,-19.25081081081081,0.8165313005447388,61.50026248616538,2.0878339231038416,0.500153700020125,1.0,0.9021038709548866,0.8294466262988459,0.8591723507476113,-0.975791335105896,50.0
1541,1541,2,SETrain2-Moses,hsplit,66.90849531405021,66.38313143050942,-12.402758620689657,0.5930878520011902,63.64730791384451,2.4146647281774944,0.49909632774373786,0.9534935820317897,0.7913846911093261,0.7712623601743879,0.7829617727107683,0.3884162604808808,30.555555555555557
1542,1542,3,SETrain2-Moses,hsplit,93.91044157537527,80.12312608264631,-5.196666666666669,0.9436307549476624,132.09937214206582,0.9041495352609614,0.499999999999693,1.0,1.0,0.8660254037843795,0.9219901274751736,2.344151735305786,100.0
1543,1543,4,SETrain2-Moses,hsplit,66.8124885609822,56.16706382581065,-9.830526315789475,0.7569348812103271,48.050049518123465,2.2788494414549048,0.499999999999687,1.0,1.0,0.8660254037843784,0.5197906176249186,1.07151460647583,33.33333333333333
1544,1544,5,SETrain2-Moses,hsplit,71.3823086919509,43.245286207819824,-11.545714285714284,0.7286748290061951,53.5734234490493,1.864001484186856,0.49999999999950734,1.0,0.9152643759814905,0.8342079832472424,0.6860177827378114,0.3332691490650177,25.0
1545,1545,6,SETrain2-Moses,hsplit,63.40466277046863,50.84440405273739,0.0,0.7878513932228088,71.08761672357655,2.1042759515532143,0.49999999999972006,1.0,0.8323657214460987,0.8047427527349355,0.8021823396285376,3.288316011428833,100.0
1546,1546,7,SETrain2-Moses,hsplit,91.21679090703871,74.93814664867297,-6.726153846153847,0.927379310131073,41.11563504873945,2.3030357194818496,0.499999999999719,1.0,1.0,0.8660254037843845,0.6645540992418925,0.6918296813964844,100.0
1547,1547,8,SETrain2-Moses,hsplit,78.9753432553337,71.60648275185798,-9.073076923076924,0.7541890144348145,105.41562014246368,1.2908301350825166,0.4999999999995733,1.0,0.9025154083171837,0.8295649587282694,0.6274003734191259,0.6670912504196167,100.0
1548,1548,9,SETrain2-Moses,hsplit,80.29567848001706,33.28971005151726,-13.72848484848485,0.7403323650360107,54.34013561499703,2.5662822083824763,0.49999999999948264,1.0,0.8196119794536801,0.8003673733279116,0.5944532455117614,0.0814722180366516,20.0
1549,1549,10,SETrain2-Moses,hsplit,53.81127111109757,67.43579415821311,-21.84000000000001,0.7558965682983398,12.390400221172372,3.6636167641980695,0.5102239268110458,0.9849072763190552,0.890321539855101,0.821186792142255,0.5783441203871583,-0.9404469728469848,33.33333333333333
1550,1550,11,SETrain2-Moses,hsplit,63.516555527212894,67.9223481339115,-6.370000000000001,0.5126241445541382,28.86578749548313,3.4897890807097256,0.4999999999995686,1.0,0.820705507171015,0.8007408089805342,0.6034270758430164,2.289067029953003,50.0
1551,1551,12,SETrain2-Moses,hsplit,93.91044157537527,32.065362963950896,-9.130000000000004,0.953506588935852,63.88672828521814,1.6703537469215142,0.49999999999962297,1.0,0.8629841436202931,0.8154225146388167,0.4648807247479757,1.2758824825286863,33.33333333333333
1552,1552,13,SETrain2-Moses,hsplit,77.7811122305422,71.47342721420637,-7.163333333333334,0.8325281143188477,26.80060580384264,2.9831835519359404,0.499999999999664,1.0,0.9638116398260302,0.8522387922532443,0.7944272613083875,0.9747597575187684,50.0
1553,1553,14,SETrain2-Moses,hsplit,72.8041078836301,70.94040114516756,-13.810000000000004,0.765471875667572,55.46540361406091,2.056780175713342,0.4999999999995665,1.0,0.8850450234040537,0.8232668043536165,0.4959486807235563,0.244989350438118,100.0
1554,1554,15,SETrain2-Moses,hsplit,61.74459472770462,56.103147493470686,-9.825,0.773965060710907,36.32967557717997,2.2640377824995195,0.4999999999996817,1.0,1.0,0.8660254037843774,0.7613360837653831,0.7209145426750183,100.0
1555,1555,16,SETrain2-Moses,hsplit,91.93227152249176,81.37673229387333,-3.355714285714285,0.940155267715454,12.905608833834073,3.609547658136389,0.499999999999697,1.0,0.9491812537948106,0.846747709878841,0.874327152147495,2.6130220890045166,100.0
1556,1556,17,SETrain2-Moses,hsplit,90.36020036098444,30.66473573976588,-4.823333333333334,0.8807502985000609,30.8107115087339,3.077817765222748,0.4999999999997274,1.0,1.0,0.8660254037843862,0.8396272659301758,1.5012617111206057,50.0
1557,1557,18,SETrain2-Moses,hsplit,80.91067115702207,72.66414141414141,-10.740000000000002,0.9207056164741516,61.81988890424019,2.368450692441,0.4999999999997364,1.0,1.0,0.8660254037843879,0.4803538786040412,1.4710435867309568,100.0
1558,1558,19,SETrain2-Moses,hsplit,89.31539818068698,68.99964334390563,-8.009090909090911,0.8463141322135925,92.33264637941078,1.6840108586759708,0.49999999999969025,1.0,1.0,0.8660254037843791,0.4969572689798143,1.194678544998169,100.0
1559,1559,20,SETrain2-Moses,hsplit,74.43733193120507,71.42780716601219,-6.725263157894738,0.820761501789093,27.72653345236055,2.5010335577129763,0.4999999999996689,1.0,0.966246065333682,0.853157167774006,0.7652403016885122,1.0592172145843506,50.0
1560,1560,21,SETrain2-Moses,hsplit,40.40910164157909,58.98809366102552,-2.846666666666668,0.7188954353332521,21.572019169779768,2.948207515634084,0.4999999999997099,1.0,0.8191625434293492,0.8002139864972265,0.8594569109735035,3.5188796520233154,100.0
1561,1561,22,SETrain2-Moses,hsplit,74.92587131922659,84.10902255639098,-8.39294117647059,0.8622851967811584,98.33146791515858,1.5395636860111734,0.4999999999996358,1.0,1.0,0.8660254037843685,0.8385026049613953,0.8753998279571533,33.33333333333333
1562,1562,23,SETrain2-Moses,hsplit,95.3358935105968,73.68185008321908,-9.284347826086956,0.8367770314216614,60.236990799908526,2.4725874718270404,0.4999999999996036,1.0,1.0,0.8660254037843623,0.8566987926577345,1.601602554321289,33.33333333333333
1563,1563,24,SETrain2-Moses,hsplit,93.51334836242394,72.1554546326866,-7.698823529411764,0.9497602581977844,53.60072609003699,2.5794467734605613,0.4999999999996266,1.0,0.8562438630616513,0.8130505423056155,0.4897525012493134,0.6742222905158997,50.0
1564,1564,25,SETrain2-Moses,hsplit,86.0139140475865,68.45720775692824,-15.873939393939397,0.7853552103042603,75.78536332829091,2.1559884251917456,0.4999999999994109,1.0,0.8539052547867927,0.8122303007053907,0.5050196792516444,-0.2353496849536896,100.0
1565,1565,26,SETrain2-Moses,hsplit,80.40485692593748,79.51784766531463,-11.110370370370374,0.8043450713157654,45.63396320768635,2.16376355854352,0.49999999999955985,1.0,0.9217232082640678,0.8365750957828324,0.5511849793520841,1.0748131275177002,50.0
1566,1566,27,SETrain2-Moses,hsplit,68.80430849756435,63.20569136745608,-9.736,0.7984211444854736,39.260865850601824,2.6483558002911542,0.49999999999954897,1.0,0.8458299041944192,0.8094088844807444,0.8313209246046672,1.1359024047851562,50.0
1567,1567,28,SETrain2-Moses,hsplit,92.19602423775936,90.64028624785136,-12.29818181818182,0.7607737183570862,118.89011613519962,1.8413102123274028,0.4909109277793951,0.9481532874572038,0.7379108703048678,0.7493331809111389,0.7563251012137957,0.6148409843444824,37.5
1568,1568,29,SETrain2-Moses,hsplit,71.89085812023328,69.90614328704167,-6.310588235294119,0.8358284235000609,20.68407065845908,3.1071029550730915,0.49999999999962375,1.0,0.8562438630616513,0.8130505423056149,0.6983725527922312,2.824469804763794,50.0
1569,1569,30,SETrain2-Moses,hsplit,76.26229343602779,79.41318403592871,-7.163333333333334,0.8147372603416443,51.272645944101626,1.7817158931017794,0.49999999999962275,1.0,0.8629841436202931,0.8154225146388165,0.8558793722006379,1.3984471559524536,50.0
1570,1570,31,SETrain2-Moses,hsplit,93.51334836242394,82.60140043545216,-8.39294117647059,0.9556393027305604,41.55333675949723,2.910632689448214,0.4999999999996282,1.0,0.8310796714321521,0.8042995752552656,0.6898110787073771,2.0980324745178223,100.0
1571,1571,32,SETrain2-Moses,hsplit,42.60976752428753,63.08339002009467,-11.762727272727272,0.6680588126182556,115.4434967026224,1.9683816415956443,0.499999999999564,1.0,0.830571341107964,0.8041245244922053,0.6416982445773051,1.7993011474609375,50.0
1572,1572,33,SETrain2-Moses,hsplit,79.12619863720215,67.17793013516699,-12.314736842105264,0.8534080982208252,71.59243543455172,2.0026092947189413,0.4999999999996274,1.0,0.8539052547867927,0.8122303007054351,0.7325299883645678,-0.1264040321111679,100.0
1573,1573,34,SETrain2-Moses,hsplit,91.21679090703871,64.79046416546417,-5.818461538461541,0.9256110191345216,75.42646922656081,1.3641410493024488,0.49999999999971406,1.0,0.8987464483806931,0.8281998910240256,0.6382051706314087,1.1043870449066162,50.0
1574,1574,35,SETrain2-Moses,hsplit,96.82132340352992,81.47100276511783,-15.873939393939397,0.91123628616333,69.38599587414707,2.0957068736239868,0.4999999999994216,1.0,0.9538385856562642,0.8484904335516821,0.7984125191621,0.2053731083869934,100.0
1575,1575,36,SETrain2-Moses,hsplit,85.21019764478477,50.36339190125037,-15.532258064516126,0.8758282661437988,43.09971678982728,2.4806831826868208,0.49999999999944417,1.0,0.8249133195299162,0.8021807744594959,0.7258432830802697,0.0642661526799202,50.0
1576,1576,37,SETrain2-Moses,hsplit,94.85438370694511,82.14942901701589,-13.952380952380953,0.93572735786438,40.7512158402274,2.6572335677040706,0.499999999999576,1.0,0.8271435781229007,0.8029459298586116,0.8275653287768364,0.0063722785562276,50.0
1577,1577,38,SETrain2-Moses,hsplit,91.9719048477977,77.15879780378123,-10.501428571428573,0.7791685461997986,61.59893425884121,2.301828589700413,0.49999999999947736,1.0,0.959425654374591,0.8505875589402088,0.7338607297451407,1.62520170211792,16.666666666666664
1578,1578,39,SETrain2-Moses,hsplit,84.08964152537146,30.45325045325045,-0.8049999999999997,0.8886639475822449,92.37606783595314,1.310940832565472,0.4999999999997667,1.0,1.0,0.8660254037843937,0.3557531138261159,3.5393383502960205,100.0
1579,1579,40,SETrain2-Moses,hsplit,79.64269516620871,30.277120184052148,-18.51913043478261,0.8757233619689941,100.34731644345956,1.8811573937764885,0.4999999999995629,1.0,0.8499160394323872,0.8108344002906303,0.7140460926956601,-0.922897458076477,28.7037037037037
1580,1580,41,SETrain2-Moses,hsplit,86.33493061860986,28.478081479655696,-17.415000000000006,0.8083577156066895,52.43833355825838,2.1877871605666286,0.5006153076202112,0.9660394364531772,0.8000165742092422,0.7797167002648981,0.4244032190414429,-0.8293472528457642,20.0
1581,1581,42,SETrain2-Moses,hsplit,72.41577342575832,65.232678564815,-7.566666666666666,0.8932754993438721,88.09694893848815,1.9267164254592224,0.49999999999971995,1.0,0.8596672499955091,0.8142538057867381,0.7982152068047298,0.8604292869567871,50.0
1582,1582,43,SETrain2-Moses,hsplit,85.23093348287141,80.47136671249949,-14.467027027027026,0.8835105895996094,24.93059305244912,2.3290967155383844,0.499999999999403,1.0,0.9847505286315478,0.8601809119093331,0.8059989403164575,0.2426054924726486,100.0
1583,1583,44,SETrain2-Moses,hsplit,100.00000000000004,92.41402116402116,-5.041428571428573,0.897551953792572,81.78783788835776,1.928696564483508,0.49999999999967315,1.0,0.834195735193437,0.8053741417532996,0.6625088453292847,3.4160492420196533,100.0
1584,1584,45,SETrain2-Moses,hsplit,73.83951838547922,72.66885933207284,-13.450000000000005,0.7248314023017883,117.96108096976656,1.5294033984192643,0.49999999999960415,1.0,0.8856561113479238,0.8234858322131858,0.7850040396054586,0.0760456472635269,50.0
1585,1585,46,SETrain2-Moses,hsplit,93.91044157537527,64.91693053628808,-9.130000000000004,0.9148151874542236,76.83659342561288,1.8757184327722327,0.49999999999966,1.0,0.8232409668812207,0.8016079028118396,0.648800907863511,0.518033504486084,50.0
1586,1586,47,SETrain2-Moses,hsplit,84.1354400365363,28.7458600876724,-7.232173913043479,0.7956675291061401,29.654061124616376,2.577732905364797,0.49999999999967826,1.0,0.8283597798695616,0.8033637459468421,0.69903963804245,1.5508522987365725,50.0
1587,1587,48,SETrain2-Moses,hsplit,78.47574847738748,36.56014233780478,-11.342307692307696,0.73641437292099,49.15743537106844,2.57128197651645,0.4999999999995634,1.0,0.8539052547867927,0.812230300705422,0.6583525929186079,0.4788624942302704,50.0
1588,1588,49,SETrain2-Moses,hsplit,70.0418991088418,79.9774618740136,-6.780000000000001,0.842268705368042,74.07923399850915,1.7535838231873682,0.49999999999969774,1.0,0.9538385856562642,0.8484904335517363,0.8265481094519297,1.853734254837036,50.0
1589,1589,50,SETrain2-Moses,hsplit,100.00000000000004,82.2699790242268,-7.745217391304351,0.8395288586616516,32.726524064014804,2.7904317785050408,0.4999999999995943,0.945709563544548,0.834195735193437,0.7832090191841369,0.6468065505226454,0.98034930229187,50.0
1590,1590,51,SETrain2-Moses,hsplit,68.8836505346656,32.19566641561527,-6.104210526315793,0.8149159550666809,74.65561667392647,1.8184795136244465,0.49999999999966355,1.0,0.8539052547867927,0.8122303007054426,0.7913440050902191,0.4524776339530945,100.0
1591,1591,52,SETrain2-Moses,hsplit,66.29849663362423,78.59891782800076,-16.75823529411765,0.8450568914413452,29.461632603503386,2.959791655188112,0.4999999999994566,1.0,0.9418665108400844,0.8440206403956266,0.5663943323824141,-0.7948600649833679,33.33333333333333
1592,1592,53,SETrain2-Moses,hsplit,62.63097913318162,56.80096219569904,-9.080909090909092,0.7009689211845398,124.57099964163766,1.217796472061667,0.4999999999995565,1.0,1.0,0.8660254037843532,0.5485073225365744,0.7960946559906006,50.0
1593,1593,54,SETrain2-Moses,hsplit,58.35361904982744,72.32532513782516,-9.995,0.6752061247825623,39.9944418963174,2.743563757323882,0.4999999999995411,1.0,0.7150892895023223,0.7662359714779943,0.7517269207264095,0.8410998582839966,43.75
1594,1594,55,SETrain2-Moses,hsplit,51.68274638299409,67.44980599372464,-21.037142857142857,0.8106804490089417,16.729669050207953,3.828466682297408,0.4999999999994583,1.0,0.8250319360373342,0.8022214356566334,0.7600842613128967,-1.0339124202728271,25.0
1595,1595,56,SETrain2-Moses,hsplit,58.26015431715732,66.80677936825175,-18.6175,0.5197812914848328,39.4189642420268,2.7577874874038537,0.5010548184050366,0.9118385937629373,0.703480953268073,0.7251186118453155,0.3992510242042718,-0.2158543914556503,45.83333333333333
1596,1596,57,SETrain2-Moses,hsplit,44.511023261452166,61.83462111045717,-8.333333333333332,0.5872430205345154,64.50900268005644,1.9967678693472544,0.49999999999961464,1.0,0.852208908566192,0.8116362124004397,0.5575569357190814,1.4984105825424194,50.0
1597,1597,58,SETrain2-Moses,hsplit,84.66657105524214,77.1158792110045,-17.288,0.911137044429779,51.387855231786965,2.405815390355671,0.49999999999953537,1.0,0.8710090609485951,0.8182617316103874,0.749252630604638,-0.4544004201889038,23.4375
1598,1598,59,SETrain2-Moses,hsplit,96.21954581957615,73.26956092790822,-11.344285714285714,0.8166640996932983,35.44085928749541,2.111830265919635,0.499999999999575,1.0,0.8828151687479436,0.8224683625467578,0.5060302743205318,0.5184738039970398,50.0
1599,1599,60,SETrain2-Moses,hsplit,100.00000000000004,75.90876588762771,-14.514285714285714,0.9402937293052672,75.68190071709293,2.0822649229701886,0.48224558225321207,1.0,0.9003884411816577,0.8252797801586794,0.7904978946087853,-0.1319039314985275,25.0
1600,1600,61,SETrain2-Moses,hsplit,69.62583788234936,69.92087825744994,-14.214634146341464,0.4298698008060455,127.12046903757845,1.7386837751914284,0.5046870712057822,0.9357617624894636,0.7532896985377232,0.7522864006708064,0.1759999969175884,0.0201915707439184,100.0
1601,1601,62,SETrain2-Moses,hsplit,76.67124947826547,73.4207767424687,-9.98076923076923,0.840323805809021,57.11116315865154,2.116694972060901,0.49999999999950695,1.0,0.8382616395675669,0.8067801386519982,0.6902886341068061,1.3157414197921753,30.555555555555557
1602,1602,63,SETrain2-Moses,hsplit,81.53551038173119,71.77178880206083,-8.350000000000005,0.8837969899177551,159.2673596305249,1.517926617000331,0.49999999999963873,1.0,1.0,0.8660254037843691,0.9017137421502008,2.583213329315185,50.0
1603,1603,64,SETrain2-Moses,hsplit,73.98250890462656,70.69419612851152,-5.5238095238095255,0.7288221120834351,35.26013346438428,2.3495423860473004,0.4999999999996496,0.922182649431038,0.9683745714613768,0.8242512055525111,0.8005903894371458,1.8792649507522583,100.0
1604,1604,65,SETrain2-Moses,hsplit,90.36020036098444,71.98684843421687,-4.823333333333334,0.9335945844650269,585.1120010490367,-0.2567893326319849,0.49999999999973754,1.0,0.8539052547867927,0.8122303007054578,0.7032272572870607,2.501507043838501,100.0
1605,1605,66,SETrain2-Moses,hsplit,73.83268879885718,76.34185395186873,-16.35481481481482,0.8677638173103333,48.85388964778017,2.5082237257588225,0.49999999999949946,1.0,0.9060301788752817,0.8308410768677474,0.6717426633393322,-0.8398030996322632,25.0
1606,1606,67,SETrain2-Moses,hsplit,90.2630611306667,79.54279173094841,-13.810000000000004,0.7939942479133606,42.88214397406697,2.2171939161654066,0.4999999999995141,1.0,0.9806151904846834,0.8586047114958909,0.8337506723624688,-0.0993049591779708,25.0
1607,1607,68,SETrain2-Moses,hsplit,91.21679090703871,80.7044125465178,-4.910769230769231,0.7615828514099121,108.89612013759611,1.363979764362677,0.4999999999997077,1.0,0.8651346623091,0.8161817575206289,0.5232564558585485,2.387631893157959,100.0
1608,1608,69,SETrain2-Moses,hsplit,65.8198946244535,63.38928525431186,-11.762727272727272,0.8572822809219359,71.68548758514275,2.427848350846804,0.4999999999995496,1.0,0.7387940614078367,0.7736960353116797,0.7667803071983277,0.7960379123687744,50.0
1609,1609,70,SETrain2-Moses,hsplit,90.36020036098444,31.645396526268787,-5.806666666666668,0.8652358651161194,20.551574093644486,2.241474986259554,0.4999999999997264,1.0,1.0,0.866025403784386,0.4298122028509776,3.6311986446380615,50.0
1610,1610,1,SETrain2-Moses_LM,hsplit,76.16558815244116,72.5726811156307,-19.25081081081081,0.8165313005447388,61.50026248616538,2.0878339231038416,0.500153700020125,1.0,0.9021038709548866,0.8294466262988459,0.8591723507476113,-0.975791335105896,50.0
1611,1611,2,SETrain2-Moses_LM,hsplit,66.90849531405021,66.38313143050942,-12.402758620689657,0.5930878520011902,63.64730791384451,2.4146647281774944,0.49909632774373786,0.9534935820317897,0.7913846911093261,0.7712623601743879,0.7829617727107683,0.3884162604808808,30.555555555555557
1612,1612,3,SETrain2-Moses_LM,hsplit,93.91044157537527,80.12312608264631,-5.196666666666669,0.9436307549476624,132.09937214206582,0.9041495352609614,0.499999999999693,1.0,1.0,0.8660254037843795,0.9219901274751736,2.344151735305786,100.0
1613,1613,4,SETrain2-Moses_LM,hsplit,66.8124885609822,56.16706382581065,-9.830526315789475,0.7569348812103271,48.050049518123465,2.2788494414549048,0.499999999999687,1.0,1.0,0.8660254037843784,0.5197906176249186,1.07151460647583,33.33333333333333
1614,1614,5,SETrain2-Moses_LM,hsplit,71.3823086919509,43.245286207819824,-11.545714285714284,0.7286748290061951,53.5734234490493,1.864001484186856,0.49999999999950734,1.0,0.9152643759814905,0.8342079832472424,0.6860177827378114,0.3332691788673401,25.0
1615,1615,6,SETrain2-Moses_LM,hsplit,63.40466277046863,50.84440405273739,0.0,0.7878513932228088,71.08761672357655,2.1042759515532143,0.49999999999972006,1.0,0.8323657214460987,0.8047427527349355,0.8021823396285376,3.288316011428833,100.0
1616,1616,7,SETrain2-Moses_LM,hsplit,91.21679090703871,74.93814664867297,-6.726153846153847,0.927379310131073,41.11563504873945,2.3030357194818496,0.499999999999719,1.0,1.0,0.8660254037843845,0.6645540992418925,0.6918296813964844,100.0
1617,1617,8,SETrain2-Moses_LM,hsplit,78.9753432553337,71.60648275185798,-9.073076923076924,0.7541890144348145,105.41562014246368,1.2908301350825166,0.4999999999995733,1.0,0.9025154083171837,0.8295649587282694,0.6274003734191259,0.6670912504196167,100.0
1618,1618,9,SETrain2-Moses_LM,hsplit,80.29567848001706,33.28971005151726,-13.72848484848485,0.7403323650360107,54.34013561499703,2.5662822083824763,0.49999999999948264,1.0,0.8196119794536801,0.8003673733279116,0.5944532455117614,0.0814722180366516,20.0
1619,1619,10,SETrain2-Moses_LM,hsplit,53.81127111109757,67.43579415821311,-21.84000000000001,0.7558965682983398,12.390400221172372,3.6636167641980695,0.5102239268110458,0.9849072763190552,0.890321539855101,0.821186792142255,0.5783441203871583,-0.9404469728469848,33.33333333333333
1620,1620,11,SETrain2-Moses_LM,hsplit,63.516555527212894,67.9223481339115,-6.370000000000001,0.5126241445541382,28.86578749548313,3.4897890807097256,0.4999999999995686,1.0,0.820705507171015,0.8007408089805342,0.6034270758430164,2.289066791534424,50.0
1621,1621,12,SETrain2-Moses_LM,hsplit,93.91044157537527,32.065362963950896,-9.130000000000004,0.953506588935852,63.88672828521814,1.6703537469215142,0.49999999999962297,1.0,0.8629841436202931,0.8154225146388167,0.4648807247479757,1.275882601737976,33.33333333333333
1622,1622,13,SETrain2-Moses_LM,hsplit,77.7811122305422,71.47342721420637,-7.163333333333334,0.8325281143188477,26.80060580384264,2.9831835519359404,0.499999999999664,1.0,0.9638116398260302,0.8522387922532443,0.7944272613083875,0.9747598171234132,50.0
1623,1623,14,SETrain2-Moses_LM,hsplit,72.8041078836301,70.94040114516756,-13.810000000000004,0.765471875667572,55.46540361406091,2.056780175713342,0.4999999999995665,1.0,0.8850450234040537,0.8232668043536165,0.4959486807235563,0.2449894994497299,100.0
1624,1624,15,SETrain2-Moses_LM,hsplit,61.74459472770462,56.103147493470686,-9.825,0.773965060710907,36.32967557717997,2.2640377824995195,0.4999999999996817,1.0,1.0,0.8660254037843774,0.7613360837653831,0.7209151387214661,100.0
1625,1625,16,SETrain2-Moses_LM,hsplit,91.93227152249176,81.37673229387333,-3.355714285714285,0.940155267715454,12.905608833834073,3.609547658136389,0.499999999999697,1.0,0.9491812537948106,0.846747709878841,0.874327152147495,2.613022565841675,100.0
1626,1626,17,SETrain2-Moses_LM,hsplit,90.36020036098444,30.66473573976588,-4.823333333333334,0.8807502985000609,30.8107115087339,3.077817765222748,0.4999999999997274,1.0,1.0,0.8660254037843862,0.8396272659301758,1.5012614727020264,50.0
1627,1627,18,SETrain2-Moses_LM,hsplit,80.91067115702207,72.66414141414141,-10.740000000000002,0.9207056164741516,61.81988890424019,2.368450692441,0.4999999999997364,1.0,1.0,0.8660254037843879,0.4803538786040412,1.4710445404052734,100.0
1628,1628,19,SETrain2-Moses_LM,hsplit,89.31539818068698,68.99964334390563,-8.009090909090911,0.8463141322135925,92.33264637941078,1.6840108586759708,0.49999999999969025,1.0,1.0,0.8660254037843791,0.4969572689798143,1.1946791410446167,100.0
1629,1629,20,SETrain2-Moses_LM,hsplit,74.43733193120507,71.42780716601219,-6.725263157894738,0.820761501789093,27.72653345236055,2.5010335577129763,0.4999999999996689,1.0,0.966246065333682,0.853157167774006,0.7652403016885122,1.0592174530029297,50.0
1630,1630,21,SETrain2-Moses_LM,hsplit,40.40910164157909,58.98809366102552,-2.846666666666668,0.7188954353332521,21.572019169779768,2.948207515634084,0.4999999999997099,1.0,0.8191625434293492,0.8002139864972265,0.8594569109735035,3.5188801288604736,100.0
1631,1631,22,SETrain2-Moses_LM,hsplit,74.92587131922659,84.10902255639098,-8.39294117647059,0.8622851967811584,98.33146791515858,1.5395636860111734,0.4999999999996358,1.0,1.0,0.8660254037843685,0.8385026049613953,0.8753989338874817,33.33333333333333
1632,1632,23,SETrain2-Moses_LM,hsplit,95.3358935105968,73.68185008321908,-9.284347826086956,0.8367770314216614,60.236990799908526,2.4725874718270404,0.4999999999996036,1.0,1.0,0.8660254037843623,0.8566987926577345,1.601602554321289,33.33333333333333
1633,1633,24,SETrain2-Moses_LM,hsplit,93.51334836242394,72.1554546326866,-7.698823529411764,0.9497602581977844,53.60072609003699,2.5794467734605613,0.4999999999996266,1.0,0.8562438630616513,0.8130505423056155,0.4897525012493134,0.6742222905158997,50.0
1634,1634,25,SETrain2-Moses_LM,hsplit,86.0139140475865,68.45720775692824,-15.873939393939397,0.7853552103042603,75.78536332829091,2.1559884251917456,0.4999999999994109,1.0,0.8539052547867927,0.8122303007053907,0.5050196792516444,-0.2353496849536896,100.0
1635,1635,26,SETrain2-Moses_LM,hsplit,80.40485692593748,79.51784766531463,-11.110370370370374,0.8043450713157654,45.63396320768635,2.16376355854352,0.49999999999955985,1.0,0.9217232082640678,0.8365750957828324,0.5511849793520841,1.0748131275177002,50.0
1636,1636,27,SETrain2-Moses_LM,hsplit,68.80430849756435,63.20569136745608,-9.736,0.7984211444854736,39.260865850601824,2.6483558002911542,0.49999999999954897,1.0,0.8458299041944192,0.8094088844807444,0.8313209246046672,1.1359021663665771,50.0
1637,1637,28,SETrain2-Moses_LM,hsplit,92.19602423775936,90.64028624785136,-12.29818181818182,0.7607737183570862,118.89011613519962,1.8413102123274028,0.4909109277793951,0.9481532874572038,0.7379108703048678,0.7493331809111389,0.7563251012137957,0.6148409843444824,37.5
1638,1638,29,SETrain2-Moses_LM,hsplit,71.89085812023328,69.90614328704167,-6.310588235294119,0.8358284235000609,20.68407065845908,3.1071029550730915,0.49999999999962375,1.0,0.8562438630616513,0.8130505423056149,0.6983725527922312,2.824469804763794,50.0
1639,1639,30,SETrain2-Moses_LM,hsplit,76.26229343602779,79.41318403592871,-7.163333333333334,0.8147372603416443,51.272645944101626,1.7817158931017794,0.49999999999962275,1.0,0.8629841436202931,0.8154225146388165,0.8558793722006379,1.398447036743164,50.0
1640,1640,31,SETrain2-Moses_LM,hsplit,93.51334836242394,82.60140043545216,-8.39294117647059,0.9556393027305604,41.55333675949723,2.910632689448214,0.4999999999996282,1.0,0.8310796714321521,0.8042995752552656,0.6898110787073771,2.0980324745178223,100.0
1641,1641,32,SETrain2-Moses_LM,hsplit,42.60976752428753,63.08339002009467,-11.762727272727272,0.6680588126182556,115.4434967026224,1.9683816415956443,0.499999999999564,1.0,0.830571341107964,0.8041245244922053,0.6416982445773051,1.7993011474609375,50.0
1642,1642,33,SETrain2-Moses_LM,hsplit,79.12619863720215,67.17793013516699,-12.314736842105264,0.8534080982208252,71.59243543455172,2.0026092947189413,0.4999999999996274,1.0,0.8539052547867927,0.8122303007054351,0.7325299883645678,-0.1264040321111679,100.0
1643,1643,34,SETrain2-Moses_LM,hsplit,91.21679090703871,64.79046416546417,-5.818461538461541,0.9256110191345216,75.42646922656081,1.3641410493024488,0.49999999999971406,1.0,0.8987464483806931,0.8281998910240256,0.6382051706314087,1.1043870449066162,50.0
1644,1644,35,SETrain2-Moses_LM,hsplit,96.82132340352992,81.47100276511783,-15.873939393939397,0.91123628616333,69.38599587414707,2.0957068736239868,0.4999999999994216,1.0,0.9538385856562642,0.8484904335516821,0.7984125191621,0.205373153090477,100.0
1645,1645,36,SETrain2-Moses_LM,hsplit,85.21019764478477,50.36339190125037,-15.532258064516126,0.8758282661437988,43.09971678982728,2.4806831826868208,0.49999999999944417,1.0,0.8249133195299162,0.8021807744594959,0.7258432830802697,0.0642661452293396,50.0
1646,1646,37,SETrain2-Moses_LM,hsplit,94.85438370694511,82.14942901701589,-13.952380952380953,0.93572735786438,40.7512158402274,2.6572335677040706,0.499999999999576,1.0,0.8271435781229007,0.8029459298586116,0.8275653287768364,0.0063722562044858,50.0
1647,1647,38,SETrain2-Moses_LM,hsplit,91.9719048477977,77.15879780378123,-10.501428571428573,0.7791685461997986,61.59893425884121,2.301828589700413,0.49999999999947736,1.0,0.959425654374591,0.8505875589402088,0.7338607297451407,1.6252009868621826,16.666666666666664
1648,1648,39,SETrain2-Moses_LM,hsplit,84.08964152537146,30.45325045325045,-0.8049999999999997,0.8886639475822449,92.37606783595314,1.310940832565472,0.4999999999997667,1.0,1.0,0.8660254037843937,0.3557531138261159,3.5393383502960205,100.0
1649,1649,40,SETrain2-Moses_LM,hsplit,79.64269516620871,30.277120184052148,-18.51913043478261,0.8757233619689941,100.34731644345956,1.8811573937764885,0.4999999999995629,1.0,0.8499160394323872,0.8108344002906303,0.7140460926956601,-0.922897458076477,28.7037037037037
1650,1650,41,SETrain2-Moses_LM,hsplit,86.33493061860986,28.478081479655696,-17.415000000000006,0.8083577156066895,52.43833355825838,2.1877871605666286,0.5006153076202112,0.9660394364531772,0.8000165742092422,0.7797167002648981,0.4244032190414429,-0.8293472528457642,20.0
1651,1651,42,SETrain2-Moses_LM,hsplit,72.41577342575832,65.232678564815,-7.566666666666666,0.8932754993438721,88.09694893848815,1.9267164254592224,0.49999999999971995,1.0,0.8596672499955091,0.8142538057867381,0.7982152068047298,0.8604292869567871,50.0
1652,1652,43,SETrain2-Moses_LM,hsplit,85.23093348287141,80.47136671249949,-14.467027027027026,0.8835105895996094,24.93059305244912,2.3290967155383844,0.499999999999403,1.0,0.9847505286315478,0.8601809119093331,0.8059989403164575,0.242605522274971,100.0
1653,1653,44,SETrain2-Moses_LM,hsplit,100.00000000000004,92.41402116402116,-5.041428571428573,0.897551953792572,81.78783788835776,1.928696564483508,0.49999999999967315,1.0,0.834195735193437,0.8053741417532996,0.6625088453292847,3.4160497188568115,100.0
1654,1654,45,SETrain2-Moses_LM,hsplit,73.83951838547922,72.66885933207284,-13.450000000000005,0.7248314023017883,117.96108096976656,1.5294033984192643,0.49999999999960415,1.0,0.8856561113479238,0.8234858322131858,0.7850040396054586,0.0760456621646881,50.0
1655,1655,46,SETrain2-Moses_LM,hsplit,93.91044157537527,64.91693053628808,-9.130000000000004,0.9148151874542236,76.83659342561288,1.8757184327722327,0.49999999999966,1.0,0.8232409668812207,0.8016079028118396,0.648800907863511,0.518033504486084,50.0
1656,1656,47,SETrain2-Moses_LM,hsplit,84.1354400365363,28.7458600876724,-7.232173913043479,0.7956675291061401,29.654061124616376,2.577732905364797,0.49999999999967826,1.0,0.8283597798695616,0.8033637459468421,0.69903963804245,1.5508522987365725,50.0
1657,1657,48,SETrain2-Moses_LM,hsplit,78.47574847738748,36.56014233780478,-11.342307692307696,0.73641437292099,49.15743537106844,2.57128197651645,0.4999999999995634,1.0,0.8539052547867927,0.812230300705422,0.6583525929186079,0.4788624942302704,50.0
1658,1658,49,SETrain2-Moses_LM,hsplit,70.0418991088418,79.9774618740136,-6.780000000000001,0.842268705368042,74.07923399850915,1.7535838231873682,0.49999999999969774,1.0,0.9538385856562642,0.8484904335517363,0.8265481094519297,1.853734254837036,50.0
1659,1659,50,SETrain2-Moses_LM,hsplit,100.00000000000004,82.2699790242268,-7.745217391304351,0.8395288586616516,32.726524064014804,2.7904317785050408,0.4999999999995943,0.945709563544548,0.834195735193437,0.7832090191841369,0.6468065505226454,0.98034930229187,50.0
1660,1660,51,SETrain2-Moses_LM,hsplit,68.8836505346656,32.19566641561527,-6.104210526315793,0.8149159550666809,74.65561667392647,1.8184795136244465,0.49999999999966355,1.0,0.8539052547867927,0.8122303007054426,0.7913440050902191,0.4524776339530945,100.0
1661,1661,52,SETrain2-Moses_LM,hsplit,66.29849663362423,78.59891782800076,-16.75823529411765,0.8450568914413452,29.461632603503386,2.959791655188112,0.4999999999994566,1.0,0.9418665108400844,0.8440206403956266,0.5663943323824141,-0.7948601245880127,33.33333333333333
1662,1662,53,SETrain2-Moses_LM,hsplit,62.63097913318162,56.80096219569904,-9.080909090909092,0.7009689211845398,124.57099964163766,1.217796472061667,0.4999999999995565,1.0,1.0,0.8660254037843532,0.5485073225365744,0.7960946559906006,50.0
1663,1663,54,SETrain2-Moses_LM,hsplit,58.35361904982744,72.32532513782516,-9.995,0.6752061247825623,39.9944418963174,2.743563757323882,0.4999999999995411,1.0,0.7150892895023223,0.7662359714779943,0.7517269207264095,0.841099739074707,43.75
1664,1664,55,SETrain2-Moses_LM,hsplit,51.68274638299409,67.44980599372464,-21.037142857142857,0.8106804490089417,16.729669050207953,3.828466682297408,0.4999999999994583,1.0,0.8250319360373342,0.8022214356566334,0.7600842613128967,-1.0339124202728271,25.0
1665,1665,56,SETrain2-Moses_LM,hsplit,58.26015431715732,66.80677936825175,-18.6175,0.5197812914848328,39.4189642420268,2.7577874874038537,0.5010548184050366,0.9118385937629373,0.703480953268073,0.7251186118453155,0.3992510242042718,-0.2158543914556503,45.83333333333333
1666,1666,57,SETrain2-Moses_LM,hsplit,44.511023261452166,61.83462111045717,-8.333333333333332,0.5872430205345154,64.50900268005644,1.9967678693472544,0.49999999999961464,1.0,0.852208908566192,0.8116362124004397,0.5575569357190814,1.4984105825424194,50.0
1667,1667,58,SETrain2-Moses_LM,hsplit,84.66657105524214,77.1158792110045,-17.288,0.911137044429779,51.387855231786965,2.405815390355671,0.49999999999953537,1.0,0.8710090609485951,0.8182617316103874,0.749252630604638,-0.4544004201889038,23.4375
1668,1668,59,SETrain2-Moses_LM,hsplit,96.21954581957615,73.26956092790822,-11.344285714285714,0.8166640996932983,35.44085928749541,2.111830265919635,0.499999999999575,1.0,0.8828151687479436,0.8224683625467578,0.5060302743205318,0.5184738636016846,50.0
1669,1669,60,SETrain2-Moses_LM,hsplit,100.00000000000004,75.90876588762771,-14.514285714285714,0.9402937293052672,75.68190071709293,2.0822649229701886,0.48224558225321207,1.0,0.9003884411816577,0.8252797801586794,0.7904978946087853,-0.1319038867950439,25.0
1670,1670,61,SETrain2-Moses_LM,hsplit,69.62583788234936,69.92087825744994,-14.214634146341464,0.4298698008060455,127.12046903757845,1.7386837751914284,0.5046870712057822,0.9357617624894636,0.7532896985377232,0.7522864006708064,0.1759999969175884,0.020191578194499,100.0
1671,1671,62,SETrain2-Moses_LM,hsplit,76.67124947826547,73.4207767424687,-9.98076923076923,0.840323805809021,57.11116315865154,2.116694972060901,0.49999999999950695,1.0,0.8382616395675669,0.8067801386519982,0.6902886341068061,1.3157415390014648,30.555555555555557
1672,1672,63,SETrain2-Moses_LM,hsplit,81.53551038173119,71.77178880206083,-8.350000000000005,0.8837969899177551,159.2673596305249,1.517926617000331,0.49999999999963873,1.0,1.0,0.8660254037843691,0.9017137421502008,2.583213329315185,50.0
1673,1673,64,SETrain2-Moses_LM,hsplit,73.98250890462656,70.69419612851152,-5.5238095238095255,0.7288221120834351,35.26013346438428,2.3495423860473004,0.4999999999996496,0.922182649431038,0.9683745714613768,0.8242512055525111,0.8005903894371458,1.8792649507522583,100.0
1674,1674,65,SETrain2-Moses_LM,hsplit,90.36020036098444,71.98684843421687,-4.823333333333334,0.9335945844650269,585.1120010490367,-0.2567893326319849,0.49999999999973754,1.0,0.8539052547867927,0.8122303007054578,0.7032272572870607,2.501507043838501,100.0
1675,1675,66,SETrain2-Moses_LM,hsplit,73.83268879885718,76.34185395186873,-16.35481481481482,0.8677638173103333,48.85388964778017,2.5082237257588225,0.49999999999949946,1.0,0.9060301788752817,0.8308410768677474,0.6717426633393322,-0.839803159236908,25.0
1676,1676,67,SETrain2-Moses_LM,hsplit,90.2630611306667,79.54279173094841,-13.810000000000004,0.7939942479133606,42.88214397406697,2.2171939161654066,0.4999999999995141,1.0,0.9806151904846834,0.8586047114958909,0.8337506723624688,-0.0993049889802932,25.0
1677,1677,68,SETrain2-Moses_LM,hsplit,91.21679090703871,80.7044125465178,-4.910769230769231,0.7615828514099121,108.89612013759611,1.363979764362677,0.4999999999997077,1.0,0.8651346623091,0.8161817575206289,0.5232564558585485,2.38763165473938,100.0
1678,1678,69,SETrain2-Moses_LM,hsplit,65.8198946244535,63.38928525431186,-11.762727272727272,0.8572822809219359,71.68548758514275,2.427848350846804,0.4999999999995496,1.0,0.7387940614078367,0.7736960353116797,0.7667803071983277,0.7960379123687744,50.0
1679,1679,70,SETrain2-Moses_LM,hsplit,90.36020036098444,31.645396526268787,-5.806666666666668,0.8652358651161194,20.551574093644486,2.241474986259554,0.4999999999997264,1.0,1.0,0.866025403784386,0.4298122028509776,3.6311986446380615,50.0
1680,1680,1,SBMT-SARI,hsplit,53.941888662825725,52.34556731721805,-17.551052631578948,0.6935797333717346,53.236808274342,2.443772135257736,0.5086986852106316,0.8237809006765442,0.662568295990369,0.6773443416525219,0.7666522221624675,-0.6026772856712341,18.75
1681,1681,2,SBMT-SARI,hsplit,31.414618865300344,39.90403681271626,-8.619230769230771,0.4938348531723023,36.09990093233751,2.863795417090192,0.5261046398957647,0.8295043227210577,0.7080281317717161,0.6990868684488644,0.8075824534451519,1.327497482299805,22.22222222222222
1682,1682,3,SBMT-SARI,hsplit,73.31765459202478,63.6828155240158,-4.241052631578948,0.8570407629013062,137.77008204836753,1.0435183508048274,0.49848338282975607,0.9497623171783082,0.9226755956741425,0.8168770607098598,0.7859311495666153,3.3404135704040527,50.0
1683,1683,4,SBMT-SARI,hsplit,32.11551962765024,35.310014094928405,-8.008181818181821,0.6777163743972778,30.70192105563187,2.5095355360417635,0.5160365365650099,0.7203100501726689,0.9523577224470355,0.7510271870254916,0.2565674760511943,2.152463674545288,27.77777777777778
1684,1684,5,SBMT-SARI,hsplit,44.40141341055536,33.164937059485354,-10.87142857142857,0.5680218338966371,86.56640011037932,1.6358578418553509,0.5060546143960092,0.8424418500405769,0.8452428084674647,0.748383802763718,0.5830522343792297,-0.0694025754928588,18.75
1685,1685,6,SBMT-SARI,hsplit,63.40466277046863,50.84440405273739,0.0,0.7878513932228088,71.08761672357655,2.1042759515532143,0.49999999999972006,1.0,0.8323657214460987,0.8047427527349355,0.8021823396285376,3.288316011428833,100.0
1686,1686,7,SBMT-SARI,hsplit,42.502814134169775,41.80289491317297,-4.910769230769231,0.8303738236427307,34.672912322695645,2.743200647160501,0.5022537237265061,0.8765004014431751,1.0,0.8206728452367988,0.5086132122410668,2.4965708255767822,50.0
1687,1687,8,SBMT-SARI,hsplit,52.69093256178797,49.232129767821206,-6.803846153846155,0.4836627244949341,213.38247732182208,0.8018427677429207,0.5063713360363035,0.8370540107224306,0.879767107384543,0.7596186565335407,0.1989170039693514,1.717496037483215,33.33333333333333
1688,1688,9,SBMT-SARI,hsplit,33.88147925328834,24.90409357149672,-11.233333333333334,0.5522037148475647,74.53361337016514,2.30332707860473,0.515785865994969,0.7429823082701659,0.5703095758719376,0.6173358843433271,0.5319242776237397,0.1738864183425903,16.0
1689,1689,10,SBMT-SARI,hsplit,36.639507682365696,47.738970010479136,-19.566046511627903,0.6247657537460327,14.890332903673825,3.61900172313491,0.5071173817592791,0.8067794069228692,0.7180105617822631,0.6888638513639891,0.5007809173469969,-0.0483635067939758,19.444444444444443
1690,1690,11,SBMT-SARI,hsplit,63.516555527212894,67.9223481339115,-6.370000000000001,0.5126241445541382,28.86578749548313,3.4897890807097256,0.4999999999995686,1.0,0.820705507171015,0.8007408089805342,0.6034270758430164,2.289066791534424,50.0
1691,1691,12,SBMT-SARI,hsplit,66.54377827941899,26.338544467101546,-5.196666666666669,0.907840609550476,66.2359256695068,1.6919403970674751,0.5057652704524077,0.8118163508272954,0.8629841436202931,0.7437710060689365,0.4876501436034839,2.677130699157715,27.77777777777778
1692,1692,13,SBMT-SARI,hsplit,77.7811122305422,71.47342721420637,-7.163333333333334,0.8325281143188477,26.80060580384264,2.9831835519359404,0.499999999999664,1.0,0.9638116398260302,0.8522387922532443,0.7944272613083875,0.9747597575187684,50.0
1693,1693,14,SBMT-SARI,hsplit,35.144176820446354,41.114581646147535,-11.725806451612904,0.6259838342666626,75.46816550732761,1.9837065134078409,0.49481850049280773,0.8511725452086505,0.8219002648674572,0.740463840111075,0.3158451431628429,0.3360120356082916,83.33333333333333
1694,1694,15,SBMT-SARI,hsplit,24.441486307461748,29.03771724648013,-3.9250000000000007,0.5364078283309937,53.64594592346253,2.081122857395772,0.5180099201531753,0.5906979064997345,0.9177943375042622,0.6975205469076773,0.4353001779980129,1.4838449954986572,25.0
1695,1695,16,SBMT-SARI,hsplit,91.93227152249176,81.37673229387333,-3.355714285714285,0.940155267715454,12.905608833834073,3.609547658136389,0.499999999999697,1.0,0.9491812537948106,0.846747709878841,0.874327152147495,2.6130220890045166,100.0
1696,1696,17,SBMT-SARI,hsplit,57.83569866465144,25.248790679118542,-4.910769230769231,0.8106815218925476,37.18649202102284,3.0690696919335987,0.4944219310848039,0.8518641352608999,0.8897548763489364,0.766330931749493,0.6790638559394413,2.3533122539520264,37.5
1697,1697,18,SBMT-SARI,hsplit,20.556680845025987,35.59890401995665,-9.054285714285715,0.8997627496719359,62.90075522044175,2.420432379571281,0.506987872781417,0.8523470082496452,1.0,0.8131281419349079,0.4803205397393968,2.8795669078826904,100.0
1698,1698,19,SBMT-SARI,hsplit,63.15552371794039,45.49693050623159,-4.790909090909089,0.7410916686058044,78.5228738424886,1.9801384927223653,0.5048660844526277,0.8304570069114944,1.0,0.8050980485959305,0.4537861280971103,1.982292652130127,50.0
1699,1699,20,SBMT-SARI,hsplit,34.80442076026084,39.03982912027468,-5.483157894736844,0.7422680258750916,23.77818124797156,2.8153757867354376,0.5008262453310007,0.7742790947646512,0.966246065333682,0.7711390932412339,0.7042482681572437,1.9664692878723145,25.0
1700,1700,21,SBMT-SARI,hsplit,20.789290034925116,43.96150033246807,-0.7576470588235296,0.5586008429527283,107.1358885148279,1.4037834214630245,0.47742534748132043,0.7925953955957907,0.41853615011108475,0.5863204278910739,0.7098845653827228,3.996536254882813,83.33333333333333
1701,1701,22,SBMT-SARI,hsplit,42.90266441990912,47.22701640464799,-4.92235294117647,0.7986260056495667,99.56802166129722,1.602759694322594,0.5050544432208587,0.9520005072300742,0.8061434437980874,0.7770139870817621,0.7336372966898812,1.9077603816986084,17.59259259259259
1702,1702,23,SBMT-SARI,hsplit,83.18180062062373,69.21231178167776,-8.771304347826089,0.8018743991851807,61.4538282576309,2.3192237174903063,0.5101478466003196,0.9625750163896125,1.0,0.8537762172779637,0.8464260520758453,2.4987881183624268,33.33333333333333
1703,1703,24,SBMT-SARI,hsplit,76.24658586234858,63.30906483867011,-7.698823529411764,0.9258077144622804,36.71323272237061,2.76478670115888,0.4999999999996266,1.0,0.8562438630616513,0.8130505423056155,0.4319525348643461,0.6212853193283081,50.0
1704,1704,25,SBMT-SARI,hsplit,60.32717233156042,55.52066593755067,-13.981764705882352,0.7007122039794922,93.45061803631457,2.035242640507738,0.517133320886137,0.7919652834363944,0.724697628475066,0.6879492555066828,0.3398122045004533,0.2321526557207107,100.0
1705,1705,26,SBMT-SARI,hsplit,64.90199876318549,67.50221898297711,-10.922857142857143,0.7754437327384949,41.10892072610326,2.325381460117016,0.5011227802330761,0.9508312825004985,0.857521530662977,0.7938403164786241,0.5079307921908118,0.9881632328033448,37.5
1706,1706,27,SBMT-SARI,hsplit,52.79590156353285,57.81229857301215,-8.028333333333332,0.5373857021331787,114.24776473203616,1.5293407526389693,0.5078808032828707,0.8517198248762308,0.7176254114405911,0.7067191336440356,0.67401234079448,2.011213779449464,25.0
1707,1707,28,SBMT-SARI,hsplit,67.11946312399145,75.619203816037,-11.22545454545455,0.6825137734413147,112.01018254185956,2.0368069729145617,0.5060558800051508,0.9165734847258583,0.639460446251217,0.7083100001435568,0.6744145104572887,0.3412113785743713,32.5
1708,1708,29,SBMT-SARI,hsplit,44.47608928410894,48.368460243460255,-4.862105263157896,0.7131335735321045,36.286367078519454,2.5271985939303256,0.505602530309608,0.8919472513472582,0.5452564227813881,0.6704496959568164,0.5910728611052036,3.1616427898406982,31.25
1709,1709,30,SBMT-SARI,hsplit,54.02185148945296,57.67981130795596,-5.780000000000001,0.7200788855552673,47.24886798572642,1.7814431073664778,0.5077460726519818,0.9012411157323721,0.8158859875743867,0.7606382337003302,0.7963212845535865,1.7532448768615725,37.5
1710,1710,31,SBMT-SARI,hsplit,76.24658586234858,64.05328583219051,-7.698823529411764,0.8724223375320435,81.15457171456505,2.3741879712076184,0.509812947666815,0.9322093590441698,0.8310796714321521,0.7788061271300756,0.6321763389978279,2.697816133499145,75.0
1711,1711,32,SBMT-SARI,hsplit,37.73540441123005,52.84598756399188,-11.849565217391303,0.6679147481918335,176.1147731031785,1.841869024751556,0.4942626779444055,0.8044865530371601,0.4694505907871474,0.6087906224685101,0.5423719086494521,1.7531187534332275,25.0
1712,1712,33,SBMT-SARI,hsplit,34.03336518440548,49.42288067973021,-9.910000000000004,0.7303339838981628,143.7742775342355,1.3398277270846417,0.49230851311149904,0.793025666990398,0.6266420650893217,0.6490859363564094,0.5769733993674921,0.4719049036502838,50.0
1713,1713,34,SBMT-SARI,hsplit,67.0342089635179,49.02300190665776,-4.003076923076924,0.8724626302719116,65.26844958816352,1.7117949634414804,0.5012827491495091,0.9054922369349724,0.8987464483806931,0.7914008180059161,0.6683790259891086,3.4779469966888428,31.25
1714,1714,35,SBMT-SARI,hsplit,58.60282437026554,52.57113037345152,-15.37,0.7674011588096619,102.32092765877528,1.9639989861054328,0.4976782853794034,0.9316350816769058,0.8422651868717972,0.7799654364490565,0.6925197192177428,-0.1765894740819931,100.0
1715,1715,36,SBMT-SARI,hsplit,70.32988274180978,35.27536995839618,-13.629032258064516,0.7085704207420349,64.01513924045338,2.167021875887801,0.5037023329873155,0.860860443409046,0.7582682101137461,0.7233642286226186,0.4183076896932391,0.6164437532424927,41.66666666666666
1716,1716,37,SBMT-SARI,hsplit,81.51678595510181,65.17174248504172,-11.762727272727272,0.8675466179847717,38.128967047465736,2.819063713345391,0.48677163084719893,0.9342995572234228,0.6632397583021762,0.7187371471820684,0.787296622619033,1.5538721084594729,37.5
1717,1717,38,SBMT-SARI,hsplit,72.84564468936206,64.17246762300407,-10.368275862068966,0.7606865167617798,58.671733260326775,2.492640261504443,0.5007077686307402,0.940867177590959,0.8814994120942539,0.7985362711356462,0.7459174513264938,1.613184690475464,13.88888888888889
1718,1718,39,SBMT-SARI,hsplit,35.49481056010054,20.147907647907648,0.0,0.7724686861038208,61.47551665081565,1.803857447351588,0.505510222470027,0.8067899500006963,0.6226650998516229,0.6568009427056404,0.3127467243207825,3.196314573287964,50.0
1719,1719,40,SBMT-SARI,hsplit,38.575777329142426,20.379273504273502,-14.927826086956523,0.6696667671203613,143.93932013488225,1.8361978256243343,0.5119967454603709,0.8310441191766367,0.8499160394323872,0.7472465611529033,0.5968935014804204,-0.4803699254989624,21.29629629629629
1720,1720,41,SBMT-SARI,hsplit,53.34913566261969,31.529341781266734,-14.790243902439029,0.6687492728233337,41.59900378725488,2.6214405558012586,0.5160891415698422,0.7643099232233984,0.7995791674038295,0.7047090429698049,0.3718826230265137,-0.5868663191795349,11.0
1721,1721,42,SBMT-SARI,hsplit,64.75445426291286,58.79623300675932,-5.993333333333336,0.8514194488525391,113.29934622016624,1.8249893817270628,0.500947516981635,0.8954914282972152,0.6925067979092195,0.7147071610280518,0.7691274368556547,1.0530084371566772,50.0
1722,1722,43,SBMT-SARI,hsplit,76.90564476032691,70.5574408908492,-13.824736842105263,0.85334312915802,22.539787000354856,2.5070252918402223,0.5051044052175591,0.9412504603308403,0.9315508060146597,0.8183051169805724,0.7475246286817958,0.3335506021976471,50.0
1723,1723,44,SBMT-SARI,hsplit,78.2542290036643,77.1300445483882,-4.19857142857143,0.8424428105354309,102.337468948176,1.8531215167883923,0.5011839488930322,1.0,0.707727290369551,0.7642127252194116,0.5737450360542251,3.7586176395416255,100.0
1724,1724,45,SBMT-SARI,hsplit,59.288707460462895,56.84950539597647,-11.090000000000003,0.6253746151924133,107.95238130650225,1.6788553644666766,0.5044394423590941,0.9056022350905399,0.8856561113479238,0.7871808997463589,0.6041082796596345,0.4572416841983795,37.5
1725,1725,46,SBMT-SARI,hsplit,54.01725898595142,42.57902362309349,-1.1571052631578986,0.8670504093170166,66.15613005232287,2.259666572699217,0.5110166029752045,0.754058955824924,0.598653356457266,0.6293193991855124,0.4387121581368976,1.6669981479644775,31.25
1726,1726,47,SBMT-SARI,hsplit,48.818735766276944,23.304978801920694,-6.206086956521741,0.6430602669715881,47.00805211779564,2.227423670659672,0.5072717654122968,0.8167579338701464,0.8283597798695616,0.7327114237383153,0.5392404800901811,1.3442366123199463,43.75
1727,1727,48,SBMT-SARI,hsplit,39.81441758713082,34.105424821385924,-8.488148148148152,0.5356036424636841,79.24012320335869,2.2648234155172955,0.5128144416216864,0.699135007720064,0.6847469560380901,0.6378732382845685,0.5549453812340894,1.3601155281066897,25.0
1728,1728,49,SBMT-SARI,hsplit,70.0418991088418,79.9774618740136,-6.780000000000001,0.842268705368042,74.07923399850915,1.7535838231873682,0.49999999999969774,1.0,0.9538385856562642,0.8484904335517363,0.8265481094519297,1.853734254837036,50.0
1729,1729,50,SBMT-SARI,hsplit,87.87419089273848,67.550035656209,-6.206086956521741,0.8238604664802551,38.02014387676645,2.7236792007396424,0.5048276238481765,0.8899839608363181,0.7504945433088132,0.7326127762746159,0.6158268871820636,1.0478858947753906,50.0
1730,1730,51,SBMT-SARI,hsplit,26.45905418451268,22.90862131593525,-4.400000000000002,0.6421427726745605,57.6046155440769,1.869651393968245,0.5074234349391066,0.8063597968986801,0.6676939365862825,0.6716918582539588,0.6718847285345118,1.599961757659912,50.0
1731,1731,52,SBMT-SARI,hsplit,61.2606210289125,75.30133364127893,-16.265714285714285,0.7822343111038208,35.421632852292745,2.892433479108462,0.494475448561032,0.9479364003755605,0.9158254029876257,0.8127782717617508,0.4278919280679137,-0.8556818962097168,33.33333333333333
1732,1732,53,SBMT-SARI,hsplit,29.88685861808017,34.57507210138789,-6.399090909090912,0.6018798351287842,142.2748586303466,1.443677879504078,0.5196379878857877,0.8803415265963753,0.8844099093531432,0.7804284570384104,0.4718137044045661,1.3228992223739624,25.0
1733,1733,54,SBMT-SARI,hsplit,54.27573895215842,75.12225408606987,-8.771304347826089,0.6185818910598755,32.386825893082964,3.2086162984617483,0.5016556964991069,0.9725099255589732,0.787614558355247,0.7784109209738034,0.4841635335926656,0.9084179997444152,43.75
1734,1734,55,SBMT-SARI,hsplit,32.63842817583681,45.15790652548422,-18.10296296296297,0.7482452988624573,26.14935338072368,3.4702525843768828,0.5148972471256646,0.9052410128666907,0.5100626043776217,0.6695133373971429,0.6813987231663601,-0.8958247900009155,17.1875
1735,1735,56,SBMT-SARI,hsplit,54.83610094122215,63.49987569512208,-17.96897959183673,0.4922177195549011,38.06019471048832,2.7604037223392903,0.5322074761050969,0.9248834236067428,0.60838271020764,0.7091740893377968,0.4097171050254945,-0.5775415301322937,45.83333333333333
1736,1736,57,SBMT-SARI,hsplit,40.63445373878516,59.54350675347408,-7.471818181818183,0.5338664650917053,52.65495656722534,2.392950187249506,0.5055841437214275,0.8652802371957323,0.6910602205510505,0.7028251190000014,0.5097163986592066,1.3119279146194458,37.5
1737,1737,58,SBMT-SARI,hsplit,33.307662668678184,44.14241867094117,-15.13714285714286,0.7660305500030518,52.82072784636285,2.6788491495310227,0.4908233574168028,0.8297273280532985,0.8117160807267272,0.7276074955667438,0.5975558934097338,-0.2705788314342499,10.9375
1738,1738,59,SBMT-SARI,hsplit,75.06346798217074,65.97367852286158,-9.658571428571433,0.6386979818344116,35.992741020886825,2.236648450298456,0.5004816414976858,0.8655190637239983,0.8433515702727395,0.7551703989227376,0.3978157907111164,1.5438408851623535,50.0
1739,1739,60,SBMT-SARI,hsplit,77.21947901921794,68.00258225183964,-11.704761904761904,0.7909072637557983,112.98847947530945,1.792906363514243,0.5035586764608762,0.893623646043747,0.9167304651913043,0.7942563203436311,0.7246556976011822,0.247516468167305,18.75
1740,1740,61,SBMT-SARI,hsplit,63.5568887504221,63.39429480155946,-12.695000000000006,0.3563291132450104,139.293342689564,1.7891509081863362,0.5082045753255713,0.8632504567740034,0.7582398106254256,0.7253506857421107,0.1326640526002103,-0.3704942464828491,75.0
1741,1741,62,SBMT-SARI,hsplit,57.39378806486586,61.150611857463474,-8.051111111111116,0.743483304977417,85.92817002070805,1.9311901930858075,0.5011977399486688,0.9555013402695399,0.6686896320262917,0.7328773907837512,0.5034389542629268,1.773823618888855,18.055555555555557
1742,1742,63,SBMT-SARI,hsplit,81.53551038173119,71.77178880206083,-8.350000000000005,0.8837969899177551,159.2673596305249,1.517926617000331,0.49999999999963873,1.0,1.0,0.8660254037843691,0.9017137421502008,2.5832135677337646,50.0
1743,1743,64,SBMT-SARI,hsplit,43.01826551487515,47.75909207300657,-4.400000000000002,0.5387178659439087,46.14947459905383,2.5738700173677893,0.4971512124104483,0.8042578038291011,0.876804724031722,0.7444856092420528,0.7176309870349038,3.07322645187378,25.0
1744,1744,65,SBMT-SARI,hsplit,90.36020036098444,71.98684843421687,-4.823333333333334,0.9335945844650269,585.1120010490367,-0.2567893326319849,0.49999999999973754,1.0,0.8539052547867927,0.8122303007054578,0.7032272572870607,2.501507043838501,100.0
1745,1745,66,SBMT-SARI,hsplit,70.00312562239203,72.1242990962392,-15.043703703703706,0.8329331874847412,54.73638529981205,2.4419902806669547,0.5193984467958334,0.9525640152971905,0.8118296583654537,0.7823512305809968,0.6594787179922014,-0.7686083912849426,21.875
1746,1746,67,SBMT-SARI,hsplit,55.60272926020418,48.25518544090778,-11.056666666666668,0.7291438579559326,43.31044175267053,2.3584280242660034,0.5146129072164842,0.6873911672002974,0.7870933754572463,0.6725198987656972,0.7742395972212155,1.2695903778076172,25.0
1747,1747,68,SBMT-SARI,hsplit,66.52049901111006,56.04272554930451,-4.003076923076924,0.5740375518798828,81.00722940127928,1.628656017113077,0.5108960241995469,0.7973648422030214,0.8651346623091,0.7405546171739651,0.4649844126154979,3.5191872119903564,50.0
1748,1748,69,SBMT-SARI,hsplit,28.29673911639464,40.5297910229901,-7.471818181818183,0.5148384571075441,358.38540693433504,0.7781319710726772,0.52434831170117,0.7948952162227344,0.5467507252083438,0.6339652756719684,0.4545095669006201,1.1187256574630735,18.75
1749,1749,70,SBMT-SARI,hsplit,48.32697830906218,21.953781512605048,-0.8900000000000006,0.7510342597961426,37.8263825845276,2.000198355626479,0.5062210094301954,0.8153399975780128,1.0,0.8002164336475975,0.2447485687832037,4.370738506317139,12.5
